Activity_67746_ActivityTips,abcj,h活动_Activity_A.csv,80,Activity,ActivityTips,,<Title:活动简介>\n1、活动期间，守密人可通过限时玩法「最终测试」和「成就奖励」收集活动货币「终末指针」，「终末指针」可在「回声」中兑换丰厚奖励，包括活动限定SR命轮「真理之门」、「无垢之芯」、「流明之芯」、「贤石碎屑」、「拟态凝晶」等。\n2、活动期间，完成「成就奖励」的任务可获得活动限定头像「以银钥之名：塔薇」、活动限定SR命轮「真理之门」、银芯和大量活动货币「终末指针」。\n\n<Title:活动时间>\n1、11 月 3 日 9:00 - 11 月 17 日 9:00（GMT+8），所有活动内容均可参与。\n2、11 月 17 日 9:00 - 11 月 24 日 9:00（GMT+8），仅保留「回声」和「成就奖励」，其他内容均已结束不可参与。\n\n<Title: 最终测试>\n1、「最终测试」包含 9 个关卡，每天自动开放 1 个。\n2、每次挑战将消耗 「灵啡肽」× 120 ，挑战不同的关卡除了获得不同的素材掉落外，还将获得活动货币「终末指针」。\n3、本次活动关卡为直接战斗的素材关卡，通关后可重现！每次「重现」消耗 「灵啡肽」× 120 。\n4、请注意：使用「重现」功能时，无法获得同调率。\n\n<Title: 终末指针加成>\n1、守密人拥有特定唤醒体或命轮（不要求上阵）可以使「最终测试」关卡任务报酬中的「终末指针」获得额外的掉落加成（包括重现），具体加成如下：\n·唤醒体「塔薇」：启灵0/1/2/3及以上，加成20%/30%/40%/50%\n·SSR命轮「隐世的转轮」：叠位0/1/2/3及以上，加成20%/30%/40%/50%\n·SR命轮「真理之门」：叠位0/1/2/3及以上，加成20%/30%/40%/50%\n2、不同唤醒体或命轮的「终末指针加成」以叠加的方式结算。\n3、特别的，癫狂难度首通挑战奖励不会受到「终末指针加成」影响。\n\n<Title: 回声>\n1、「回声」仅在 11 月 3 日 9:00 - 11 月 24 日 9:00（GMT+8）期间开放。\n2、11 月 24 日 9:00（GMT+8）后，剩余未兑换的「终末指针」将按照每个兑换「蔷薇金券」× 40 的比例进行回收，请守密人注意查收邮件。,<Title:イベント概要>\n1、イベント期間中、守秘者は期間限定の「最終試験」と「達成報酬」を通じてイベント通貨「終末の指針」を収集できます。「終末の指針」は「遥かな残響」で豪華な報酬と交換でき、限定SR命輪「真理の門」、ヘブンズコア、ルミナスコア、賢石の破片、擬態凝晶などが含まれます。\n2、イベント期間中、「達成報酬」の任務を完了すると、限定アイコン「銀の鍵の名のもとに：タヴィ」、限定SR命輪「真理の門」、シルバーコアと大量イベント通貨「終末の指針」を獲得できます。\n\n<Title:イベント期間>\n1、11月18日15:00 - 12月2日15:00、すべてのイベント内容に参加可能です。\n2、12月2日15:00 - 12月9日15:00、参加できるのは「遥かな残響」と「達成報酬」のみです。\n\n<Title:最終試験>\n1、「最終試験」には9つのステージがあり、毎日1つ自動で解放されます。\n2、各挑戦にはエンフェリン×20を消費し、ステージ毎に異なる素材ドロップと、イベント通貨「終末の指針」を獲得できます。\n3、各ステージは直接戦闘式で、ステージクリア後にそのステージの「リプレイ」機能が解放されます！「リプレイ」にはエンフェリン×120を消費します。\n※注意：「リプレイ」機能を使用すると同調率を獲得できません。\n\n<Title:終末の指針ボーナス>\n1、特定の覚醒体や命輪を所持すると適用されます。（参戦は不要）「最終試験」ステージ報酬のイベント通貨「終末の指針」の追加ドロップボーナスが得られます。（リプレイを含む）\n具体的なボーナスは以下の通り：\n・覚醒体「タヴィ」：霊知啓発0/1/2/3以上、ボーナス20%/30%/40%/50%\n・SSR命輪「隠世の輪廻」：強化0/1/2/3以上、ボーナス20%/30%/40%/50%\n・SR運命の札「真理の扉」：強化0/1/2/3以上、ボーナス20%/30%/40%/50%\n2、異なる覚醒体や命輪の「終末の指針ボーナス」は累計で計算されます。\n3、特に、超難度の初回クリア報酬は「終末針ボーナス」の影響を受けません。\n\n<Title:遥かな残響>\n1、「遥かな残響」は11月18日15:00 - 12月2日15:00の期間にのみ開放されます。\n2、12月9日15:00以降、未交換の「終末針」は、1つにつき「薔薇金券×40」の比率で回収されますので、守秘者はメールをご確認ください。
Activity_67746_UnlockConditionExplanation,abcl,h活动_Activity_A.csv,80,Activity,UnlockConditionExplanation,,完成 「调查行动」2-9·普通 后解锁,「調査」2–9·ノーマル クリア後に解放
Activity_67746_ActivityStageEndContent,abci,h活动_Activity_A.csv,80,Activity,ActivityStageEndContent,,活动已结束，当前仅可参与「回声」,イベントは終了し、現在は「遥かな残響」のみ参加可能です。
Activity_71098_ActivityName,abek,h活动_Activity_A.csv,101,Activity,ActivityName,,半步之隔·复刻,半歩の隔たり・復刻
Activity_71098_ActivityTips,aben,h活动_Activity_A.csv,101,Activity,ActivityTips,,<Title:活动简介>\n活动期间，守密人可通过限时玩法「虚无之门」和「成就奖励」收集活动货币「人偶零件」，「人偶零件」可在「师长的教诲」中换取奖励，包括活动限定SR命轮「牧羊人的手杖」、流明之芯、无垢之芯、贤石碎屑、拟态凝晶等。\n\n<Title:虚无之门>\n1、「虚无之门」包含 9 个无需探索直接战斗的素材关卡，每天开放 1 个。\n2、每次挑战将消耗 「灵啡肽」× 120 ，挑战成功将获得培养素材和活动货币。\n3、关卡通关后，解锁该关卡的「重现」功能。请注意：使用「重现」功能时，无法获得同调率。\n4、可以使用校友会助战来帮助你更轻松地通关。\n\n<Title:人偶零件加成>\n1、守密人拥有特定唤醒体或命轮（不要求上阵）可以使「虚无之门」关卡任务报酬中的「人偶零件」获得额外的掉落加成（包括重现），具体加成如下：\n·唤醒体「熔毁·朵尔」：启灵0/1/2/3及以上，加成20%/30%/40%/50%\n·SSR命轮「坠入虚无的人偶」：叠位0/1/2/3及以上，加成20%/30%/40%/50%\n·SR命轮「牧羊人的手杖」：叠位0/1/2/3及以上，加成20%/30%/40%/50%\n2、不同唤醒体或命轮的「人偶零件加成」以叠加的方式结算。 \n3、特别的，癫狂难度首通挑战奖励不会受到上述加成影响。\n\n<Title: 师长的教诲>\n1、每次「交换零件」将消耗 750「人偶零件」，随机获得「师长的教诲」中的五个物品奖励。\n2、「师长的教诲」的物品奖励分为「特殊物品」和「普通物品」两种，重置时可以使特殊物品奖励的剩余数量重置至上限，具体规则为：\n（1）前 5 次重置：当「特殊物品」无剩余数量后，守密人可以选择重置，重置后会将「特殊物品」和「普通物品」的剩余数量重置至上限；也可以选择继续交换，当「普通物品」也无剩余数量后，须进行重置才可以继续交换。\n（2）第 6 次及之后重置：当「普通物品」无剩余数量后才可以进行重置，重置会将「普通物品」的剩余数量重置至上限，「特殊物品」不再重置。\n\n<Title:活动时间>\n1、6 月 16 日 9:00 - 6 月 30 日 9:00（GMT+8），活动简介中的所有内容均可参与。\n2、6 月 30 日 9:00 - 7 月 7 日 9:00（GMT+8），仅保留「师长的教诲」和「成就奖励」，其他内容均已结束不可参与。\n3、7 月 7 日 9:00（GMT+8）后，剩余未兑换的「人偶零件」将按照每个兑换「蔷薇金券」× 40 的比例进行回收，请守密人注意查收邮件。,<Title:イベント概要>\n1、イベント期間中、守秘者は期間限定の「虚無の扉」と「達成報酬」を通じてイベント通貨「人形パーツ」を集めることができます。「人形パーツ」は「師長の教え」にて、イベント限定のSR命輪「羊飼いの杖」やルミナスコア、ヘブンズコア、賢石の破片、擬態凝晶などの報酬と交換できます。\n\n<Title:虚無の扉>\n1、「虚無の扉」には探索なしで直接戦闘を行う9つのステージがあり、毎日自動的に1つ解放されます。\n2、各挑戦には「エンフェリン」×120を消費し、クリア時に素材とイベント通貨を獲得できます。\n3、ステージをクリアすると、そのステージの「リプレイ」機能が解放されます。注意：リプレイ機能を使用する場合、同調率は獲得できません。\n4、フレンドの救援で、より簡単にクリアすることができます。\n\n<Title:人形パーツボーナス>\n1、守秘者が特定の覚醒体や命輪を所持している場合（編成は不要）、「虚無の扉」ステージ報酬の「人形パーツ」は、追加のドロップボーナス（リプレイを含む）を獲得できます。\n具体的なボーナスは以下の通り：\n・覚醒体「溶壊・ドール」：霊知啓発0/1/2/3以上で、ボーナス20%/30%/40%/50%\n・SSR命輪「虚無に堕ちた人形」：強化0/1/2/3以上で、ボーナス20%/30%/40%/50%\n・SR命輪「羊飼いの杖」：強化0/1/2/3以上で、ボーナス20%/30%/40%/50%\n2、異なる覚醒体や命輪の「人形パーツボーナス」は加算方式で計算されます。 \n3、超難度の初クリア報酬は、上記のボーナスの影響を受けません。\n\n<Title:師の教え>\n1、「パーツ交換」は１回に付き「人形パーツ」×750を消費し、「師の教え」からランダムに5つのアイテム報酬を獲得できます。\n3、「師の教え」のアイテム報酬は「特別アイテム」と「通常アイテム」に分かれています。リセット時に特別アイテム報酬の残数を上限まで戻すことができます。\n具体的なルールは以下の通り：\n（1）最初の5回のリセット：特別アイテムが残数がなくなった場合、守秘者はリセットを選択できます。リセットすると、「特別アイテム」と「通常アイテム」の残数が上限まで戻ります。または、交換を続行することを選択できます。「通常アイテム」の残数もなくなった場合、交換を続行するにはリセットが必要です。\n（2）6回目以降のリセット：「通常アイテム」の残数がなくなるとリセットできます。リセットすると「通常アイテム」の残数が上限まで戻り、「特別アイテム」はリセットされません。\n\n<Title:イベント時間>\n1、2月10日15:00 - 2月24日15:00、イベント概要のすべてのコンテンツに参加できます。\n2、2月24日15:00 - 3月3日15:00、「師の教え」と「達成報酬」のみが利用可能です。その他のコンテンツは終了となり、参加できません。\n3、3月3日15:00以降、未交換の「人形パーツ」は「薔薇金券×40」の割合で回収されますので、守秘者はメールを確認してください。
Activity_56429_ActivityName,aaDC,h活动_Activity_A.csv,119,Activity,ActivityName,,半步之隔,半歩の隔たり
Activity_56429_ActivityTips,aaDF,h活动_Activity_A.csv,119,Activity,ActivityTips,,<Title:活动简介>\n活动期间，守密人可通过限时玩法「虚无之门」和「成就奖励」收集活动货币「人偶零件」，「人偶零件」可在「师长的教诲」中换取奖励，包括活动限定SR命轮「牧羊人的手杖」、流明之芯、无垢之芯、贤石碎屑、拟态凝晶等。\n\n<Title:虚无之门>\n1、「虚无之门」包含 9 个无需探索直接战斗的素材关卡，每天开放 1 个。\n2、每次挑战将消耗 「灵啡肽」× 120 ，挑战成功将获得培养素材和活动货币。\n3、关卡通关后，解锁该关卡的「重现」功能。请注意：使用「重现」功能时，无法获得同调率。\n4、可以使用校友会助战来帮助你更轻松地通关。\n\n<Title:人偶零件加成>\n1、守密人拥有特定唤醒体或命轮（不要求上阵）可以使「虚无之门」关卡任务报酬中的「人偶零件」获得额外的掉落加成（包括重现），具体加成如下：\n·唤醒体「熔毁·朵尔」：启灵0/1/2/3及以上，加成20%/30%/40%/50%\n·SSR命轮「坠入虚无的人偶」：叠位0/1/2/3及以上，加成20%/30%/40%/50%\n·SR命轮「牧羊人的手杖」：叠位0/1/2/3及以上，加成20%/30%/40%/50%\n2、不同唤醒体或命轮的「人偶零件加成」以叠加的方式结算。 \n3、特别的，癫狂难度首通挑战奖励不会受到上述加成影响。\n\n<Title: 师长的教诲>\n1、每次「交换零件」将消耗 750「人偶零件」，随机获得「师长的教诲」中的五个物品奖励。\n2、「师长的教诲」的物品奖励分为「特殊物品」和「普通物品」两种，重置时可以使特殊物品奖励的剩余数量重置至上限，具体规则为：\n（1）前 5 次重置：当「特殊物品」无剩余数量后，守密人可以选择重置，重置后会将「特殊物品」和「普通物品」的剩余数量重置至上限；也可以选择继续交换，当「普通物品」也无剩余数量后，须进行重置才可以继续交换。\n（2）第 6 次及之后重置：当「普通物品」无剩余数量后才可以进行重置，重置会将「普通物品」的剩余数量重置至上限，「特殊物品」不再重置。\n\n<Title:活动时间>\n1、2 月 17 日 9:00 - 3 月 3 日 9:00（GMT+8），活动简介中的所有内容均可参与。\n2、3 月 3 日 9:00 - 3 月 10 日 9:00（GMT+8），仅保留「师长的教诲」和「成就奖励」，其他内容均已结束不可参与。\n3、3 月 10 日 9:00（GMT+8）后，剩余未兑换的「人偶零件」将按照每个兑换「蔷薇金券」× 40 的比例进行回收，请守密人注意查收邮件。,<Title:イベント概要>\n1、イベント期間中、守秘者は期間限定の「虚無の扉」と「達成報酬」を通じてイベント通貨「人形パーツ」を集めることができます。「人形パーツ」は「師長の教え」にて、イベント限定のSR命輪「羊飼いの杖」やルミナスコア、ヘブンズコア、賢石の破片、擬態凝晶などの報酬と交換できます。\n\n<Title:虚無の扉>\n1、「虚無の扉」には探索なしで直接戦闘を行う9つのステージがあり、毎日自動的に1つ解放されます。\n2、各挑戦には「エンフェリン」×120を消費し、クリア時に素材とイベント通貨を獲得できます。\n3、ステージをクリアすると、そのステージの「リプレイ」機能が解放されます。注意：リプレイ機能を使用する場合、同調率は獲得できません。\n4、フレンドの救援で、より簡単にクリアすることができます。\n\n<Title:人形パーツボーナス>\n1、守秘者が特定の覚醒体や命輪を所持している場合（編成は不要）、「虚無の扉」ステージ報酬の「人形パーツ」は、追加のドロップボーナス（リプレイを含む）を獲得できます。\n具体的なボーナスは以下の通り：\n・覚醒体「溶壊・ドール」：霊知啓発0/1/2/3以上で、ボーナス20%/30%/40%/50%\n・SSR命輪「虚無に堕ちた人形」：強化0/1/2/3以上で、ボーナス20%/30%/40%/50%\n・SR命輪「羊飼いの杖」：強化0/1/2/3以上で、ボーナス20%/30%/40%/50%\n2、異なる覚醒体や命輪の「人形パーツボーナス」は加算方式で計算されます。 \n3、超難度の初クリア報酬は、上記のボーナスの影響を受けません。\n\n<Title:師の教え>\n1、「パーツ交換」は１回に付き「人形パーツ」×750を消費し、「師の教え」からランダムに5つのアイテム報酬を獲得できます。\n3、「師の教え」のアイテム報酬は「特別アイテム」と「通常アイテム」に分かれています。リセット時に特別アイテム報酬の残数を上限まで戻すことができます。\n具体的なルールは以下の通り：\n（1）最初の5回のリセット：特別アイテムが残数がなくなった場合、守秘者はリセットを選択できます。リセットすると、「特別アイテム」と「通常アイテム」の残数が上限まで戻ります。または、交換を続行することを選択できます。「通常アイテム」の残数もなくなった場合、交換を続行するにはリセットが必要です。\n（2）6回目以降のリセット：「通常アイテム」の残数がなくなるとリセットできます。リセットすると「通常アイテム」の残数が上限まで戻り、「特別アイテム」はリセットされません。\n\n<Title:イベント時間>\n1、2月17日15:00 - 3月2日15:00、イベント概要のすべてのコンテンツに参加できます。\n2、3月3日15:00 - 3月10日15:00、「師の教え」と「達成報酬」のみが利用可能です。その他のコンテンツは終了となり、参加できません。\n3、3月10日15:00以降、未交換の「人形パーツ」は「薔薇金券×40」の割合で回収されますので、守秘者はメールを確認してください。
Activity_56434_ActivityTips,aaEj,h活动_Activity_A.csv,128,Activity,ActivityTips,,<Title:活动简介>\n1、活动期间，守密人可通过限时玩法「最终测试」和「成就奖励」收集活动货币「终末指针」，「终末指针」可在「回声」中兑换丰厚奖励，包括活动限定SR命轮「真理之门」、「无垢之芯」、「流明之芯」、「贤石碎屑」、「拟态凝晶」等。\n2、活动期间，完成「成就奖励」的任务可获得活动限定头像「以银钥之名：塔薇」、活动限定SR命轮「真理之门」、银芯和大量活动货币「终末指针」。\n\n<Title:活动时间>\n1、11 月 18 日 9:00 - 12 月 2 日 9:00（GMT+8），所有活动内容均可参与。\n2、12 月 2 日 9:00 - 12 月 9 日 9:00（GMT+8），仅保留「回声」和「成就奖励」，其他内容均已结束不可参与。\n\n<Title: 最终测试>\n1、「最终测试」包含 9 个关卡，每天自动开放 1 个。\n2、每次挑战将消耗 「灵啡肽」× 120 ，挑战不同的关卡除了获得不同的素材掉落外，还将获得活动货币「终末指针」。\n3、本次活动关卡为直接战斗的素材关卡，通关后可重现！每次「重现」消耗 「灵啡肽」× 120 。\n4、请注意：使用「重现」功能时，无法获得同调率。\n\n<Title: 终末指针加成>\n1、守密人拥有特定唤醒体或命轮（不要求上阵）可以使「最终测试」关卡任务报酬中的「终末指针」获得额外的掉落加成（包括重现），具体加成如下：\n·唤醒体「塔薇」：启灵0/1/2/3及以上，加成20%/30%/40%/50%\n·SSR命轮「隐世的转轮」：叠位0/1/2/3及以上，加成20%/30%/40%/50%\n·SR命轮「真理之门」：叠位0/1/2/3及以上，加成20%/30%/40%/50%\n2、不同唤醒体或命轮的「终末指针加成」以叠加的方式结算。\n3、特别的，癫狂难度首通挑战奖励不会受到「终末指针加成」影响。\n\n<Title: 回声>\n1、「回声」仅在 11 月 18 日 9:00 - 12 月 9 日 9:00（GMT+8）期间开放。\n2、12 月 9 日 9:00（GMT+8）后，剩余未兑换的「终末指针」将按照每个兑换「蔷薇金券」× 40 的比例进行回收，请守密人注意查收邮件。,<Title:イベント概要>\n1、イベント期間中、守秘者は期間限定の「最終試験」と「達成報酬」を通じてイベント通貨「終末の指針」を収集できます。「終末の指針」は「遥かな残響」で豪華な報酬と交換でき、限定SR命輪「真理の門」、ヘブンズコア、ルミナスコア、賢石の破片、擬態凝晶などが含まれます。\n2、イベント期間中、「達成報酬」の任務を完了すると、限定アイコン「銀の鍵の名のもとに：タヴィ」、限定SR命輪「真理の門」、シルバーコアと大量イベント通貨「終末の指針」を獲得できます。\n\n<Title:イベント期間>\n1、11月18日15:00 - 12月2日15:00、すべてのイベント内容に参加可能です。\n2、12月2日15:00 - 12月9日15:00、参加できるのは「遥かな残響」と「達成報酬」のみです。\n\n<Title:最終試験>\n1、「最終試験」には9つのステージがあり、毎日1つ自動で解放されます。\n2、各挑戦にはエンフェリン×20を消費し、ステージ毎に異なる素材ドロップと、イベント通貨「終末の指針」を獲得できます。\n3、各ステージは直接戦闘式で、ステージクリア後にそのステージの「リプレイ」機能が解放されます！「リプレイ」にはエンフェリン×120を消費します。\n※注意：「リプレイ」機能を使用すると同調率を獲得できません。\n\n<Title:終末の指針ボーナス>\n1、特定の覚醒体や命輪を所持すると適用されます。（参戦は不要）「最終試験」ステージ報酬のイベント通貨「終末の指針」の追加ドロップボーナスが得られます。（リプレイを含む）\n具体的なボーナスは以下の通り：\n・覚醒体「タヴィ」：霊知啓発0/1/2/3以上、ボーナス20%/30%/40%/50%\n・SSR命輪「隠世の輪廻」：強化0/1/2/3以上、ボーナス20%/30%/40%/50%\n・SR運命の札「真理の扉」：強化0/1/2/3以上、ボーナス20%/30%/40%/50%\n2、異なる覚醒体や命輪の「終末の指針ボーナス」は累計で計算されます。\n3、特に、超難度の初回クリア報酬は「終末針ボーナス」の影響を受けません。\n\n<Title:遥かな残響>\n1、「遥かな残響」は11月18日15:00 - 12月2日15:00の期間にのみ開放されます。\n2、12月9日15:00以降、未交換の「終末針」は、1つにつき「薔薇金券×40」の比率で回収されますので、守秘者はメールをご確認ください。
Activity_56434_ActivityStageEndContent,aaEi,h活动_Activity_A.csv,128,Activity,ActivityStageEndContent,,活动已结束，当前仅可参与「回声」,イベントは終了し、現在は「遥かな残響」のみ参加可能です。
AvgDialog_81276_Content_1,bqJA,avgV1.4繁衍狂欢_AvgDialog_C_M.csv,1164,AvgDialog,Content,,于夜晚的酣眠中，你感到一股奇怪的痒意，就像有人在用羽毛轻轻挠着你的肌肤。,夜更け、ぐっすり眠っていたあなたは、何かで肌をくすぐられるような、むずむずした奇妙な感覚に目を覚ました。
AvgDialog_81276_Content_2,bqJL,avgV1.4繁衍狂欢_AvgDialog_C_M.csv,1165,AvgDialog,Content,玩家,又有蚊子了吗……嗯？！,また蚊でもいるのかな……ん！？
AvgDialog_81276_Content_3,bqJW,avgV1.4繁衍狂欢_AvgDialog_C_M.csv,1166,AvgDialog,Content,,睁开眼后，眼前竟然仍是一片模糊的黑暗，似乎有某种黑色的东西紧紧包裹着你。,目を開けても、視界はなおぼんやりとした闇に包まれていた。\n何やら黒いものが、あなたをすっぽりと覆っているらしい。
AvgDialog_81276_Content_4,bqJZ,avgV1.4繁衍狂欢_AvgDialog_C_M.csv,1167,AvgDialog,Content,,转头间，你从那奇怪的黑暗中看到了一双凝望的眼，正在面前与你默默相对。,頭を動かすと、その奇妙な闇の向こうに、一対の瞳がこちらをじっと見つめているのが見えた。
AvgDialog_81276_Content_5,bqKa,avgV1.4繁衍狂欢_AvgDialog_C_M.csv,1168,AvgDialog,Content,玩家,啊！！！,うわぁ！！
AvgDialog_81276_Content_6,bqKb,avgV1.4繁衍狂欢_AvgDialog_C_M.csv,1169,AvgDialog,Content,卡斯托尔,啊！对不起！我吵到恩人了吗……,あっ、す、すまない！\n恩人殿を起こしてしまったか……
AvgDialog_81276_Content_7,bqKc,avgV1.4繁衍狂欢_AvgDialog_C_M.csv,1170,AvgDialog,Content,,那牢牢拥抱着你的黑暗忽然撤去了，卡斯托尔赧然地收起圈拢住你的双翼，规规矩矩地端坐在了床边。,あなたをしっかりと包んでいた闇がぱっとほどける。カストルは慌てた様子で翼を引っ込めると、気まずそうにベッドの端へ座り直した。
AvgDialog_81276_Content_8,bqKd,avgV1.4繁衍狂欢_AvgDialog_C_M.csv,1171,AvgDialog,Content,玩家,卡斯托尔？！你在这里做什么？,カストル！？どうしてここに？
AvgDialog_81276_Content_9,bqKe,avgV1.4繁衍狂欢_AvgDialog_C_M.csv,1172,AvgDialog,Content,,你翻身坐起，与手足无措的卡斯托尔大眼瞪小眼。,あなたは起き上がり、動揺するカストルと目を合わせた。
AvgDialog_81276_Content_10,bqJB,avgV1.4繁衍狂欢_AvgDialog_C_M.csv,1173,AvgDialog,Content,卡斯托尔,我，不知道为什么睡不着，身上很热，翅膀也很痒。,その、なぜか眠れなくてな。\n体が熱くて、翼もむずむずするし……
AvgDialog_81276_Content_11,bqJC,avgV1.4繁衍狂欢_AvgDialog_C_M.csv,1174,AvgDialog,Content,卡斯托尔,我本想请恩人帮我梳理羽毛，但这样于礼不合，况且夜色已深……,恩人殿に羽を整えてもらいたかったんだが、それは礼儀に反するし、もう夜も更けているから……
AvgDialog_81276_Content_12,bqJD,avgV1.4繁衍狂欢_AvgDialog_C_M.csv,1175,AvgDialog,Content,卡斯托尔,现在贸然前来，更是十分冒昧，我知道的……,こんな時間に突然押しかけるなど、失礼なことだと分かっている。\nだが……
AvgDialog_81276_Content_13,bqJE,avgV1.4繁衍狂欢_AvgDialog_C_M.csv,1176,AvgDialog,Content,,出于礼教的羞愧让卡斯托尔的脸更红了，他的眼神微微错开，声音越来越轻。,無礼を働いたという恥ずかしさから、カストルの頬が赤く染まる。\n視線は揺らぎ、声も次第に小さくなっていく。
AvgDialog_81276_Content_14,bqJF,avgV1.4繁衍狂欢_AvgDialog_C_M.csv,1177,AvgDialog,Content,卡斯托尔,但，能否请恩人允许我在这里稍坐一会儿，一会儿就好……,恩人殿。どうか少しだけここにいさせてもらえないだろうか。\nほんの少しでいいんだ……
AvgDialog_81276_Content_15,bqJG,avgV1.4繁衍狂欢_AvgDialog_C_M.csv,1178,AvgDialog,Content,玩家,卡斯托尔。,カストル。
AvgDialog_81276_Content_16,bqJH,avgV1.4繁衍狂欢_AvgDialog_C_M.csv,1179,AvgDialog,Content,卡斯托尔,……嗯？,……うん？
AvgDialog_81276_Content_17,bqJI,avgV1.4繁衍狂欢_AvgDialog_C_M.csv,1180,AvgDialog,Content,,随着你的呼唤，卡斯托尔慢半拍地转过了头，那变得湿漉漉的眼中露出了一丝迷茫，但直到此时依旧充满了对你的信任。,名前を呼ばれ、カストルは少し遅れて振り向いた。潤んだ瞳には戸惑いが浮かんでいたが、それでもなお、あなたへの信頼が宿っている。
AvgDialog_81276_Content_18,bqJJ,avgV1.4繁衍狂欢_AvgDialog_C_M.csv,1181,AvgDialog,Content,玩家,你不用那么客气的，过来吧，我帮你梳一梳翅膀。,そんなに遠慮しなくてもいいよ。\nこっちにおいで。翼、整えてあげる。
AvgDialog_81276_Content_19,bqJK,avgV1.4繁衍狂欢_AvgDialog_C_M.csv,1182,AvgDialog,Content,,卡斯托尔在纠结中短暂地停顿了一下，似乎在和内心的某种原则打架。,カストルが一瞬ためらう。\n何か胸の中の大切な信条と葛藤しているようだった。
AvgDialog_81276_Content_20,bqJM,avgV1.4繁衍狂欢_AvgDialog_C_M.csv,1183,AvgDialog,Content,,最终他沉默着点了点头，驯服地低伏下身体，轻轻趴在了你的腿上，向你露出后背。,それでも最後は静かに頷き、おとなしく身を低くすると、背中を向けるようにしてそっとあなたの膝へ体を横たえた。
AvgDialog_81276_Content_21,bqJN,avgV1.4繁衍狂欢_AvgDialog_C_M.csv,1184,AvgDialog,Content,,月光透过窗帘的缝隙洒落，与那对放松展开的黑色羽翼一同铺满了你的床铺。,カーテンの隙間から差し込む月明かりが、ゆったりと広げられた黒い翼とともに、ベッドいっぱいに降り注ぐ。
AvgDialog_81276_Content_22,bqJO,avgV1.4繁衍狂欢_AvgDialog_C_M.csv,1185,AvgDialog,Content,玩家,是哪里不舒服？,どこがかゆいの？
AvgDialog_81276_Content_23,bqJP,avgV1.4繁衍狂欢_AvgDialog_C_M.csv,1186,AvgDialog,Content,,你的手轻柔地抚过，从翅膀的根部梳到长长的飞羽，像安抚一个无法入睡的孩童。,あなたは優しく翼を撫で、眠れない子供をあやすように、その付け根から長い風切羽の先まで丁寧に整えていく。
AvgDialog_81276_Content_24,bqJQ,avgV1.4繁衍狂欢_AvgDialog_C_M.csv,1187,AvgDialog,Content,玩家,这里吗？还是这里？,ここ？それともこっち？
AvgDialog_81276_Content_25,bqJR,avgV1.4繁衍狂欢_AvgDialog_C_M.csv,1188,AvgDialog,Content,,于是一只鸟儿便在你的手下轻轻颤抖。,すると、一羽の鳥はあなたの手の下で小さく身を震わせた。
AvgDialog_81276_Content_26,bqJS,avgV1.4繁衍狂欢_AvgDialog_C_M.csv,1189,AvgDialog,Content,玩家,你不舒服吗？我该用多大力气？,痛かった？力加減はこのくらいでいい？
AvgDialog_81276_Content_27,bqJT,avgV1.4繁衍狂欢_AvgDialog_C_M.csv,1190,AvgDialog,Content,卡斯托尔,不要问。,……聞かないでくれ。
AvgDialog_81276_Content_28,bqJU,avgV1.4繁衍狂欢_AvgDialog_C_M.csv,1191,AvgDialog,Content,,卡斯托尔忽然回头，发出一声叹息似的责怪。,カストルが不意に振り返り、ため息のような声音でたしなめる。
AvgDialog_81276_Content_29,bqJV,avgV1.4繁衍狂欢_AvgDialog_C_M.csv,1192,AvgDialog,Content,卡斯托尔,请随您心意地梳理吧，只要是您……,好きなように整えてくれてかまわない。\n君が……
AvgDialog_81276_Content_30,bqJX,avgV1.4繁衍狂欢_AvgDialog_C_M.csv,1193,AvgDialog,Content,,你看到他的耳尖后知后觉地红了起来，卡斯托尔重新将头埋入了被子，发出闷闷的尾音。,耳の先まで真っ赤になっていることに自分で気づいたのか、カストルは慌てて顔を布団に埋め、くぐもった声で呟いた。
AvgDialog_81276_Content_31,bqJY,avgV1.4繁衍狂欢_AvgDialog_C_M.csv,1194,AvgDialog,Content,卡斯托尔,……就好。,……やってくれるだけで十分だ。
AvgDialog_94653_Content_1,bzjY,avgV1.4繁衍狂欢_AvgDialog_C_M.csv,1222,AvgDialog,Content,,深夜，一阵狂乱焦急的敲门声忽然把你惊醒。,深夜、切迫した激しいノックの音にあなたは目を覚ました。
AvgDialog_94653_Content_2,bzkj,avgV1.4繁衍狂欢_AvgDialog_C_M.csv,1223,AvgDialog,Content,,你想起了一些不太美好的回忆，没有立刻开门，而是小心地靠近门板。,嫌な記憶が脳裏をよぎり、すぐには扉を開けず、慎重に近づく。
AvgDialog_94653_Content_3,bzku,avgV1.4繁衍狂欢_AvgDialog_C_M.csv,1224,AvgDialog,Content,玩家,谁？,誰？
AvgDialog_94653_Content_4,bzkB,avgV1.4繁衍狂欢_AvgDialog_C_M.csv,1225,AvgDialog,Content,卡斯托尔,恩人，求您看看我弟弟，他，他……,恩人殿、どうか弟を見てやってくれないか。弟が、その……
AvgDialog_94653_Content_5,bzkC,avgV1.4繁衍狂欢_AvgDialog_C_M.csv,1226,AvgDialog,Content,玩家,波吕克斯？他怎么了？,ポリュクス？彼に何かあったの？
AvgDialog_94653_Content_6,bzkD,avgV1.4繁衍狂欢_AvgDialog_C_M.csv,1227,AvgDialog,Content,,你快速跟随卡斯托尔来到了房间，那两张床铺的其中一张上蜷缩着一个呻吟的人影，床单与被子都在漫长的折磨中被揉满了凌乱的褶皱。,あなたは急いでカストルの後を追い、部屋へ向かった。\n二つ並んだ寝台の片側に、人影が苦しげに身を丸めている。\n長いこと耐えていたのか、シーツも毛布も皺だらけになっていた。
AvgDialog_94653_Content_7,bzkE,avgV1.4繁衍狂欢_AvgDialog_C_M.csv,1228,AvgDialog,Content,,听到你们开门的响声，波吕克斯从昏沉中惊醒，从床上艰难地挣扎站起。,扉が開く音に、うつろだったポリュクスははっと目を覚まし、よろよろと寝台から立ち上がろうとする。
AvgDialog_94653_Content_8,bzkF,avgV1.4繁衍狂欢_AvgDialog_C_M.csv,1229,AvgDialog,Content,波吕克斯,哈……是您来了……,ああ……そなたが来てくださったのか……
AvgDialog_94653_Content_9,bzkG,avgV1.4繁衍狂欢_AvgDialog_C_M.csv,1230,AvgDialog,Content,,如此简单的动作也令波吕克斯吃力地喘着气，他的身形摇晃着将要栽倒。,たったそれだけの動作にも息を切らし、ポリュクスはふらついて、そのまま倒れそうになった。
AvgDialog_94653_Content_10,bzjZ,avgV1.4繁衍狂欢_AvgDialog_C_M.csv,1231,AvgDialog,Content,,你连忙伸手去扶，但滑腻的汗湿让那只滚烫的胳膊从你的手中滑落了，波吕克斯踉跄着跌倒在地，无力地伏在床沿。,あなたは慌てて支えようと手を伸ばしたが、汗で濡れた熱い腕は手の中から滑り落ち、ポリュクスはよろめいて床へ崩れ落ちた。
AvgDialog_94653_Content_11,bzka,avgV1.4繁衍狂欢_AvgDialog_C_M.csv,1232,AvgDialog,Content,波吕克斯,真是失礼，让您看到了这样难看的样子……,申し訳ない……このような見苦しい姿をお見せしようとは……
AvgDialog_94653_Content_12,bzkb,avgV1.4繁衍狂欢_AvgDialog_C_M.csv,1233,AvgDialog,Content,玩家,你的脸色……<Small:好红，不会错了，这一定是……>,君の顔色……<Small:真っ赤だ……間違いない。これはきっと……>
AvgDialog_94653_Content_13,bzkc,avgV1.4繁衍狂欢_AvgDialog_C_M.csv,1234,AvgDialog,Content,卡斯托尔,恩人，我弟弟到底怎么了？从今晚开始，他的胸口好像越来越烫了。,恩人殿、弟はいったいどうしてしまったんだ？\n今夜になって、胸がどんどん熱くなっているようなんだ。
AvgDialog_94653_Content_14,bzkd,avgV1.4繁衍狂欢_AvgDialog_C_M.csv,1235,AvgDialog,Content,,波吕克斯也从地上抬起眼，于痛苦之中等待着自己的审判。,ポリュクスも顔を上げ、苦痛の中で自らの運命を言い渡されるのを待つように、あなたを見つめていた。
AvgDialog_94653_Content_15,bzke,avgV1.4繁衍狂欢_AvgDialog_C_M.csv,1236,AvgDialog,Content,,两双信赖的眼睛把你盯住，让你一时间不知道如何措辞解释。,二人の揺るぎない信頼の眼差しを受け、あなたは一瞬、どう説明すべきか言葉に詰まる。
AvgDialog_94653_Content_16,bzkf,avgV1.4繁衍狂欢_AvgDialog_C_M.csv,1237,AvgDialog,Content,玩家,他，嗯……可以说是生病了，可能由于圣心的特殊体质，病得比较严重。,ええと……病気と言えば病気、かな。聖心の特殊な体質のせいで、少し症状が重く出てしまっているみたい。
AvgDialog_94653_Content_17,bzkg,avgV1.4繁衍狂欢_AvgDialog_C_M.csv,1238,AvgDialog,Content,波吕克斯,是不是我犯下的罪孽已迎来了惩罚？我的灵魂已经无可救药……,我の犯した罪に、報いを受ける時が来たか。\n我が魂はもう、救いようがないのだな……
AvgDialog_94653_Content_18,bzkh,avgV1.4繁衍狂欢_AvgDialog_C_M.csv,1239,AvgDialog,Content,,波吕克斯自嘲地笑了一声，他的胸膛起伏，汗水将他的发丝粘在皮肤上，难耐的发热似乎让他陷入了脆弱与悲观之中。,ポリュクスは自嘲気味に笑った。\n荒い呼吸に胸は激しく上下し、汗で髪が肌に張りついている。\n耐えがたい熱に苛まれ、その表情には弱々しさと悲観が滲んでいた。
AvgDialog_94653_Content_19,bzki,avgV1.4繁衍狂欢_AvgDialog_C_M.csv,1240,AvgDialog,Content,玩家,不不不，这个其实是……呃，总之不是你的问题，是外力的影响，只要过一阵就会好了！真的！,ち、違う違う！これは、その……えっと、とにかく君のせいじゃない。外からの影響なんだ。しばらくすれば必ず治るから！本当だよ！
AvgDialog_94653_Content_20,bzkk,avgV1.4繁衍狂欢_AvgDialog_C_M.csv,1241,AvgDialog,Content,,你信誓旦旦地保证，俯下身想要把波吕克斯从地上搀起。,あなたは力強くそう言い、身を屈めてポリュクスを起こそうとする。
AvgDialog_94653_Content_21,bzkl,avgV1.4繁衍狂欢_AvgDialog_C_M.csv,1242,AvgDialog,Content,波吕克斯,如此仁慈的宽慰，您的灵魂还是那样耀眼，甚至有一丝……香甜？让人想要……,なんと慈悲深いお言葉……そなたの魂は、やはり眩しいほどに美しい……それどころか、どこか甘い香りさえして……もっと近くで……
AvgDialog_94653_Content_22,bzkm,avgV1.4繁衍狂欢_AvgDialog_C_M.csv,1243,AvgDialog,Content,,肢体接触间，波吕克斯凑近的鼻息扑洒在你的皮肤，他张着嘴，仿佛想要舔舐你滚动的喉头。,身体が触れ合う距離で、ポリュクスの熱い息があなたの肌をかすめる。彼は無意識に口を開き、あなたの喉元へ舌を伸ばそうとした。
AvgDialog_94653_Content_23,bzkn,avgV1.4繁衍狂欢_AvgDialog_C_M.csv,1244,AvgDialog,Content,波吕克斯,不，我怎么会有这样不敬的想法……只是在您身边，我的痛苦好像也减轻了些许……,いや、このような不敬な考えを抱くなど……だが、そなたのそばにいると、不思議と苦しみが和らぐような気がするのだ……
AvgDialog_94653_Content_24,bzko,avgV1.4繁衍狂欢_AvgDialog_C_M.csv,1245,AvgDialog,Content,,波吕克斯一瞬间克制地错开了脸，他蹙着眉喃喃着，似乎意识到了什么。,我に返ったポリュクスは顔を逸らし、眉を寄せて呟いた。
AvgDialog_94653_Content_25,bzkp,avgV1.4繁衍狂欢_AvgDialog_C_M.csv,1246,AvgDialog,Content,卡斯托尔,恩人，真的没有办法能治好他吗？,恩人殿、本当に弟を治す方法はないのか？
AvgDialog_94653_Content_26,bzkq,avgV1.4繁衍狂欢_AvgDialog_C_M.csv,1247,AvgDialog,Content,玩家,我……算了，可以是可以，不过这期间房间不能有人，卡斯托尔你今晚就去我的房间休息吧。,いや……あるにはある。ただ、その間は部屋に誰もいてはいけない。カストル、今夜は私の部屋で休んで。
AvgDialog_94653_Content_27,bzkr,avgV1.4繁衍狂欢_AvgDialog_C_M.csv,1248,AvgDialog,Content,卡斯托尔,我明白了，那就拜托恩人了。,わかった。弟を、どうかよろしく頼む。
AvgDialog_94653_Content_28,bzks,avgV1.4繁衍狂欢_AvgDialog_C_M.csv,1249,AvgDialog,Content,,在波吕克斯轻轻的点头中，卡斯托尔终于担忧地关上了房门。,ポリュクスが小さく頷くのを見届けると、カストルはなおも心配そうな顔を浮かべながら、静かに部屋の扉を閉めた。
AvgDialog_94653_Content_29,bzkt,avgV1.4繁衍狂欢_AvgDialog_C_M.csv,1250,AvgDialog,Content,波吕克斯,让卡斯托尔离开，是有什么残酷的治疗方法吗，请您放心地动手吧，我可以忍耐任何疼痛。,カストルを部屋から出したということは……何か過酷な治療が必要なのだな？構わぬ。どれほどの痛みであろうと、我は耐えてみせよう。
AvgDialog_94653_Content_30,bzkv,avgV1.4繁衍狂欢_AvgDialog_C_M.csv,1251,AvgDialog,Content,玩家,不，我又不是于丽埃特，你不必再经受痛苦了，这只是会……有些羞耻。,いやいや、私はジュリエットじゃない。君を苦しませるつもりなんてないよ。ただちょっと……恥ずかしいだけ。
AvgDialog_94653_Content_31,bzkw,avgV1.4繁衍狂欢_AvgDialog_C_M.csv,1252,AvgDialog,Content,波吕克斯,那么，我该怎么做？,では、我はどうすればよいのだ？
AvgDialog_94653_Content_32,bzkx,avgV1.4繁衍狂欢_AvgDialog_C_M.csv,1253,AvgDialog,Content,,在你的回答中，波吕克斯已经找到了自己想要的答案，他明白了自己心中的欲望已被你知晓、应允。,あなたの言葉に、ポリュクスはその答えを見出した。胸の奥で渦巻く欲望を、あなたが知り、受け入れてくれたと理解したのだ。
AvgDialog_94653_Content_33,bzky,avgV1.4繁衍狂欢_AvgDialog_C_M.csv,1254,AvgDialog,Content,,他将你的手执起，贴在了自己的脸颊，在你的默许中，又慢慢地凑近，将滚烫的额头贴上你的额头。,彼はあなたの手を取り、自らの頬へ重ねる。あなたが拒まないと知ると、そっと顔を寄せ、熱を帯びた額をあなたの額へ当てた。
AvgDialog_94653_Content_34,bzkz,avgV1.4繁衍狂欢_AvgDialog_C_M.csv,1255,AvgDialog,Content,,那双失神的眼凝望着你，如虔诚的信徒望向他的主。,焦点の定まらない瞳が、あなたを見つめる。\nまるで、主を仰ぎ見る敬虔な信徒のように。
AvgDialog_94653_Content_35,bzkA,avgV1.4繁衍狂欢_AvgDialog_C_M.csv,1256,AvgDialog,Content,波吕克斯,请指引我吧，我的明灯……,我を導きたまえ、我が灯火よ……
AvgDialog_91726_Content_1,byww,avgV2.2罗马特别活动小型支线_AvgDialog_C_M.csv,8,AvgDialog,Content,,奴隶与奴隶主,奴隷と奴隷主
AvgDialog_91726_Content_2,bywH,avgV2.2罗马特别活动小型支线_AvgDialog_C_M.csv,9,AvgDialog,Content,阿格里帕,由于银芯的物理特性，调查员在使用银芯制品时应注意……以下几个……,シルバーコアの物理的特性により、調査員がシルバーコア製品を使用する際には、以下のいくつかの点に注意しなければならない……
AvgDialog_91726_Content_3,bywS,avgV2.2罗马特别活动小型支线_AvgDialog_C_M.csv,10,AvgDialog,Content,阿格里帕,及格……几……,合格……いくつ……
AvgDialog_91726_Content_4,byxd,avgV2.2罗马特别活动小型支线_AvgDialog_C_M.csv,11,AvgDialog,Content,,砰的一声，阿格里帕一点一点的脑袋一下砸到了宿舍的书桌上，撞出了一块清晰的红印。,ドンッという鈍い音が響き、うつらうつらしていたアグリッパは寮の机に頭を打ちつけた。その額にはくっきりと赤い跡が残っている。
AvgDialog_91726_Content_5,byxo,avgV2.2罗马特别活动小型支线_AvgDialog_C_M.csv,12,AvgDialog,Content,阿格里帕,好痛！@2，我为什么要在这里抄这些愚蠢的烂书！,いたっ！@2、どうしてあたしがこんなところで、こんなくだらないクソみたいな本を書き写さなきゃいけないのよ！
AvgDialog_91726_Content_6,byxz,avgV2.2罗马特别活动小型支线_AvgDialog_C_M.csv,13,AvgDialog,Content,,阿格里帕捂着额头惊醒，呲牙咧嘴地瞪着本子上自己歪七扭八的错字。,目を覚ましたアグリッパは額を押さえながら顔をしかめ、自分のノートに並ぶ歪んだ線や文字を睨みつけた。
AvgDialog_91726_Content_7,byxE,avgV2.2罗马特别活动小型支线_AvgDialog_C_M.csv,14,AvgDialog,Content,,那写错的及格两个字又让她想起了朵尔轻蔑的眼神和这些可恶的罚抄作业——没错，她又一次在考试中取得了个位数的好成绩。,書き間違えた「合格」という二文字を見ていると、ドールの軽蔑に満ちた視線と、罰として出された忌々しい課題が脳裏によみがえる——そう、彼女はまたも試験で一桁という見事な成績を叩き出したのだ。
AvgDialog_91726_Content_8,byxF,avgV2.2罗马特别活动小型支线_AvgDialog_C_M.csv,15,AvgDialog,Content,阿格里帕,及格，及格，又是及格，不及格能怎么样？老娘不伺候了！,合格、合格、また合格。不合格だったら何だっていうのよ？\nもう付き合ってられないわ！
AvgDialog_91726_Content_9,byxG,avgV2.2罗马特别活动小型支线_AvgDialog_C_M.csv,16,AvgDialog,Content,,阿格里帕恼怒地抓起本子想要撕掉，一想起朵尔那些折磨人的手段，最终又悻悻地停下了手，愤恨地将书角塞进了嘴里狠狠咬着。,アグリッパは怒りにまかせてノートを破り捨てようとしたが、ドールの容赦ない制裁を思い出し、しぶしぶ手を止めた。\nそして憂さ晴らしをするかのように、本の角へ思い切り噛みつく。
AvgDialog_91726_Content_10,bywx,avgV2.2罗马特别活动小型支线_AvgDialog_C_M.csv,17,AvgDialog,Content,阿格里帕,去死吧，去死吧，什么作业，什么大学都去死吧！,くたばれ、くたばれ！宿題も大学もみんなくたばってしまえ！
AvgDialog_91726_Content_11,bywy,avgV2.2罗马特别活动小型支线_AvgDialog_C_M.csv,18,AvgDialog,Content,,然而无能的啃咬并不能让未完成的作业减少半分，甚至还让被关在宿舍许久的她感到了一丝饥饿。,だがどれだけ噛みつこうと、終わっていない課題が減るはずもない。それどころか、長いこと寮に閉じこもっていたせいで、お腹が空いてきてしまった。
AvgDialog_91726_Content_12,bywz,avgV2.2罗马特别活动小型支线_AvgDialog_C_M.csv,19,AvgDialog,Content,,因为又一次将宿舍的生活用品都用坏了，阿格里帕于昨日对艾继丝进行了入室抢劫，并与闻声赶来的詹金大打出手。,昨日、またしても生活用品をことごとく壊してしまったアグリッパは、アイギスの部屋に押し入って物を奪い、騒ぎを聞いて駆けつけたジェンキンと大乱闘を繰り広げた。
AvgDialog_91726_Content_13,bywA,avgV2.2罗马特别活动小型支线_AvgDialog_C_M.csv,20,AvgDialog,Content,,最终荣获了罚抄翻倍和禁足三天的惩罚。,その結果、書き写しの課題の量は二倍になり、さらに三日間の外出禁止処分という栄えある罰まで授かることになったのだ。
AvgDialog_91726_Content_14,bywB,avgV2.2罗马特别活动小型支线_AvgDialog_C_M.csv,21,AvgDialog,Content,阿格里帕,烤肉、鸡翅、薯条、罗宋汤，还有脆脆的黄油面包……,焼き肉に、手羽先、フライドポテト、ボルシチ、それにカリカリのバタートースト……
AvgDialog_91726_Content_15,bywC,avgV2.2罗马特别活动小型支线_AvgDialog_C_M.csv,22,AvgDialog,Content,,阿格里帕回想起这所学校里唯一令她喜爱的部分——那些餐厅里任取任吃的美味菜肴，终于甩了甩头，一拍桌子站了起来。,アグリッパは、この学校で唯一気に入っているもの——食堂で好きなだけ食べられる料理の数々を思い浮かべると、ぶんぶんと頭を振り、机を勢いよく叩いて立ち上がった。
AvgDialog_91726_Content_16,bywD,avgV2.2罗马特别活动小型支线_AvgDialog_C_M.csv,23,AvgDialog,Content,阿格里帕,去他的禁闭，凭什么关着我，老娘想去哪就去哪！,外出禁止なんて知ったことじゃないわ！なんであたしが閉じ込められなきゃならないのよ。行きたいところには好きに行くんだから！
AvgDialog_91726_Content_17,bywE,avgV2.2罗马特别活动小型支线_AvgDialog_C_M.csv,24,AvgDialog,Content,,趁着夜深人静，她鬼鬼祟祟地撬开了房门，发觉四下无人后，气势汹汹地向厨房潜行而去。,夜も更け、人影がなくなったのを見計らって、彼女はこそこそと部屋の鍵をこじ開ける。周囲に誰もいないことを確認すると、忍び足で厨房へ向かった。
AvgDialog_91726_Content_18,bywF,avgV2.2罗马特别活动小型支线_AvgDialog_C_M.csv,25,AvgDialog,Content,阿格里帕,也不知道这个时候厨房还能剩下什么东西……嗯？怎么有人？小气的弥萨格，连后厨也要安排守卫吗？,こんな時間にまだ厨房に何か残ってるかしら……ん？誰かいる？\nケチくさいミサゴ大学め、厨房にまで見張りを置いてるの？
AvgDialog_91726_Content_19,bywG,avgV2.2罗马特别活动小型支线_AvgDialog_C_M.csv,26,AvgDialog,Content,,嘟嘟囔囔靠近后厨大门的阿格里帕一瞬间缩回了拐角后，她探出半个脑袋，小心地望向黑暗里门口的那个人影。,ぶつぶつと文句を言いながら厨房の裏口へ近づいたアグリッパは、人影を見つけた瞬間、反射的に角の陰へ身を引っ込めた。そして半身をそっと覗かせ、闇の中で入口に立つその人物を慎重に見つめる。
AvgDialog_91726_Content_20,bywI,avgV2.2罗马特别活动小型支线_AvgDialog_C_M.csv,27,AvgDialog,Content,阿格里帕,那是……好熟悉的背影，这个拖把一样的头发……尤乌哈希？！,あれは……見覚えのある後ろ姿ね。\nあのモップみたいな髪は……ユウハシュ！？
AvgDialog_91726_Content_21,bywJ,avgV2.2罗马特别活动小型支线_AvgDialog_C_M.csv,28,AvgDialog,Content,,原本要被发现的紧张感一扫而空，阿格里帕叉着腰跳出拐角，先声夺人地大声指责起来。,見つかるかもしれないという緊張は一瞬で吹き飛び、アグリッパは角から飛び出すと、腰に手を当てて大声でまくし立てた。
AvgDialog_91726_Content_22,bywK,avgV2.2罗马特别活动小型支线_AvgDialog_C_M.csv,29,AvgDialog,Content,阿格里帕,哈，我当是谁，原来是我的奴隶！,はっ、誰かと思えば、あたしの奴隷じゃない！
AvgDialog_91726_Content_23,bywL,avgV2.2罗马特别活动小型支线_AvgDialog_C_M.csv,30,AvgDialog,Content,阿格里帕,怎么，半夜在这里鬼鬼祟祟的是想来偷吃吗？果然是改不掉奴隶低贱的本性啊！,何よ、夜中にこんなところでこそこそしてるなんて、つまみ食いでもしに来たの？\nまったく、奴隷の卑しい性根は、そう簡単には変わらないものね！
AvgDialog_91726_Content_24,bywM,avgV2.2罗马特别活动小型支线_AvgDialog_C_M.csv,31,AvgDialog,Content,尤乌哈希,哈？,はぁ？
AvgDialog_91726_Content_25,bywN,avgV2.2罗马特别活动小型支线_AvgDialog_C_M.csv,32,AvgDialog,Content,,早就发现了她的尤乌哈希头也不抬，继续蹲在门口专心鼓捣着什么。,とっくにアグリッパの存在に気づいていたユウハシュは、顔を上げることもなく、しゃがみ込んで何かを黙々といじり続けていた。
AvgDialog_91726_Content_26,bywO,avgV2.2罗马特别活动小型支线_AvgDialog_C_M.csv,33,AvgDialog,Content,尤乌哈希,难道你半夜来这里，是被餐厅雇来上班的吗？,こんな夜中にここにいるなんて、食堂に雇われているのか？
AvgDialog_91726_Content_27,bywP,avgV2.2罗马特别活动小型支线_AvgDialog_C_M.csv,34,AvgDialog,Content,阿格里帕,你！谁允许你这样和主人说话的！,お前！主人に向かってそんな口の利き方、誰が許したのよ！
AvgDialog_91726_Content_28,bywQ,avgV2.2罗马特别活动小型支线_AvgDialog_C_M.csv,35,AvgDialog,Content,阿格里帕,不要以为你当初杀死了我，就能从此骑在我的头上，那是出于我自己高贵的意志……,あのときあたしを殺したからって、それであたしの上に立てるなんて思わないことね。あれはあたし自身の高貴な意思で……
AvgDialog_91726_Content_29,bywR,avgV2.2罗马特别活动小型支线_AvgDialog_C_M.csv,36,AvgDialog,Content,阿格里帕,喂！看着我，你在干什么，为什么不理……,ちょっと！こっちを見なさいよ。何してるの？なんで無視す……
AvgDialog_91726_Content_30,bywT,avgV2.2罗马特别活动小型支线_AvgDialog_C_M.csv,37,AvgDialog,Content,尤乌哈希,闭嘴！,うるさい！
AvgDialog_91726_Content_31,bywU,avgV2.2罗马特别活动小型支线_AvgDialog_C_M.csv,38,AvgDialog,Content,,尤乌哈希烦躁地大吼一声，将凑近的阿格里帕吓了一跳。,ユウハシュが苛立ったように怒鳴りつけると、身を乗り出していたアグリッパは思わずびくりと肩を震わせた。
AvgDialog_91726_Content_32,bywV,avgV2.2罗马特别活动小型支线_AvgDialog_C_M.csv,39,AvgDialog,Content,阿格里帕,吼什么？！你疯了……嗯？门上怎么挂了这么多锁头？,何よ、大声なんか出して！頭がおかしくなったんじゃ……ん？\nその扉、なんでこんなに鍵が付いてるの？
AvgDialog_91726_Content_33,bywW,avgV2.2罗马特别活动小型支线_AvgDialog_C_M.csv,40,AvgDialog,Content,,那扇后厨不起眼的小门上，竟然层层叠叠挂着一大串的锁头，就像是厨房的主人恼羞成怒地在防范什么惯犯一样。,厨房へと通じる目立たない小さな扉には、何重にも鎖と南京錠が掛けられていた。その様子はまるで、厨房の主人が何度も忍び込む常習犯に業を煮やし、必死になって侵入を防いでいるかのようだった。
AvgDialog_91726_Content_34,bywX,avgV2.2罗马特别活动小型支线_AvgDialog_C_M.csv,41,AvgDialog,Content,阿格里帕,我说你怎么一直蹲在门口，原来是进不去哈哈哈哈哈！！该不会是你天天来偷吃，被人家发现了吧！,ずっと入口でしゃがんでると思ったら、中に入れなかったのね！\nあははははっ！まさか毎日のように盗み食いに来て、とうとう見つかったんじゃないでしょうね？
AvgDialog_91726_Content_35,bywY,avgV2.2罗马特别活动小型支线_AvgDialog_C_M.csv,42,AvgDialog,Content,尤乌哈希,没有天天，一般也就两天来一次。,毎日じゃない。二日に一回くらいだ。
AvgDialog_91726_Content_36,bywZ,avgV2.2罗马特别活动小型支线_AvgDialog_C_M.csv,43,AvgDialog,Content,阿格里帕,这和天天有什么区别！你的脸皮还真够厚的，真应该让朵尔也狠狠罚你的禁闭！,それのどこが毎日と違うのよ！本当に面の皮が厚いわね。\nドールはこの男も外出禁止にするべきだわ！
AvgDialog_91726_Content_37,byxa,avgV2.2罗马特别活动小型支线_AvgDialog_C_M.csv,44,AvgDialog,Content,,发觉又开始和锁头搏斗的尤乌哈希已经完全无视了她，自讨没趣的阿格里帕跺了跺脚，想要转身离开。,再び南京錠との格闘を始めたユウハシュが、完全に自分を無視していることに気づくと、アグリッパは面白くなさそうに足を踏み鳴らし、その場を立ち去ろうとした。
AvgDialog_91726_Content_38,byxb,avgV2.2罗马特别活动小型支线_AvgDialog_C_M.csv,45,AvgDialog,Content,,然而那腹中空虚的感受又一次涌了上来。,しかし、腹の虫が鳴くような空腹感が、またしてもこみ上げてくる。
AvgDialog_91726_Content_39,byxc,avgV2.2罗马特别活动小型支线_AvgDialog_C_M.csv,46,AvgDialog,Content,,她想到要回去面对那些无尽的抄写，还是决定继续跟这个令她讨厌的奴隶待在一起更好一些。,部屋へ戻れば、待っているのは終わりの見えない書き写しの課題だ。それなら、気に食わないこの奴隷ともう少し一緒にいるほうが、まだマシかもしれない。
AvgDialog_91726_Content_40,byxe,avgV2.2罗马特别活动小型支线_AvgDialog_C_M.csv,47,AvgDialog,Content,阿格里帕,笨死了，让开！不就是一些锁头，要从里面打开，扯是扯不……,馬鹿ね、どきなさい！こんなのただの南京錠でしょ。中から開ければいいのよ。引っ張ったって外れるわけ……
AvgDialog_91726_Content_41,byxf,avgV2.2罗马特别活动小型支线_AvgDialog_C_M.csv,48,AvgDialog,Content,,没等阿格里帕用那些纤细的节肢捅开锁头，尤乌哈希忽然怒喝一声，猛地将那一串门锁、连同整个门把手都一把扯了下来。,アグリッパが細い節足で南京錠をこじ開けるより早く、ユウハシュは一喝すると、南京錠の束ごと扉の取っ手を力任せに引きちぎった。
AvgDialog_91726_Content_42,byxg,avgV2.2罗马特别活动小型支线_AvgDialog_C_M.csv,49,AvgDialog,Content,阿格里帕,……断的。,……ないでしょ。
AvgDialog_91726_Content_43,byxh,avgV2.2罗马特别活动小型支线_AvgDialog_C_M.csv,50,AvgDialog,Content,,尤乌哈希将手伸进了门上的大洞，从里面轻松地打开了门锁，一脚踹开门板，大步流星地走进了厨房。,ユウハシュは扉に空いた大穴から手を差し込み、内側から難なく鍵を開けると、扉を蹴り飛ばして勢いよく厨房へ入っていった。
AvgDialog_91726_Content_44,byxi,avgV2.2罗马特别活动小型支线_AvgDialog_C_M.csv,51,AvgDialog,Content,阿格里帕,粗鲁的奴隶……喂，等等我！,乱暴な奴隷ね……ちょっと、待ちなさい！
AvgDialog_91726_Content_45,byxj,avgV2.2罗马特别活动小型支线_AvgDialog_C_M.csv,52,AvgDialog,Content,阿格里帕,哇，没想到这里存了这么多吃的，怪不得你天天都要来偷吃。,わぁ……こんなに食べ物が置いてあったなんて。\nこれじゃ毎日のように盗み食いに来るわけだわ。
AvgDialog_91726_Content_46,byxk,avgV2.2罗马特别活动小型支线_AvgDialog_C_M.csv,53,AvgDialog,Content,,两辈子从未进过厨房的阿格里帕睁大着眼，在后厨一个个存储食材、蔬果的大筐旁兴奋地乱窜。,二度の人生を通して一度も厨房に入ったことのないアグリッパは、目を輝かせながら、食材や野菜が入った大きな籠の間を見て回る。
AvgDialog_91726_Content_47,byxl,avgV2.2罗马特别活动小型支线_AvgDialog_C_M.csv,54,AvgDialog,Content,阿格里帕,我认得，这个是圣女果，这个是胡萝卜，餐厅总是把它们混进肉菜的盘子里，想不要都不行。,これ知ってるわ。ミニトマトでしょ。こっちはニンジン。食堂っていつもお肉に混ぜて盛りつけるから、嫌でも食べさせられるのよね。
AvgDialog_91726_Content_48,byxm,avgV2.2罗马特别活动小型支线_AvgDialog_C_M.csv,55,AvgDialog,Content,阿格里帕,这个巨大的绿瓜是什么？居然比我的脑袋还大，算了……一看就不好吃。,この大きな緑の瓜は何？あたしの頭より大きいじゃない。\nまあいいわ……どう見てもおいしそうじゃないし。
AvgDialog_91726_Content_49,byxn,avgV2.2罗马特别活动小型支线_AvgDialog_C_M.csv,56,AvgDialog,Content,阿格里帕,怎么都是些没意思的素菜，他们把那些烤肉藏到哪里去了……尤乌哈希？你又在鼓捣什么？,野菜ばっかりでつまんないわね。焼き肉はどこに隠したのかしら……ユウハシュ？また何をこそこそしてるの？
AvgDialog_91726_Content_50,byxp,avgV2.2罗马特别活动小型支线_AvgDialog_C_M.csv,57,AvgDialog,Content,尤乌哈希,哼，笨女人。,ふん、間抜けな女だ。
AvgDialog_91726_Content_51,byxq,avgV2.2罗马特别活动小型支线_AvgDialog_C_M.csv,58,AvgDialog,Content,,又一次突破后厨封锁的尤乌哈希心情大好，他轻车熟路地打开了制冷箱上孱弱的小锁头，向阿格里帕招了招手。,またしても厨房への侵入に成功して機嫌のいいユウハシュは、慣れた手つきで冷蔵庫に掛けられた頼りない小さな錠前を外し、アグリッパに手招きした。
AvgDialog_91726_Content_52,byxr,avgV2.2罗马特别活动小型支线_AvgDialog_C_M.csv,59,AvgDialog,Content,,当两颗脑袋都凑在制冷箱前时，如同展示新世界的大门一般，尤乌哈希得意地将制冷箱门哗地拉开。,二人が並んで冷蔵庫の前に立つと、まるで新世界の扉でも披露するかのように、ユウハシュは得意げに扉を勢いよく開け放つ。
AvgDialog_91726_Content_53,byxs,avgV2.2罗马特别活动小型支线_AvgDialog_C_M.csv,60,AvgDialog,Content,阿格里帕,这是……火山烤肉排！！,これは……火山ローストステーキ！！
AvgDialog_91726_Content_54,byxt,avgV2.2罗马特别活动小型支线_AvgDialog_C_M.csv,61,AvgDialog,Content,,不见踪影的肉类整齐地码在制冷箱的角落，在冷藏区居然还有一整盘做好的肉排静静躺在中央，散发着诱人的香料气息。,姿の見えなかった肉類は、冷蔵庫の隅に整然と積み上げられていた。中央には焼き上がったステーキを載せた大皿が静かに鎮座し、食欲をそそる香辛料の香りを漂わせている。
AvgDialog_91726_Content_55,byxu,avgV2.2罗马特别活动小型支线_AvgDialog_C_M.csv,62,AvgDialog,Content,尤乌哈希,<Small:嗯？今天居然有这么多剩菜，之前都只有生肉……>,<Small:ん？今日はこんなに残り物があるのか。今までは生肉しかなかったのに……>
AvgDialog_91726_Content_56,byxv,avgV2.2罗马特别活动小型支线_AvgDialog_C_M.csv,63,AvgDialog,Content,,看到满满一盘肉的尤乌哈希也愣了一下，还没等他思考什么，两眼放光的阿格里帕就立刻端起了装肉的餐盘。,山盛りの肉を見たユウハシュも思わず目を丸くする。\nしかし、何が起きたのか考える暇もなく、目を輝かせたアグリッパがさっと肉の載った皿を抱え上げた。
AvgDialog_91726_Content_57,byxw,avgV2.2罗马特别活动小型支线_AvgDialog_C_M.csv,64,AvgDialog,Content,阿格里帕,还等什么，奴隶，快生一堆火把它们热一热！,何ぼさっとしてるのよ、奴隷！早く火を起こして温めなさい！
AvgDialog_91726_Content_58,byxx,avgV2.2罗马特别活动小型支线_AvgDialog_C_M.csv,65,AvgDialog,Content,,尤乌哈希刚想不屑地展示自己关于烤箱的知识，他的余光就瞥见原本放置餐盘的地方有一枚突兀的按钮缓缓亮起。,ユウハシュがオーブンの知識を得意げに披露しようとした、そのときだった。皿が置かれていた場所に、不自然なボタンがゆっくりと光り始めているのが視界の端に映る。
AvgDialog_91726_Content_59,byxy,avgV2.2罗马特别活动小型支线_AvgDialog_C_M.csv,66,AvgDialog,Content,阿格里帕,咦？,ん？
AvgDialog_91726_Content_60,byxA,avgV2.2罗马特别活动小型支线_AvgDialog_C_M.csv,67,AvgDialog,Content,,转瞬之间，制冷箱前两人站立的地板猛地向下分开，露出下方一个黑黝黝的大洞。,次の瞬間、二人が立っていた床が突然左右に割れ、その下にぽっかりと真っ黒な穴が口を開けた。
AvgDialog_91726_Content_61,byxB,avgV2.2罗马特别活动小型支线_AvgDialog_C_M.csv,68,AvgDialog,Content,阿格里帕,咦,ええぇ——っ！？
AvgDialog_91726_Content_62,byxC,avgV2.2罗马特别活动小型支线_AvgDialog_C_M.csv,69,AvgDialog,Content,,那盘美味的烤肉还没来得及被拿稳，就从阿格里帕的手中滑落了。,絶品のローストステーキをしっかり抱える間もなく、皿はアグリッパの手から滑り落ちた。
AvgDialog_91726_Content_63,byxD,avgV2.2罗马特别活动小型支线_AvgDialog_C_M.csv,70,AvgDialog,Content,,"两人一屁股掉在坑底，只听砰的一声，头顶的地板又飞快地合上了。
只剩下两双瞪大的眼睛在黑暗中沉默地对视。",二人はそのまま真っ逆さまに落下し、ドンッという音とともに、頭上の床が閉じる。\n暗闇の中、目を見開いた二人は、無言のまま顔を見合わせた。
AvgDialog_91727_Content_1,byxH,avgV2.2罗马特别活动小型支线_AvgDialog_C_M.csv,72,AvgDialog,Content,,罗马的力量,ローマの力
AvgDialog_91727_Content_2,byxS,avgV2.2罗马特别活动小型支线_AvgDialog_C_M.csv,73,AvgDialog,Content,,在尤乌哈希的全力一击下，两人头顶的地板居然纹丝不动，甚至优雅地亮起了一片银色的纹路。,ユウハシュの渾身の一撃を受けても、二人の頭上の床はびくともしなかった。むしろ銀色の模様が優雅に浮かび上がる。
AvgDialog_91727_Content_3,byyd,avgV2.2罗马特别活动小型支线_AvgDialog_C_M.csv,74,AvgDialog,Content,尤乌哈希,……啧。,……ちっ。
AvgDialog_91727_Content_4,byyo,avgV2.2罗马特别活动小型支线_AvgDialog_C_M.csv,75,AvgDialog,Content,阿格里帕,什么？发生什么事了？这里怎么会有一个大坑？,なに？どういうこと？なんで厨房にこんな大きな穴があるの？
AvgDialog_91727_Content_5,byyz,avgV2.2罗马特别活动小型支线_AvgDialog_C_M.csv,76,AvgDialog,Content,阿格里帕,我明白了……陷阱！是卑鄙的陷阱！是那盘肉！尤乌哈希！那肯定是用来针对你的！！,わかったわ……これは罠よ！卑怯な罠だわ！あの肉よ！ユウハシュ！あれは絶対、お前を狙った罠だったのよ！！
AvgDialog_91727_Content_6,byyK,avgV2.2罗马特别活动小型支线_AvgDialog_C_M.csv,77,AvgDialog,Content,,阿格里帕后知后觉地吵闹起来，看到尤乌哈希的攻击完全无效后，她更是大叫着怒骂起来。,アグリッパは今さら気づいたように大声で騒ぎ始めた。ユウハシュの攻撃がまったく通じないのを見て、さらに声を張り上げる。
AvgDialog_91727_Content_7,byyV,avgV2.2罗马特别活动小型支线_AvgDialog_C_M.csv,78,AvgDialog,Content,阿格里帕,臭奴隶！没用的东西！都怪你！现在好了，连我都要被你连累一起倒霉！,この役立たず！本当に使えないわね！全部お前のせいよ！\nおかげであたしまでひどい目に遭ったじゃない！
AvgDialog_91727_Content_8,byzg,avgV2.2罗马特别活动小型支线_AvgDialog_C_M.csv,79,AvgDialog,Content,阿格里帕,明天一早就会有人打开这个该死的陷阱，说：「瞧瞧我们抓住了什么，两个蠢蛋！就是你们一直在偷吃后厨的东西。」,明日の朝になったら、誰かがこの忌々しい扉を開けて言うのよ。\n「厨房から盗み食いしていた間抜けな二人が捕まったぞ！」って！
AvgDialog_91727_Content_9,byzr,avgV2.2罗马特别活动小型支线_AvgDialog_C_M.csv,80,AvgDialog,Content,阿格里帕,然后我们的名字就会被挂在通告板上，被整个弥萨格嘲笑，笑话我们是两只愚蠢的老鼠。,あたしたちの名前は掲示板に張り出されて、ミサゴ大学中の笑い者よ！馬鹿なネズミ二匹だ、ってみんなに笑われるんだわ！
AvgDialog_91727_Content_10,byxI,avgV2.2罗马特别活动小型支线_AvgDialog_C_M.csv,81,AvgDialog,Content,阿格里帕,我的荣誉，我的尊严，一切都毁了！说不定我还要被罚更久的禁闭和更多的抄写……,あたしの名誉も、誇りも、全部おしまいよ！きっと外出禁止の期間も伸びるし、罰の課題だってもっと増えるわ……
AvgDialog_91727_Content_11,byxJ,avgV2.2罗马特别活动小型支线_AvgDialog_C_M.csv,82,AvgDialog,Content,阿格里帕,可我还什么都没有吃！连一片菜叶都没有吃到！！,なのにあたしはまだ何も食べていないのよ！\n葉っぱ一枚だって口にしてないんだから！！
AvgDialog_91727_Content_12,byxK,avgV2.2罗马特别活动小型支线_AvgDialog_C_M.csv,83,AvgDialog,Content,,在阿格里帕喋喋不休的抱怨中，尤乌哈希尝试了各种攻击的手段。,アグリッパが延々と愚痴をこぼしている間も、ユウハシュはあらゆる手段で脱出を試みていた。
AvgDialog_91727_Content_13,byxL,avgV2.2罗马特别活动小型支线_AvgDialog_C_M.csv,84,AvgDialog,Content,,然而刚刚合上的那两块地板就像是被重新浇筑过，连一道缝隙都找不到了。,しかし、閉じた床板は溶接されたかのように、わずかな隙間すら見当たらない。
AvgDialog_91727_Content_14,byxM,avgV2.2罗马特别活动小型支线_AvgDialog_C_M.csv,85,AvgDialog,Content,,阿格里帕回想起自己来到弥萨格以来的种种生活，想起那些天书一样的课本，写满了她不明白的知识。,アグリッパはミサゴ大学に来てからの日々を思い返した。呪文書にしか見えない教科書。理解できない知識で埋め尽くされたページ。
AvgDialog_91727_Content_15,byxN,avgV2.2罗马特别活动小型支线_AvgDialog_C_M.csv,86,AvgDialog,Content,,还有那些完全变了样的建筑、习俗、发明用品，消失的奴隶制和被迫独立的生活。,すっかり様変わりした建物、風習、道具。そして消え去った奴隷制と自立を強いられる生活。
AvgDialog_91727_Content_16,byxO,avgV2.2罗马特别活动小型支线_AvgDialog_C_M.csv,87,AvgDialog,Content,,从前理所应当的生活变成了闯祸、被罚、再次闯祸的轮回，期间充满了其他人的叹息、嫌弃，甚至敌意。,かつて当たり前だった日常は、トラブルを起こしては罰を受ける——その繰り返しへと変わっていた。周囲からはため息や軽蔑、ときには露骨な敵意まで向けられるようになった。
AvgDialog_91727_Content_17,byxP,avgV2.2罗马特别活动小型支线_AvgDialog_C_M.csv,88,AvgDialog,Content,,世界的法则一夕颠覆，她勉强维持着身为奴隶主的尊严，却只感到一次又一次的不适应。,世界の理が一夜にして覆され、奴隷主としての誇りだけは辛うじて保っていたものの、胸を満たすのは何度経験しても慣れることのない居心地の悪さばかりだった。
AvgDialog_91727_Content_18,byxQ,avgV2.2罗马特别活动小型支线_AvgDialog_C_M.csv,89,AvgDialog,Content,,就像一条搁浅在过去的沙滩上，无法追赶上新的浪潮的鱼。,まるで過去という浜辺に打ち上げられ、新しい波を追うこともできない一匹の魚になってしまったかのようだ。
AvgDialog_91727_Content_19,byxR,avgV2.2罗马特别活动小型支线_AvgDialog_C_M.csv,90,AvgDialog,Content,,此刻，许久未曾进食的、那种虚幻的饥饿感再次笼罩了她。,その時、長いこと何も口にしていなかったせいで生じる、あの実体のない飢餓感が再び彼女を包み込んだ。
AvgDialog_91727_Content_20,byxT,avgV2.2罗马特别活动小型支线_AvgDialog_C_M.csv,91,AvgDialog,Content,,那种空虚带给她的并不是出于生存必需的痛苦，而是失去了一切的、莫大的委屈。,その空虚さがもたらすのは、生きるための苦しみではなく、すべてを失ってしまったような、どうしようもない深い悲しみだった。
AvgDialog_91727_Content_21,byxU,avgV2.2罗马特别活动小型支线_AvgDialog_C_M.csv,92,AvgDialog,Content,阿格里帕,我只是想吃一块肉……,あたしはただ、肉をひと切れ食べたかっただけなのに……
AvgDialog_91727_Content_22,byxV,avgV2.2罗马特别活动小型支线_AvgDialog_C_M.csv,93,AvgDialog,Content,,放出去探索的子嗣也无功而返，阿格里帕崩溃地抱住膝盖，绝望地蜷缩成了一团。,偵察に放っていた眷属たちも成果を得られぬまま戻り、アグリッパはとうとう膝を抱え込んで、絶望のあまり小さく体を丸めた。
AvgDialog_91727_Content_23,byxW,avgV2.2罗马特别活动小型支线_AvgDialog_C_M.csv,94,AvgDialog,Content,阿格里帕,罗马完蛋了，我的人生也完蛋了。我们的世界连一粒灰都没有剩下，一切都被这个该死的新时代吞没了。,ローマは終わった。あたしの人生も終わった。あたしたちの世界は灰一つ残らず、この忌々しい新時代に飲み込まれてしまった……
AvgDialog_91727_Content_24,byxX,avgV2.2罗马特别活动小型支线_AvgDialog_C_M.csv,95,AvgDialog,Content,阿格里帕,我受够了！我受够了这样的生活，受够了这个鬼地方，这里不属于我，也不属于你。,もううんざりよ！こんな暮らしも、この場所も！\nここはあたしの居場所じゃない。お前だってそうでしょう？
AvgDialog_91727_Content_25,byxY,avgV2.2罗马特别活动小型支线_AvgDialog_C_M.csv,96,AvgDialog,Content,阿格里帕,尤乌哈希！我们再也回不去罗马了！那个金色的，充满火焰、鲜花和欢呼的地方，再也回不去了！,ユウハシュ！あたしたちはもう二度とローマに戻れないのよ！あの黄金に輝き、炎と花と歓声に満ちていた場所へは……もう二度と！
AvgDialog_91727_Content_26,byxZ,avgV2.2罗马特别活动小型支线_AvgDialog_C_M.csv,97,AvgDialog,Content,,尤乌哈希原本已经无所谓地坐在角落里，准备就这样等到天亮，却被阿格里帕吵得耳朵生疼。,とっくにどうでもよくなっていたユウハシュは部屋の隅へ腰を下ろし、そのまま夜明けを待つつもりでいた。\nだが、アグリッパの耳障りな喚き声に、たまらず顔をしかめる。
AvgDialog_91727_Content_27,byya,avgV2.2罗马特别活动小型支线_AvgDialog_C_M.csv,98,AvgDialog,Content,,他用力地挖了挖耳朵，皱着眉打断了阿格里帕。,彼は乱暴に耳をほじりながら、眉をひそめてアグリッパの言葉を遮った。
AvgDialog_91727_Content_28,byyb,avgV2.2罗马特别活动小型支线_AvgDialog_C_M.csv,99,AvgDialog,Content,尤乌哈希,吵死了，那又怎么样？,うるさいな。それがどうした？
AvgDialog_91727_Content_29,byyc,avgV2.2罗马特别活动小型支线_AvgDialog_C_M.csv,100,AvgDialog,Content,阿格里帕,……什么？,……はぁ？
AvgDialog_91727_Content_30,byye,avgV2.2罗马特别活动小型支线_AvgDialog_C_M.csv,101,AvgDialog,Content,尤乌哈希,回不去那又怎样？,帰れないから、なんだっていうんだ？
AvgDialog_91727_Content_31,byyf,avgV2.2罗马特别活动小型支线_AvgDialog_C_M.csv,102,AvgDialog,Content,,阿格里帕不可置信地抬起头，冲尤乌哈希破口大骂起来。,アグリッパは信じられないというように顔を上げると、ユウハシュへ向かって怒鳴り散らした。
AvgDialog_91727_Content_32,byyg,avgV2.2罗马特别活动小型支线_AvgDialog_C_M.csv,103,AvgDialog,Content,阿格里帕,亏我还一直以为你是个战士，尤乌哈希，你的血性呢？你那杀戮的誓言呢？,ずっとお前のことは戦士だと思っていたのに……ユウハシュ！\nお前の闘志はどこへ行ったの！？あの殺戮の誓いはどうしたのよ！
AvgDialog_91727_Content_33,byyh,avgV2.2罗马特别活动小型支线_AvgDialog_C_M.csv,104,AvgDialog,Content,阿格里帕,你竟然已经爱上这样每天被人管教的生活，彻底变成一个懦夫了吗！,まさか、毎日誰かに管理されるこんな暮らしが気に入って、すっかり腰抜けになったっていうんじゃないでしょうね！？
AvgDialog_91727_Content_34,byyi,avgV2.2罗马特别活动小型支线_AvgDialog_C_M.csv,105,AvgDialog,Content,尤乌哈希,嗤……,……はっ。
AvgDialog_91727_Content_35,byyj,avgV2.2罗马特别活动小型支线_AvgDialog_C_M.csv,106,AvgDialog,Content,阿格里帕,你笑什么？你承认了，说不出话了么！,何がおかしいのよ？図星だから何も言い返せないってわけ？
AvgDialog_91727_Content_36,byyk,avgV2.2罗马特别活动小型支线_AvgDialog_C_M.csv,107,AvgDialog,Content,尤乌哈希,不，我依然喜欢杀戮，但我已经明白了这里最大的好处，罗马也不能带给我的好处。,いや。俺は今でも殺戮を好む。だが、ここにはローマですら与えてくれなかったものがあると気づいただけだ。
AvgDialog_91727_Content_37,byyl,avgV2.2罗马特别活动小型支线_AvgDialog_C_M.csv,108,AvgDialog,Content,阿格里帕,？！,！？
AvgDialog_91727_Content_38,byym,avgV2.2罗马特别活动小型支线_AvgDialog_C_M.csv,109,AvgDialog,Content,,阿格里帕瞪着眼睛，用一种看叛徒的眼神怒视着他。,アグリッパは目を見開き、裏切り者を見るかのようにユウハシュを睨みつけた。
AvgDialog_91727_Content_39,byyn,avgV2.2罗马特别活动小型支线_AvgDialog_C_M.csv,110,AvgDialog,Content,尤乌哈希,在罗马，人们总是放纵自己，听从欲望，无论是你、我、国王甚至奴隶。,ローマでは、誰もが欲望のままに生きていた。お前も、俺も、王も、奴隷ですらな。
AvgDialog_91727_Content_40,byyp,avgV2.2罗马特别活动小型支线_AvgDialog_C_M.csv,111,AvgDialog,Content,尤乌哈希,我可以为贪婪的国王一夜杀光所有敌人，但那之后，我被关在了地下一千年。,俺は欲深い王のために、一夜で敵を皆殺しにすることだってできた。だがその後は結局、地下へ千年封じられることになった。
AvgDialog_91727_Content_41,byyq,avgV2.2罗马特别活动小型支线_AvgDialog_C_M.csv,112,AvgDialog,Content,尤乌哈希,整整一千年后，我又迎来了新的盛宴，而后我死去，同样因为那放纵的饥渴。,そして千年もの時を経て、ようやく宴にありつけた。だが最後は同じだ。あの抑えの利かない飢えに身を任せたせいで、俺は死んだ。
AvgDialog_91727_Content_42,byyr,avgV2.2罗马特别活动小型支线_AvgDialog_C_M.csv,113,AvgDialog,Content,尤乌哈希,这里的人不一样，他们崇拜那种叫理性的东西，他们纠结、克制、缺乏男子气概。,ここの連中は違う。あいつらは「理性」なんてものを崇め、くだらないことで思い悩んでは、欲望を抑え込んでいる。
AvgDialog_91727_Content_43,byys,avgV2.2罗马特别活动小型支线_AvgDialog_C_M.csv,114,AvgDialog,Content,尤乌哈希,我和你一样讨厌那些乱七八糟的规矩——我都不知道他们为什么要自己给自己定下那么多条条框框？,俺もお前と同じで、あの面倒くさい決まりごとは大嫌いだ——どうしてわざわざ自分を縛るルールを作りたがるのか、理解できない。
AvgDialog_91727_Content_44,byyt,avgV2.2罗马特别活动小型支线_AvgDialog_C_M.csv,115,AvgDialog,Content,尤乌哈希,要知道他们根本控制不了我，只要我想，我随时可以出去大闹一场，杀个痛快。,だが、あいつらに俺を縛ることはできない。俺がその気になれば、いつだって外へ出て暴れ回り、好きなだけ殺しを楽しめる。
AvgDialog_91727_Content_45,byyu,avgV2.2罗马特别活动小型支线_AvgDialog_C_M.csv,116,AvgDialog,Content,尤乌哈希,弥萨格……这些家伙给我的，是源源不断的血、永远不缺敌手的杀戮……,ミサゴ大学……あいつらが俺に与えてくれるのは、尽きることのない血と、決して敵に困ることのない殺し合いだ。
AvgDialog_91727_Content_46,byyv,avgV2.2罗马特别活动小型支线_AvgDialog_C_M.csv,117,AvgDialog,Content,尤乌哈希,就算我们现在被关在这里，等到明天清晨第一缕阳光照进那帮贪睡鬼的宿舍的时候，他们就会发现我不见了。,たとえ今はここに閉じ込められていても、明日の朝、太陽の光があの寝坊助どもの寮に差し込めば、連中は俺がいないことに気づく。
AvgDialog_91727_Content_47,byyw,avgV2.2罗马特别活动小型支线_AvgDialog_C_M.csv,118,AvgDialog,Content,尤乌哈希,然后他们会大惊失色，像热锅上的蚂蚁一样团团转圈，直到乖乖地把这破门打开。,そうなれば大慌てで右往左往し、最後には大人しくこの忌々しい扉を開けるしかなくなる。
AvgDialog_91727_Content_48,byyx,avgV2.2罗马特别活动小型支线_AvgDialog_C_M.csv,119,AvgDialog,Content,尤乌哈希,这所谓的新时代奈何不了我们，不是吗？,この新時代とやらも、結局は俺たちをどうこうできやしない。\nそうだろう？
AvgDialog_91727_Content_49,byyy,avgV2.2罗马特别活动小型支线_AvgDialog_C_M.csv,120,AvgDialog,Content,,阿格里帕原本愤怒的表情渐渐愣住，她看着叉着腿放松地靠在角落的尤乌哈希，突然明白了这里为她带来的、那宝贵的「安心」。,アグリッパの怒りに満ちた表情は、次第に呆然としたものへ変わっていった。足を投げ出して部屋の隅へもたれかかるユウハシュを見つめながら、彼女はふと気づく。\nここが自分にもたらしてくれた、かけがえのない「安心」に。
AvgDialog_91727_Content_50,byyA,avgV2.2罗马特别活动小型支线_AvgDialog_C_M.csv,121,AvgDialog,Content,,她想起每当夜晚到来时，她早就可以安心地闭上眼睛，不必再担心任何背叛。,夜になれば、何の不安もなく目を閉じることができる。\n誰かの裏切りを警戒しながら眠る必要など、もうなくなっていた。
AvgDialog_91727_Content_51,byyB,avgV2.2罗马特别活动小型支线_AvgDialog_C_M.csv,122,AvgDialog,Content,,那曾在迷宫中将她牢牢困住的、噩梦般的过去，她已经很久很久没有再想起了。,かつて迷宮の中で彼女を縛りつけていた、悪夢のような過去——その記憶を、彼女はずいぶん長い間、思い出していなかった。
AvgDialog_91727_Content_52,byyC,avgV2.2罗马特别活动小型支线_AvgDialog_C_M.csv,123,AvgDialog,Content,,然而看着那个奴隶狂妄又自以为是的样子，她还是感到一阵牙根痒痒。,だがそれでも、あの奴隷が相変わらず傲慢で得意げな顔をしているのを見ると、やはり奥歯が疼くような苛立ちを覚えるのだった。
AvgDialog_91727_Content_53,byyD,avgV2.2罗马特别活动小型支线_AvgDialog_C_M.csv,124,AvgDialog,Content,阿格里帕,什么叽里呱啦的，不就是你背叛了罗马，爱上了给新主子当奴隶的生活吗？,笑わせないでよ。結局、お前はローマを裏切って、新しい主人に仕える奴隷の暮らしが気に入っただけじゃない。
AvgDialog_91727_Content_54,byyE,avgV2.2罗马特别活动小型支线_AvgDialog_C_M.csv,125,AvgDialog,Content,尤乌哈希,奴隶，武器……谁在乎？他们给我血，给我取之不尽用之不竭的血！,奴隷、武器……そんなもの誰が気にする？あいつらは俺に血をくれる。いくらでも、尽きることのない血をな！
AvgDialog_91727_Content_55,byyF,avgV2.2罗马特别活动小型支线_AvgDialog_C_M.csv,126,AvgDialog,Content,尤乌哈希,至于你的规矩……早就已经和罗马一样，埋了很多年了。,お前のいう「決まり」なんて……ローマと同じように、長い年月の中へ埋もれたんだ。
AvgDialog_91727_Content_56,byyG,avgV2.2罗马特别活动小型支线_AvgDialog_C_M.csv,127,AvgDialog,Content,尤乌哈希,哪怕现在回到罗马，像你这样的怪物也会立刻被征讨，这样一看，你还要感谢这个地方啊。,今さらローマへ戻ったところで、お前のような化け物はすぐに討伐される。そう考えれば、むしろこの場所に感謝すべきなんじゃないか。
AvgDialog_91727_Content_57,byyH,avgV2.2罗马特别活动小型支线_AvgDialog_C_M.csv,128,AvgDialog,Content,阿格里帕,你！我听明白了，你的的确确是变成了一个懦夫！,お前……わかったわ。やっぱり、腑抜けになったんじゃない！
AvgDialog_91727_Content_58,byyI,avgV2.2罗马特别活动小型支线_AvgDialog_C_M.csv,129,AvgDialog,Content,阿格里帕,你就是害怕了被人随用随丢的生活，想要当一条被人呵护的宠物狗罢了！,好き勝手使われて、用が済めば捨てられるような暮らしが怖くなったんでしょ？だから誰かに可愛がられる飼い犬になりたいだけなのよ！
AvgDialog_91727_Content_59,byyJ,avgV2.2罗马特别活动小型支线_AvgDialog_C_M.csv,130,AvgDialog,Content,尤乌哈希,害怕？我从来没有害怕，更没有后悔。,怖いだと？\n俺は一度も恐れたことなどない。後悔したこともない。
AvgDialog_91727_Content_60,byyL,avgV2.2罗马特别活动小型支线_AvgDialog_C_M.csv,131,AvgDialog,Content,尤乌哈希,我只是不像某个蠢货，非要维护自己那可怜的破布一样的尊严、拼命埋着头抗拒新生活罢了。,俺はただ、どこかの馬鹿みたいに、ぼろ布同然のプライドを守って、新しい暮らしを拒み続けるつもりはないだけだ。
AvgDialog_91727_Content_61,byyM,avgV2.2罗马特别活动小型支线_AvgDialog_C_M.csv,132,AvgDialog,Content,阿格里帕,你说谁是蠢货？！,誰が馬鹿ですって！？
AvgDialog_91727_Content_62,byyN,avgV2.2罗马特别活动小型支线_AvgDialog_C_M.csv,133,AvgDialog,Content,,阿格里帕气到发丝炸起，一团又一团苍白的肉卵钻出身体，那些节肢疯狂地跺着地面，最终忍无可忍地向尤乌哈希扑去。,アグリッパは怒りのあまり髪を逆立てた。その身体からは白い肉塊のような卵が次々と這い出し、節足が狂ったように地面を踏み鳴らす。\nついに我慢の限界を超えた彼女は、ユウハシュへ飛びかかった。
AvgDialog_91727_Content_63,byyO,avgV2.2罗马特别活动小型支线_AvgDialog_C_M.csv,134,AvgDialog,Content,阿格里帕,下贱的奴隶，你要为你的无礼付出代价！,下賤な奴隷め！その無礼、必ず後悔させてやるわ！
AvgDialog_91727_Content_64,byyP,avgV2.2罗马特别活动小型支线_AvgDialog_C_M.csv,135,AvgDialog,Content,尤乌哈希,怎么，你想再一次被我吸干鲜血吗？,どうした、また俺に血を吸い尽くされたいのか？
AvgDialog_91727_Content_65,byyQ,avgV2.2罗马特别活动小型支线_AvgDialog_C_M.csv,136,AvgDialog,Content,阿格里帕,尤乌哈希！！！,ユウハシュ！！！
AvgDialog_91727_Content_66,byyR,avgV2.2罗马特别活动小型支线_AvgDialog_C_M.csv,137,AvgDialog,Content,,狭小的空间里，毒汁与血刺飞舞，节肢与双手碰撞，两个人毫无形象地扭打成一团，谁也不愿意服输。,狭い空間の中で、毒液と血の刃が飛び交い、節足と両手が激しくぶつかり合う。二人はなりふり構わず取っ組み合い、どちらも決して引こうとはしなかった。
AvgDialog_91727_Content_67,byyS,avgV2.2罗马特别活动小型支线_AvgDialog_C_M.csv,138,AvgDialog,Content,,就在他们大动干戈的时候，不知道是哪道攻击起了作用，头顶那扇亮着微弱银光的门板忽然闪烁了一下。,そんな大騒ぎの中、どの攻撃がきっかけになったのかは分からない。頭上にある、淡い銀色の光を放つ扉が、ふいに一瞬だけ明滅した。
AvgDialog_91727_Content_68,byyT,avgV2.2罗马特别活动小型支线_AvgDialog_C_M.csv,139,AvgDialog,Content,阿格里帕,等等……刚刚这个门板是不是闪了一下？,待って……今、あの扉、光らなかった？
AvgDialog_91727_Content_69,byyU,avgV2.2罗马特别活动小型支线_AvgDialog_C_M.csv,140,AvgDialog,Content,,阿格里帕忽然停了手抬头看去，来不及刹住的尤乌哈希一头撞了出去，咚地撞上了仍然岿然不动的门板。,アグリッパは手を止めて頭上を見上げた。\nだが、勢いを止めきれなかったユウハシュは、そのまま前へ突っ込み——ドン、と未だびくともしない扉へ頭から激突した。
AvgDialog_91727_Content_70,byyW,avgV2.2罗马特别活动小型支线_AvgDialog_C_M.csv,141,AvgDialog,Content,尤乌哈希,哈？,は？
AvgDialog_91727_Content_71,byyX,avgV2.2罗马特别活动小型支线_AvgDialog_C_M.csv,142,AvgDialog,Content,,阿格里帕推开碍事的尤乌哈希，扒在门板上仔细研究着，忽然从那流淌着银光的纹路中看到了某些熟悉的东西。,アグリッパは邪魔なユウハシュを押しのけ、扉に顔を寄せてじっくり観察し始める。すると、銀色の光が流れる紋様の中に、彼女は見覚えのあるものを見つけた。
AvgDialog_91727_Content_72,byyY,avgV2.2罗马特别活动小型支线_AvgDialog_C_M.csv,143,AvgDialog,Content,阿格里帕,这些纹路……好像是我刚刚抄过的银芯驱动机关回路？,この紋様……\nさっき書き写したシルバーコア駆動システムの回路に似てる……？
AvgDialog_91727_Content_73,byyZ,avgV2.2罗马特别活动小型支线_AvgDialog_C_M.csv,144,AvgDialog,Content,尤乌哈希,什么鸡什么鹿？,シル……何だって？
AvgDialog_91727_Content_74,byza,avgV2.2罗马特别活动小型支线_AvgDialog_C_M.csv,145,AvgDialog,Content,,刚刚罚抄的内容一下子涌入脑袋，在更差的差生面前，阿格里帕那贫瘠的知识终于有了炫耀的机会。,罰として書き写した内容が、一気に頭の中へ蘇る。\n自分よりさらに成績の悪い相手を前にして、アグリッパの乏しい知識にも、ようやくひけらかす機会が訪れた。
AvgDialog_91727_Content_75,byzb,avgV2.2罗马特别活动小型支线_AvgDialog_C_M.csv,146,AvgDialog,Content,阿格里帕,说了你也听不懂，总之这种机关以银芯为核心，因为银芯的……什么什么特性，它的核心通常都离机关的位置不远。,言ったって、お前には理解できないでしょうけど……\nとにかく、この手のシステムはシルバーコアを核として動いてるの。\nシルバーコアには……えっと、何とかっていう性質があって……\nその核は普通、本体からそう遠くない場所に配置されているのよ。
AvgDialog_91727_Content_76,byzc,avgV2.2罗马特别活动小型支线_AvgDialog_C_M.csv,147,AvgDialog,Content,阿格里帕,而且这些核心构造十分精密，刚刚一定是恰巧打中了核心所在的位置，这破门才会有反应。,それに、この核の構造はすごく精密なの。きっとさっきの攻撃がたまたま核のある場所に当たったから、この扉が反応したんだわ。
AvgDialog_91727_Content_77,byzd,avgV2.2罗马特别活动小型支线_AvgDialog_C_M.csv,148,AvgDialog,Content,阿格里帕,只要我们针对核心的位置造成足够的震荡，就能够破坏掉门上的机关！,つまり、核の位置に十分な衝撃を与えれば、この扉を壊せるはずってことよ！
AvgDialog_91727_Content_78,byze,avgV2.2罗马特别活动小型支线_AvgDialog_C_M.csv,149,AvgDialog,Content,尤乌哈希,听不懂，总之就是要狠狠打那个什么东西吧，它在哪？,分からん。とにかく、その何とかってやつを思いきり叩けばいいんだろう？それはどこにある？
AvgDialog_91727_Content_79,byzf,avgV2.2罗马特别活动小型支线_AvgDialog_C_M.csv,150,AvgDialog,Content,阿格里帕,我看看……按照这个机关的功能，这里回路的走向应该是这边……不对不对，这边？,えっと……このシステムの機能から考えると、この回路の流れはこっちのはず……違う、こっち？
AvgDialog_91727_Content_80,byzh,avgV2.2罗马特别活动小型支线_AvgDialog_C_M.csv,151,AvgDialog,Content,阿格里帕,呃……应该藏在这面墙的这里？,うーん……たぶん、この壁のこの辺りに隠れてるんじゃないかしら？
AvgDialog_91727_Content_81,byzi,avgV2.2罗马特别活动小型支线_AvgDialog_C_M.csv,152,AvgDialog,Content,阿格里帕,算了，这些考试我从来就没有及格过，这次一定又错了。,でも、あたしはこの手の試験に一度も合格したことがないし、今回もどうせ間違ってるに決まってるわ。
AvgDialog_91727_Content_82,byzj,avgV2.2罗马特别活动小型支线_AvgDialog_C_M.csv,153,AvgDialog,Content,,阿格里帕颓然地垂下脑袋，让她意外的是，眼前的奴隶竟然没有趁机嘲笑她，只是认真地点了点头。,アグリッパはがっくりとうなだれた。だが意外なことに、目の前の奴隷はそれをからかうこともなく、ただ真面目な顔でうなずいた。
AvgDialog_91727_Content_83,byzk,avgV2.2罗马特别活动小型支线_AvgDialog_C_M.csv,154,AvgDialog,Content,尤乌哈希,看来你也在这里改变了很多啊。,どうやら、お前もここでずいぶん変わったみたいだな。
AvgDialog_91727_Content_84,byzl,avgV2.2罗马特别活动小型支线_AvgDialog_C_M.csv,155,AvgDialog,Content,,尤乌哈希回过头，像是面对最强大的对手一般凝视着墙上那个虚幻的点。,ユウハシュはそう言うと壁の方へ向き直り、まるで最強の敵と対峙するかのように、その壁にある見えない一点を鋭く見据えた。
AvgDialog_91727_Content_85,byzm,avgV2.2罗马特别活动小型支线_AvgDialog_C_M.csv,156,AvgDialog,Content,,如同昔日战场上的杀神归来，一根又一根鲜血凝聚的长矛拱卫在他的身旁，在黑暗中散发着猩红的光。,かつて戦場で「殺戮の神」と恐れられた戦士の周囲に、鮮血で形作られた槍が一本、二本と浮かび上がる。\n槍は闇の中で深紅の光を放っていた。
AvgDialog_91727_Content_86,byzn,avgV2.2罗马特别活动小型支线_AvgDialog_C_M.csv,157,AvgDialog,Content,尤乌哈希,那就让这间厨房的人看一看，罗马最强大的战士的力量吧！,ならば見せてやろう。\nこの厨房の連中に——ローマ最強の戦士の力というものを！
AvgDialog_91727_Content_87,byzo,avgV2.2罗马特别活动小型支线_AvgDialog_C_M.csv,158,AvgDialog,Content,,伴随着张狂的笑声，灌注了战士全力的一击精准轰上了那一点，在一声微弱的咔哒声中，头顶那扇坚不可摧的门板终于黯淡了下来。,豪放な笑い声とともに、戦士の全力を込めた一撃が、その一点を寸分違わず撃ち抜く。カチッという音がかすかに響き、頭上の堅牢な扉はついにその輝きを失った。
AvgDialog_91727_Content_88,byzp,avgV2.2罗马特别活动小型支线_AvgDialog_C_M.csv,159,AvgDialog,Content,,淡淡的银光闪烁消失，阿格里帕惊讶地抬起头，开怀地笑了起来。,淡い銀色の光が揺らめき、やがて消える。\nアグリッパは驚いて見上げたあと、満面の笑みを浮かべた。
AvgDialog_91727_Content_89,byzq,avgV2.2罗马特别活动小型支线_AvgDialog_C_M.csv,160,AvgDialog,Content,阿格里帕,成功了！什么银芯科技，区区厨房，还不是被老娘征服了！,やったわ！シルバーコアテクノロジーだか何だか知らないけど、たかが厨房じゃない！このあたしが征服してやったわ！
AvgDialog_91727_Content_90,byzs,avgV2.2罗马特别活动小型支线_AvgDialog_C_M.csv,161,AvgDialog,Content,,她与尤乌哈希对视一眼，不约而同地哼了一声，一起轰然捶飞了失效的门板。,二人は目を見合わせると、同時にふんと鼻を鳴らし、息を合わせて力任せに扉を殴り飛ばした。
AvgDialog_91727_Content_91,byzt,avgV2.2罗马特别活动小型支线_AvgDialog_C_M.csv,162,AvgDialog,Content,阿格里帕,不知感恩的奴隶，这里的食物应该由我先享用！,恩知らずの奴隷ね！ここの食べ物は、まずこのあたしがいただくわ！
AvgDialog_91727_Content_92,byzu,avgV2.2罗马特别活动小型支线_AvgDialog_C_M.csv,163,AvgDialog,Content,尤乌哈希,没有我你打得开那个门吗？当然是谁先抢到算谁的。,俺がいなければ扉を開けられなかっただろう？早い者勝ちだ。
AvgDialog_91727_Content_93,byzv,avgV2.2罗马特别活动小型支线_AvgDialog_C_M.csv,164,AvgDialog,Content,,在争抢和撕打中，憋闷已久的两人风卷残云地清空了厨房的肉食，而后大摇大摆地扬长而去。,食べ物を奪い合い、殴り合いまで始めながら、鬱憤を溜め込んでいた二人は厨房の肉という肉をあっという間に平らげる。\nそして何事もなかったかのように、大手を振ってその場を後にした。
AvgDialog_91727_Content_94,byzw,avgV2.2罗马特别活动小型支线_AvgDialog_C_M.csv,165,AvgDialog,Content,,他们的名字最终还是没有出现在校园的通告板上，属于罗马的荣耀在这个夜晚得以保全。,結局、二人の名が大学の掲示板に載ることはなかった。\nローマの栄光は、今宵も守り抜かれたのである。
AvgDialog_91727_Content_95,byzx,avgV2.2罗马特别活动小型支线_AvgDialog_C_M.csv,166,AvgDialog,Content,,可喜可贺，此地又一次被罗马的力量成功征服。,めでたし、めでたし。\nこの地は、ローマの力の前にひれ伏した。
AvgDialog_91727_Content_96,byzy,avgV2.2罗马特别活动小型支线_AvgDialog_C_M.csv,167,AvgDialog,Content,,只有厨师长在第二天信心满满地走进后厨后，发出了一声响彻校园的怒吼。,——ただ一人。翌朝、自信満々で厨房へ足を踏み入れた料理長だけが、学内中に響き渡るほどの怒号を上げることとなった。
AvgDialog_71986_Content_2,apua,avg星辰章-序_AvgDialog_C_M.csv,9,AvgDialog,Content,,在那无限的宁静之中，一枚小小的白色光点悄然凝聚，在眼前游移漂浮。,その果てしない静寂の中、小さな白い光の点がそっと集まり、目の前を漂っていた。
AvgDialog_71986_Content_3,apud,avg星辰章-序_AvgDialog_C_M.csv,10,AvgDialog,Content,？？？,很遗憾，在本次对抗融蚀的旅途中……我们付出了如此惨痛的代价。,残念だ。今回の融蝕との戦いの果てに……\n私たちはあまりにも大きな代償を払った。
AvgDialog_71986_Content_5,apuf,avg星辰章-序_AvgDialog_C_M.csv,12,AvgDialog,Content,？？？,但我无法忍受，目睹你陷入那门扉之内，永世的孤独。,だが私には耐えられない。\nあなたがあの扉の内側で、永遠の孤独に沈むのを見ているなど。
AvgDialog_71986_Content_6,apug,avg星辰章-序_AvgDialog_C_M.csv,13,AvgDialog,Content,,清冷的女声。足够熟悉，但又有些不一样。,冷たく澄んだ女性の声。\n聞き慣れているはずなのに、どこか違う。
AvgDialog_71986_Content_8,apui,avg星辰章-序_AvgDialog_C_M.csv,15,AvgDialog,Content,？？？,我会还给你……一个世界。,私が返そう……一つの世界を。
AvgDialog_71986_Content_10,aptQ,avg星辰章-序_AvgDialog_C_M.csv,17,AvgDialog,Content,,流光的幻景在眼前破碎，映入眼帘的少女紧抿双唇，双眼被眼罩牢牢遮覆。,流れる光の幻が眼前で砕け、映ったのは唇を固く結んだ少女。\nその両眼は眼帯にしっかりと覆われている。
AvgDialog_71986_Content_13,aptT,avg星辰章-序_AvgDialog_C_M.csv,20,AvgDialog,Content,本源拉蒙娜,面对毁灭的回溯，我已经不知道经历了多少次……,滅びの繰り返しを、私はもう何度経験したのか分からない……
AvgDialog_71986_Content_14,aptU,avg星辰章-序_AvgDialog_C_M.csv,21,AvgDialog,Content,,她走上前来，用纤细的双手蒙上你的眼。,彼女は歩み寄り、細い両手であなたの眼を覆った。
AvgDialog_71986_Content_15,aptV,avg星辰章-序_AvgDialog_C_M.csv,22,AvgDialog,Content,本源拉蒙娜,将你的一缕意识交给我。,あなたの意識の一片を、私に預けてくれ。
AvgDialog_71986_Content_16,aptW,avg星辰章-序_AvgDialog_C_M.csv,23,AvgDialog,Content,本源拉蒙娜,就像夜幕落下，万物坠入黑暗……,夜の帳が下りて、すべてが暗闇へ沈むように……
AvgDialog_71986_Content_17,aptX,avg星辰章-序_AvgDialog_C_M.csv,24,AvgDialog,Content,本源拉蒙娜,然后太阳升起，一切恢复到最初的原点。,そして陽が昇り、すべてが最初の原点へと戻る。
AvgDialog_71986_Content_18,aptY,avg星辰章-序_AvgDialog_C_M.csv,25,AvgDialog,Content,本源拉蒙娜,这里是你的意识，他们的一切都源于你。,ここは、あなたの意識。\n彼らのすべてはあなたから生まれている。
AvgDialog_71986_Content_19,aptZ,avg星辰章-序_AvgDialog_C_M.csv,26,AvgDialog,Content,本源拉蒙娜,他们的记忆中不会留存这段毁灭的记录，但我知道你不会遗忘。,彼らの記憶に、この滅びの記録は残らない。\nだが、あなたは忘れない。私には分かる。
AvgDialog_71986_Content_20,apub,avg星辰章-序_AvgDialog_C_M.csv,27,AvgDialog,Content,本源拉蒙娜,珍惜这点滴的时光吧。,この束の間の時を、大切にするといい。
AvgDialog_72006_Content_1,apFV,avg星辰章1_AvgDialog_C_M.csv,8,AvgDialog,Content,,缸中之梦,水槽の中で見る夢
AvgDialog_72006_Content_2,apGg,avg星辰章1_AvgDialog_C_M.csv,9,AvgDialog,Content,？？？,把留声机启动起来。书架左起第三张黑色封面的唱片。,蓄音機を回して。\n本棚の左から三枚目、黒い表紙のレコードよ。
AvgDialog_72006_Content_3,apGr,avg星辰章1_AvgDialog_C_M.csv,10,AvgDialog,Content,？？？,反应炉里再补充21mg精纯银芯。用二次提炼的，灵性磨灭得越彻底越好。,反応炉に純粋なシルバーコアを21mg追加。\n二次精錬されたものを使って。霊性が消えているほどいいわ。
AvgDialog_72006_Content_4,apGC,avg星辰章1_AvgDialog_C_M.csv,11,AvgDialog,Content,？？？,今天的实验产物……就要完成了。,今日の実験の産物が……もうすぐ完成する。
AvgDialog_72006_Content_5,apGN,avg星辰章1_AvgDialog_C_M.csv,12,AvgDialog,Content,熔毁·朵尔,能感知到我的存在吗？,わたしの存在を感じ取れる？
AvgDialog_72006_Content_6,apGY,avg星辰章1_AvgDialog_C_M.csv,13,AvgDialog,Content,熔毁·朵尔,……,……
AvgDialog_72006_Content_7,apHj,avg星辰章1_AvgDialog_C_M.csv,14,AvgDialog,Content,熔毁·朵尔,不要犹豫。用你正常的方式去「说话」就好。仪器会捕捉你发射的模拟信号，再将它转化成声波信号。,ためらわないで。いつものやり方で「話す」だけでいいわ。装置があなたの発する疑似信号を捉えて、音声信号に変換してくれるから。
AvgDialog_72006_Content_8,apHu,avg星辰章1_AvgDialog_C_M.csv,15,AvgDialog,Content,,你尝试着按照她的嘱咐发声。感觉不到喉舌的震动反馈，但她若有所思地露出一抹诡谲微笑。,あなたはいわれたとおりに声を出してみる。喉や舌の震えは感じられないが、彼女は何か考えこむように妖しい笑みを浮かべた。
AvgDialog_72006_Content_9,apHz,avg星辰章1_AvgDialog_C_M.csv,16,AvgDialog,Content,熔毁·朵尔,你问我这是哪儿？,ここはどこか、と聞きたいの？
AvgDialog_72006_Content_10,apFW,avg星辰章1_AvgDialog_C_M.csv,17,AvgDialog,Content,熔毁·朵尔,欢迎来到我的秘密基地，来自317号世界的旅行者，那位「无上意志」的一缕灵识……一只可怜的落水小狗。,ようこそ、わたしの秘密基地へ。第317号世界からの旅人であり、あの「至高の意志」の意識の欠片……哀れな、溺れかけの子犬ちゃん。
AvgDialog_72006_Content_11,apFX,avg星辰章1_AvgDialog_C_M.csv,18,AvgDialog,Content,熔毁·朵尔,告诉我，你的世界已经毁灭了吗？,教えて。あなたの世界は、もう滅びたのかしら？
AvgDialog_72006_Content_12,apFY,avg星辰章1_AvgDialog_C_M.csv,19,AvgDialog,Content,,……,……
AvgDialog_72006_Content_13,apFZ,avg星辰章1_AvgDialog_C_M.csv,20,AvgDialog,Content,熔毁·朵尔,真不愧是「我」的所作所为啊。,さすが「わたし」のやることね。
AvgDialog_72006_Content_14,apGa,avg星辰章1_AvgDialog_C_M.csv,21,AvgDialog,Content,熔毁·朵尔,正如你所想，你所在的世界的「我」是由这个「我」通过维度旅行能力送到你的时空中的。,あなたの思うとおり、あなたの世界の「わたし」は、この「わたし」が次元を渡る力であなたの時空へ送り込んだものよ。
AvgDialog_72006_Content_15,apGb,avg星辰章1_AvgDialog_C_M.csv,22,AvgDialog,Content,熔毁·朵尔,作为回报，她为我送来了有趣的礼物……你的「意识」。,そのお礼に、彼女は面白い贈り物を届けてくれた……\nあなたの「意識」をね。
AvgDialog_72006_Content_16,apGc,avg星辰章1_AvgDialog_C_M.csv,23,AvgDialog,Content,,…………,…………
AvgDialog_72006_Content_17,apGd,avg星辰章1_AvgDialog_C_M.csv,24,AvgDialog,Content,熔毁·朵尔,想见见现在的自己吗？,今の自分の姿を見てみたい？
AvgDialog_72006_Content_18,apGe,avg星辰章1_AvgDialog_C_M.csv,25,AvgDialog,Content,,她的笑意旺盛，像一盏肆意绽放的黑色大丽花。,彼女の笑みが深まる。\nまるで色濃く咲き乱れる黒いダリアのようだ。
AvgDialog_72006_Content_19,apGf,avg星辰章1_AvgDialog_C_M.csv,26,AvgDialog,Content,熔毁·朵尔,温柯尔，搬一面落地镜来。,ウインクル、姿見を持ってきて。
AvgDialog_72006_Content_20,apGh,avg星辰章1_AvgDialog_C_M.csv,27,AvgDialog,Content,熔毁·朵尔,让我们的「客人」，好好看看自己现在的模样……,わたしたちの「お客様」にみせてあげましょう……\n今の姿をね。
AvgDialog_72006_Content_21,apGi,avg星辰章1_AvgDialog_C_M.csv,28,AvgDialog,Content,熔毁·朵尔,无需眼球，用光电讯号模拟视觉神经。,眼球は不要。\n光電信号で視神経を再現するから。
AvgDialog_72006_Content_22,apGj,avg星辰章1_AvgDialog_C_M.csv,29,AvgDialog,Content,熔毁·朵尔,无需声带，用机械震动和液态介质替代发声和接收器官。,声帯も不要。\n機械の振動と液体が、発声器官と受信器官を代替するから。
AvgDialog_72006_Content_23,apGk,avg星辰章1_AvgDialog_C_M.csv,30,AvgDialog,Content,熔毁·朵尔,完美的思考者，缸中之脑……,完璧な知性体、水槽の中の脳……
AvgDialog_72006_Content_24,apGl,avg星辰章1_AvgDialog_C_M.csv,31,AvgDialog,Content,熔毁·朵尔,这就是你啊，伟大的「无上意志」！,これがあなたよ。\n偉大なる「至高の意志」！
AvgDialog_72006_Content_25,apGm,avg星辰章1_AvgDialog_C_M.csv,32,AvgDialog,Content,,落地镜中倒映出「你」的影子，仿佛刚被剥离而出的大脑透露出令人难以直视的粉红，表面的皱褶与沟壑像极了扭曲的山脉。,姿見に「あなた」の影が映る。\nそれは、まるで今しがた剥ぎ取られたばかりのような「脳」だった。\n直視しがたい桃色を帯び、表面のしわや溝は歪んだ山脈を思わせる。
AvgDialog_72006_Content_26,apGn,avg星辰章1_AvgDialog_C_M.csv,33,AvgDialog,Content,,营养液中细小的气泡发出微微的涌动声，似乎在低语着什么不可名状的秘密，令你本就混沌的「头脑」陷入异常的紧绷。,培養液の小さな気泡がかすかに沸き立ち、名状しがたい秘密を囁くように、混沌としたあなたの「頭脳」を、異様に張りつめさせる。
AvgDialog_72006_Content_27,apGo,avg星辰章1_AvgDialog_C_M.csv,34,AvgDialog,Content,,"熔毁·朵尔纵声狂笑。
温柯尔在她的身后，紧张地咬着指甲。",溶融・ドールが声高らかに笑い狂う。\nその背後で、ウインクルは緊張して爪を噛んでいた。
AvgDialog_72006_Content_28,apGp,avg星辰章1_AvgDialog_C_M.csv,35,AvgDialog,Content,温柯尔,我、我能离开了吗？,わ、私はもう離れてもいいかな？
AvgDialog_72006_Content_29,apGq,avg星辰章1_AvgDialog_C_M.csv,36,AvgDialog,Content,熔毁·朵尔,不……帮我继续实验步骤。这是手册。,いいえ……このまま実験を続けて。\nこれが手引書よ。
AvgDialog_72006_Content_30,apGs,avg星辰章1_AvgDialog_C_M.csv,37,AvgDialog,Content,,熔毁·朵尔拨停了留声机，扬长而去，空旷的实验室内只留温柯尔和你面面相觑。,溶融・ドールは蓄音機を止めると、悠然と去っていった。\n広々とした実験室に、ウインクルとあなただけが取り残される。
AvgDialog_72006_Content_31,apGt,avg星辰章1_AvgDialog_C_M.csv,38,AvgDialog,Content,温柯尔,实验步骤，实验步骤……,
AvgDialog_72006_Content_32,apGu,avg星辰章1_AvgDialog_C_M.csv,39,AvgDialog,Content,,她仿佛才反应过来朵尔的叮嘱，转过身去哗啦啦地乱翻着朵尔留下的手记，那情状与其说一目十行不如说半个字也没看进去。,彼女はようやくドールの指示を思い出し、手引書をめくる。だがその様子は、流し読みというより一文字も頭に入っていないようだった。
AvgDialog_72006_Content_33,apGv,avg星辰章1_AvgDialog_C_M.csv,40,AvgDialog,Content,玩家,喂，喂。你能听见我说话吗？,ねえ、ちょっと、私の声が聞こえる？
AvgDialog_72006_Content_34,apGw,avg星辰章1_AvgDialog_C_M.csv,41,AvgDialog,Content,温柯尔,听不见，听不见，我什么也没听见……,聞こえない聞こえない、私は何も聞いてない……
AvgDialog_72006_Content_35,apGx,avg星辰章1_AvgDialog_C_M.csv,42,AvgDialog,Content,玩家,你是……温柯尔吧？,君は……ウインクル、だよね？
AvgDialog_72006_Content_36,apGy,avg星辰章1_AvgDialog_C_M.csv,43,AvgDialog,Content,温柯尔,你、你怎么会知道……,な、なんで知ってるの……
AvgDialog_72006_Content_37,apGz,avg星辰章1_AvgDialog_C_M.csv,44,AvgDialog,Content,玩家,不必害怕，温柯尔，我们曾经是共同作战的伙伴。,怖がらないで、ウインクル。\n私たちはかつて、一緒に戦った仲間なんだ。
AvgDialog_72006_Content_38,apGA,avg星辰章1_AvgDialog_C_M.csv,45,AvgDialog,Content,,你试着安抚她的情绪。神经质状态下的温柯尔是无法进行任何有效交流的，你内心清楚。,あなたは彼女をなだめようとしたが、神経質になったウインクルとまともに話ができないことは、内心よく分かっていた。
AvgDialog_72006_Content_39,apGB,avg星辰章1_AvgDialog_C_M.csv,46,AvgDialog,Content,温柯尔,你……我……,君と……私が……
AvgDialog_72006_Content_40,apGD,avg星辰章1_AvgDialog_C_M.csv,47,AvgDialog,Content,,她咬着指甲，眼神时左时右飘忽不定，像一只被逼退在角落里、充满恐惧的幼兽。,彼女は爪を噛み、視線を左右ににさまよわせる。\nその姿は追い詰めらて震える、小動物のようだった。
AvgDialog_72006_Content_41,apGE,avg星辰章1_AvgDialog_C_M.csv,48,AvgDialog,Content,玩家,冷静一点。能请你告诉我，我为什么会来到这里吗？,落ち着いて。\n私がなぜここへ来たのか、教えてくれない？
AvgDialog_72006_Content_42,apGF,avg星辰章1_AvgDialog_C_M.csv,49,AvgDialog,Content,温柯尔,这、这……,そ、それは……
AvgDialog_72006_Content_43,apGG,avg星辰章1_AvgDialog_C_M.csv,50,AvgDialog,Content,,"你耐心地等候着她的情绪走向平静。
半晌，她好像终于下定了决心。",あなたは辛抱強く、彼女の気持ちが落ち着くのを待つ。\nしばらくして、彼女はようやく決心したようだった。
AvgDialog_72006_Content_44,apGH,avg星辰章1_AvgDialog_C_M.csv,51,AvgDialog,Content,温柯尔,那天，朵尔突然发来通讯……,あの日、ドールから突然、通信が入って……
AvgDialog_72006_Content_45,apGI,avg星辰章1_AvgDialog_C_M.csv,52,AvgDialog,Content,熔毁·朵尔,温柯尔，准备好接收器和备用脑缸。,ウインクル、受信機と予備の脳缶を用意して。
AvgDialog_72006_Content_46,apGJ,avg星辰章1_AvgDialog_C_M.csv,53,AvgDialog,Content,熔毁·朵尔,我捕捉到一缕异常电信号，频段显示和托乎瓦波的意识接近。,異常な電気信号を捉えたわ。\n周波数を見ると、トオワボの意識に近い。
AvgDialog_72006_Content_47,apGK,avg星辰章1_AvgDialog_C_M.csv,54,AvgDialog,Content,熔毁·朵尔,那家伙理论上已经自锁于「门」内了，不知道这缕信号是如何保留下来的。,あれは理論上、「扉」の内側に自らを封じているはず。\nこの信号がどうして残っているのかしら。
AvgDialog_72006_Content_48,apGL,avg星辰章1_AvgDialog_C_M.csv,55,AvgDialog,Content,熔毁·朵尔,总之，立刻准备好接收工作！,とにかく、すぐに受信の準備をして！
AvgDialog_72006_Content_49,apGM,avg星辰章1_AvgDialog_C_M.csv,56,AvgDialog,Content,温柯尔,总之，你的意识被投射到这个脑缸中，幸存了下来。,そうして、君の意識はこの脳缶に宿って、生き延びたんだ。
AvgDialog_72006_Content_50,apGO,avg星辰章1_AvgDialog_C_M.csv,57,AvgDialog,Content,温柯尔,具体的来源，或许只有朵尔知道了。,詳しいことは、たぶんドールにしか分からない。
AvgDialog_72006_Content_51,apGP,avg星辰章1_AvgDialog_C_M.csv,58,AvgDialog,Content,温柯尔,说实话，激活你的意识让我们不眠不休了整整一个月，朵尔估计是睡觉去了，即使是人工义体，精神也撑不住更久了。,正直、君の意識を起動させるのに、私たちは丸一ヶ月寝ずに作業していたんだ。ドールは多分眠りに行ったんだと思う。\n人工義体でも、精神はこれ以上持ちこたえられないから。
AvgDialog_72006_Content_52,apGQ,avg星辰章1_AvgDialog_C_M.csv,59,AvgDialog,Content,玩家,这么听起来，在我转移之前，你已经在帮朵尔完成实验了。,その話だと、私が転移してくる前から、君はドールの実験を手伝っていたんだね。
AvgDialog_72006_Content_53,apGR,avg星辰章1_AvgDialog_C_M.csv,60,AvgDialog,Content,玩家,你知道她在做的事情吗？,彼女が何をしているか、知ってる？
AvgDialog_72006_Content_54,apGS,avg星辰章1_AvgDialog_C_M.csv,61,AvgDialog,Content,,温柯尔紧张地一哆嗦。,ウインクルは緊張してびくりと震えた。
AvgDialog_72006_Content_55,apGT,avg星辰章1_AvgDialog_C_M.csv,62,AvgDialog,Content,温柯尔,我，我只是在做一些……尖端的科学研究……,わ、私はただ……最先端の科学研究を……
AvgDialog_72006_Content_56,apGU,avg星辰章1_AvgDialog_C_M.csv,63,AvgDialog,Content,温柯尔,关于时空跳跃、意识转移……有助于我早日返回母星……,次元跳躍とか、意識転移とか……\n母星に帰るために役立つから……
AvgDialog_72006_Content_57,apGV,avg星辰章1_AvgDialog_C_M.csv,64,AvgDialog,Content,,你叹了口气，虽然你也不清楚叹气的声音能否传达到她的耳朵里。,あなたはため息をついた。\nその音が彼女の耳に届くかどうかは、自分でも分からなかったが。
AvgDialog_72006_Content_58,apGW,avg星辰章1_AvgDialog_C_M.csv,65,AvgDialog,Content,玩家,辩解就已经说明你知道自己在做什么了，温柯尔。,弁解するのは、自分が何をしてるか分かってるってことだよ、ウインクル。
AvgDialog_72006_Content_59,apGX,avg星辰章1_AvgDialog_C_M.csv,66,AvgDialog,Content,玩家,温柯尔，为了你，为了我，为了可能会被熔毁·朵尔伤害的许许多多的人。,ウインクル。君のため、私のため、そして溶壊・ドールに傷つけられるかもしれない多くの人々のためにも……
AvgDialog_72006_Content_60,apGZ,avg星辰章1_AvgDialog_C_M.csv,67,AvgDialog,Content,玩家,能请你答应我一个请求吗？,ひとつ、頼みを聞いてくれないかな？
AvgDialog_72006_Content_61,apHa,avg星辰章1_AvgDialog_C_M.csv,68,AvgDialog,Content,温柯尔,我、我可以听听看。,き、聞くだけなら……
AvgDialog_72006_Content_62,apHb,avg星辰章1_AvgDialog_C_M.csv,69,AvgDialog,Content,玩家,你知道怎么让我恢复正常行动能力吗？,私を普通に動けるようにする方法は知ってる？
AvgDialog_72006_Content_63,apHc,avg星辰章1_AvgDialog_C_M.csv,70,AvgDialog,Content,,温柯尔用力摇了摇头。,ウインクルは激しく首を横に振った。
AvgDialog_72006_Content_64,apHd,avg星辰章1_AvgDialog_C_M.csv,71,AvgDialog,Content,温柯尔,人偶的操作技术不是我的专精，而且所有义体都被朵尔植入了封层，只有她才能操纵。,人形の操作技術は私の専門じゃないし、義体は全部、ドールが特別なロックを掛けていて、彼女にしか操作できない。
AvgDialog_72006_Content_65,apHe,avg星辰章1_AvgDialog_C_M.csv,72,AvgDialog,Content,,"你必须另寻他法。
或许与其他唤醒体取得联系，向他们求助……？",別の方法を探すしかない。\n例えば、他の覚醒体と連絡を取って、助けを求めるとか……？
AvgDialog_72006_Content_66,apHf,avg星辰章1_AvgDialog_C_M.csv,73,AvgDialog,Content,玩家,如果我没认错的话，你背后的那排，是熔毁·朵尔的银芯库吧？,私の見間違えでなければ、君の後ろにあるあの棚は、溶壊・ドールのシルバーコアの保管庫だよね？
AvgDialog_72006_Content_67,apHg,avg星辰章1_AvgDialog_C_M.csv,74,AvgDialog,Content,,装罐、标签、各类仪表整齐排列，与朵尔的工作习惯完全一致。,たくさんの瓶やラベル、計器類が整然と並び、ドールの仕事ぶりを表している。
AvgDialog_72006_Content_68,apHh,avg星辰章1_AvgDialog_C_M.csv,75,AvgDialog,Content,玩家,从银芯库中，取一枚……,そのシルバーコアの保管庫から……
AvgDialog_72006_Content_69,apHi,avg星辰章1_AvgDialog_C_M.csv,76,AvgDialog,Content,,你的脑海中接连浮现拉蒙娜、朵尔、奥吉尔和萝坦的影像。,あなたの脳裏に、ラモンナ、ドール、オジール、ロータンの姿が次々と浮かぶ。
AvgDialog_72006_Content_70,apHk,avg星辰章1_AvgDialog_C_M.csv,77,AvgDialog,Content,玩家,达芙黛尔夫人的银芯给我。,ダフォダイル夫人のシルバーコアを私に。
AvgDialog_72006_Content_71,apHl,avg星辰章1_AvgDialog_C_M.csv,78,AvgDialog,Content,,见温柯尔犹豫不定，你果断增加了砝码。,ウインクルが躊躇しているのを見て、あなたは迷わず切り札を切った。
AvgDialog_72006_Content_72,apHm,avg星辰章1_AvgDialog_C_M.csv,79,AvgDialog,Content,玩家,温柯尔，现在，我连通的脑缸是这个房间里唯一的光源。如果你连这一个小小的要求都不答应我，我会立刻熄灭自身。,ウインクル。今、私が繋がっている脳缶はこの部屋で唯一の光源だ。\n頼みを聞いてくれないなら、すぐにこの光を消すよ。
AvgDialog_72006_Content_73,apHn,avg星辰章1_AvgDialog_C_M.csv,80,AvgDialog,Content,玩家,你走到开关处启动照明至少需要3秒时间，好好想想你要怎么熬过这艰难的3秒吧。,君が照明のスイッチまで行くには、少なくとも三秒はかかる。\nその三秒の間をどう耐えるか、よく考えて。
AvgDialog_72006_Content_74,apHo,avg星辰章1_AvgDialog_C_M.csv,81,AvgDialog,Content,玩家,我倒数3个数——,三つ数えるよ——
AvgDialog_72006_Content_75,apHp,avg星辰章1_AvgDialog_C_M.csv,82,AvgDialog,Content,玩家,3——,三——
AvgDialog_72006_Content_76,apHq,avg星辰章1_AvgDialog_C_M.csv,83,AvgDialog,Content,,你试着操纵缸中的荧光液闪烁。,あなたは水槽の中の蛍光液を点滅させる。
AvgDialog_72006_Content_77,apHr,avg星辰章1_AvgDialog_C_M.csv,84,AvgDialog,Content,,黑暗降临的第一个瞬间，温柯尔厉声尖叫起来。,闇が訪れた最初の一瞬、ウインクルが鋭い悲鳴を上げた。
AvgDialog_72006_Content_78,apHs,avg星辰章1_AvgDialog_C_M.csv,85,AvgDialog,Content,温柯尔,不要——我答应你，我现在就拿给你！！,やめて——分かった、今すぐ持ってくるから！！
AvgDialog_72006_Content_79,apHt,avg星辰章1_AvgDialog_C_M.csv,86,AvgDialog,Content,,她转身在实验台旁的药柜里东翻西找起来。数秒后，一枚缠绕着暧昧紫烟的银芯被她盛在掌心，小心翼翼地托举到你面前。,彼女は、実験台脇の薬品棚をひっくり返す勢いで探し始めた。\n数秒後、紫煙をまとうシルバーコアを手に取り、そっと差し出した。
AvgDialog_72006_Content_80,apHv,avg星辰章1_AvgDialog_C_M.csv,87,AvgDialog,Content,温柯尔,喏……,ほら……
AvgDialog_72006_Content_81,apHw,avg星辰章1_AvgDialog_C_M.csv,88,AvgDialog,Content,,"你凝视着那枚银色的金属，尝试着与之感应共鸣。
你不确定身为缸中之脑的你能否实现……但你别无选择，只能一试。",あなたはその銀色の金属を見つめ、共鳴を試みる。水槽の中の、脳だけの自分にそれが可能かは分からない……だが、他に選択肢はない。
AvgDialog_72006_Content_82,apHx,avg星辰章1_AvgDialog_C_M.csv,89,AvgDialog,Content,,紫雾翻腾。,紫の霧が渦巻く。
AvgDialog_72006_Content_83,apHy,avg星辰章1_AvgDialog_C_M.csv,90,AvgDialog,Content,达芙黛尔,明码标价，童叟无欺……达芙黛尔的小店能为你做些什么呢？,——公正な価格で、誰にでも公平。ダフォダイルの店へ、ようこそ。\nどのようなご用件でしょうか？
AvgDialog_72009_Content_1,apIs,avg星辰章1_AvgDialog_C_M.csv,92,AvgDialog,Content,,逃脱,脱出
AvgDialog_72009_Content_2,apID,avg星辰章1_AvgDialog_C_M.csv,93,AvgDialog,Content,达芙黛尔,很遗憾，我也想为你找到重新转移回原维度的方法，但你所在的维度似乎并未与卡达斯的底层相连……,あなたを元の次元へ戻す方法を見つけてあげたいのですが、残念ながら、あなたのいる次元はカダスの基盤とは繋がっていない……
AvgDialog_72009_Content_3,apIO,avg星辰章1_AvgDialog_C_M.csv,94,AvgDialog,Content,达芙黛尔,换句话说，那里并非托乎瓦波的万千梦境之一。,言い換えれば、そこはトオワボの夢の一つではない、ということ。
AvgDialog_72009_Content_4,apIZ,avg星辰章1_AvgDialog_C_M.csv,95,AvgDialog,Content,达芙黛尔,即便是我，也不能轻易在两个世界间进行维度穿越。,いかに私といえども、そう簡単に二つの世界の間を次元を超えて行き来することはできませんわ。
AvgDialog_72009_Content_5,apJk,avg星辰章1_AvgDialog_C_M.csv,96,AvgDialog,Content,玩家,既然如此……我至少需要一副能够在这里自由行动的躯体。,それなら……せめて、ここで自由に動ける体が必要だ。
AvgDialog_72009_Content_6,apJv,avg星辰章1_AvgDialog_C_M.csv,97,AvgDialog,Content,玩家,你无法在两个世界间进行穿越……但利用这个世界内侧的资源是可行的，对吧？,二つの世界を行き来することは無理でも……この世界の内側にある資源を利用することは可能だよね？
AvgDialog_72009_Content_7,apJG,avg星辰章1_AvgDialog_C_M.csv,98,AvgDialog,Content,达芙黛尔,不愧是弥萨格最后的守密人，提出的要求还是这么刁难人。,さすがはミサゴ大学最後の守秘者。\n相変わらず難しい要求をなさいますわね。
AvgDialog_72009_Content_8,apJI,avg星辰章1_AvgDialog_C_M.csv,99,AvgDialog,Content,玩家,办不到吗？,できないの？
AvgDialog_72009_Content_9,apJJ,avg星辰章1_AvgDialog_C_M.csv,100,AvgDialog,Content,达芙黛尔,当然不会。达芙黛尔的小店必将实现你的心愿。,まさか。\nダフォダイルの小さな店が、必ずやあなたの願いを叶えましょう。
AvgDialog_72009_Content_10,apIt,avg星辰章1_AvgDialog_C_M.csv,101,AvgDialog,Content,玩家,代价呢？,代償は？
AvgDialog_72009_Content_11,apIu,avg星辰章1_AvgDialog_C_M.csv,102,AvgDialog,Content,达芙黛尔,守密人在新世界的第一个要求，只能当成一份隆重的礼物赠送，怎么会要求代价呢？,守秘者が新たな世界で最初に口にする願いです。特別な贈り物として、叶えてさしあげますわ。どうして代償など要求できましょうか？
AvgDialog_72009_Content_12,apIv,avg星辰章1_AvgDialog_C_M.csv,103,AvgDialog,Content,达芙黛尔,只不过……如果你想表示感激的话……,ただ……もしあなたが感謝を示したいというのであれば……
AvgDialog_72009_Content_13,apIw,avg星辰章1_AvgDialog_C_M.csv,104,AvgDialog,Content,达芙黛尔,就将那个人的头颅取来送给我吧。,あの人の頭を取って、私に送り届けてくださいませ。
AvgDialog_72009_Content_14,apIx,avg星辰章1_AvgDialog_C_M.csv,105,AvgDialog,Content,,你的意识陷入一片混沌之中。再睁开眼时，身边是颤抖不止的温柯尔。,あなたの意識は混沌の中へと沈んでいく。\n再び目を開けると、傍らには震え続けるウインクルがいた。
AvgDialog_72009_Content_15,apIy,avg星辰章1_AvgDialog_C_M.csv,106,AvgDialog,Content,温柯尔,你……你……突然从空洞中落下来一具身体……,き……君……\n突然、何もない穴から体が落ちてきて……
AvgDialog_72009_Content_16,apIz,avg星辰章1_AvgDialog_C_M.csv,107,AvgDialog,Content,玩家,怎么离开这里？,どうやったらここから出られる？
AvgDialog_72009_Content_17,apIA,avg星辰章1_AvgDialog_C_M.csv,108,AvgDialog,Content,,无视了她颤抖的碎语，你径直发问。,彼女の震える呟きを無視し、あなたはまっすぐに問いかけた。
AvgDialog_72009_Content_18,apIB,avg星辰章1_AvgDialog_C_M.csv,109,AvgDialog,Content,温柯尔,不，你不能走……如果，如果你逃走的话……朵尔她绝对、绝对会……,だ、だめ、行っちゃダメだ……\nもし、もし君が逃げたら……ドールはぜ、絶対に……
AvgDialog_72009_Content_19,apIC,avg星辰章1_AvgDialog_C_M.csv,110,AvgDialog,Content,,她的瞳孔被恐惧支配而放大，祈求的音色因绝望而颤抖。,彼女の瞳孔は恐怖に支配されて開き、すがる声は絶望に震えていた。
AvgDialog_72009_Content_20,apIE,avg星辰章1_AvgDialog_C_M.csv,111,AvgDialog,Content,玩家,放心吧，我只是出去看看。,安心して。少し外を見てくるだけだよ。
AvgDialog_72009_Content_21,apIF,avg星辰章1_AvgDialog_C_M.csv,112,AvgDialog,Content,温柯尔,不……不行……,だ……ダメだって……
AvgDialog_72009_Content_22,apIG,avg星辰章1_AvgDialog_C_M.csv,113,AvgDialog,Content,,你无视了她的哀求，敲了敲朵尔离开时的铁门，门上没有把手或锁钥。,あなたは彼女の哀願を無視し、ドールが出ていった鉄の扉を叩いた。ドアには、取っ手も鍵穴も見当たらない。
AvgDialog_72009_Content_23,apIH,avg星辰章1_AvgDialog_C_M.csv,114,AvgDialog,Content,玩家,怎么开这个门？,この扉は、どうやって開けるのかな？
AvgDialog_72009_Content_24,apII,avg星辰章1_AvgDialog_C_M.csv,115,AvgDialog,Content,,温柯尔倒退几步，紧紧贴着实验台。,ウインクルは数歩後ずさり、実験台にぴたりと身を寄せた。
AvgDialog_72009_Content_25,apIJ,avg星辰章1_AvgDialog_C_M.csv,116,AvgDialog,Content,温柯尔,我、我不知道……,わ、私は知らない……
AvgDialog_72009_Content_26,apIK,avg星辰章1_AvgDialog_C_M.csv,117,AvgDialog,Content,玩家,我真的只是出去看看。朵尔那边，交给我来处理。,本当に、ただ外を見てくるだけだから。\nドールのことは、私に任せて。
AvgDialog_72009_Content_27,apIL,avg星辰章1_AvgDialog_C_M.csv,118,AvgDialog,Content,玩家,开门的钥匙或者机关就在你背后的实验台上吧？你的遮挡动作已经暴露了这点。,扉を開ける鍵か仕掛けは、君の後ろの実験台にあるんだよね？\n君が隠そうとする仕草で、わかっちゃったよ。
AvgDialog_72009_Content_28,apIM,avg星辰章1_AvgDialog_C_M.csv,119,AvgDialog,Content,温柯尔,不、不是的！我只是太害怕了……,ち、違うの！\n私はただ、怖かっただけで……
AvgDialog_72009_Content_29,apIN,avg星辰章1_AvgDialog_C_M.csv,120,AvgDialog,Content,,朵尔无法预测你的逃脱，对缸中之脑的防范无需过度，这个出入口想必不会太隐秘。,ドールはあなたの脱出を予測できない。水槽の中の脳を過度に警戒する必要もないのだから、出入口もそれほど隠されていないはずだ。
AvgDialog_72009_Content_30,apIP,avg星辰章1_AvgDialog_C_M.csv,121,AvgDialog,Content,,你扫视实验台，目光掠过一个个令人头疼的论文标题。,あなたは実験台を見回し、頭が痛くなる論文の題名を一つ一つ目で追っていく。
AvgDialog_72009_Content_31,apIQ,avg星辰章1_AvgDialog_C_M.csv,122,AvgDialog,Content,,《勒姆瓦希地区融蚀现象的传播模型》、《银芯与融蚀扩散的遏制》、,『ヴォルムワヒ地区における融蝕現象の伝播モデル』\n『シルバーコアと融蝕拡散の抑制』……
AvgDialog_72009_Content_32,apIR,avg星辰章1_AvgDialog_C_M.csv,123,AvgDialog,Content,,《托乎瓦波的目光协同性运动研究》、《意识稳定方法在维度转移中的应用》……,『トオワボの視線における協調運動の研究』\n『次元転移における意識安定化法の応用』……
AvgDialog_72009_Content_33,apIS,avg星辰章1_AvgDialog_C_M.csv,124,AvgDialog,Content,,在实验台一角，你发现了一个红色握把的简易开关。你轻轻拉动，就传来齿轮运转的声音。,実験台の隅に、赤い取っ手のついた簡素なスイッチを見つけた。\nそっと引くと、歯車の回転する音が聞こえてきた。
AvgDialog_72009_Content_34,apIT,avg星辰章1_AvgDialog_C_M.csv,125,AvgDialog,Content,,咔铛咔铛咔铛，锈蚀的铁门在机械装置的牵引下自动开启。,ガチャン、ガチャン、ガチャン。\n錆びた鉄の扉が、機械仕掛けに引かれ、自動で開いていく。
AvgDialog_72009_Content_35,apIU,avg星辰章1_AvgDialog_C_M.csv,126,AvgDialog,Content,温柯尔,等、等等——,ま、待って——
AvgDialog_72009_Content_36,apIV,avg星辰章1_AvgDialog_C_M.csv,127,AvgDialog,Content,,你无视了她的呼唤，大步迈出铁门——,あなたはウインクルの呼びかけを無視し、鉄の扉から大きく足を踏み出した——
AvgDialog_72009_Content_37,apIW,avg星辰章1_AvgDialog_C_M.csv,128,AvgDialog,Content,,巨大的铅灰色雾霾，如同无形的巨兽将整座城市隐没在内。,巨大な鉛色の霧が、姿のない巨獣のように街全体を呑み込み隠していた。
AvgDialog_72009_Content_38,apIX,avg星辰章1_AvgDialog_C_M.csv,129,AvgDialog,Content,,无数的起伏不定的楼层，如同覆盖着坚硬皮革的尖锐手足般从雾团中露出一角。,起伏のある無数の建物が、硬い革をまとった鋭い手足のように、霧の中から先端を覗かせている。
AvgDialog_72009_Content_39,apIY,avg星辰章1_AvgDialog_C_M.csv,130,AvgDialog,Content,玩家,咳、咳……,ゴホッ、ゴホッ……
AvgDialog_72009_Content_40,apJa,avg星辰章1_AvgDialog_C_M.csv,131,AvgDialog,Content,,没有人。目光所及之处一个人影也没有。,人の気配はない。\n見渡す限り、人影はどこにも見当たらなかった。
AvgDialog_72009_Content_41,apJb,avg星辰章1_AvgDialog_C_M.csv,132,AvgDialog,Content,,你在街道上艰难前进。,あなたは息苦しさをこらえながら、通りを進んでいく。
AvgDialog_72009_Content_42,apJc,avg星辰章1_AvgDialog_C_M.csv,133,AvgDialog,Content,,转过三个街区，才偶然见到浓雾中透露出的人形轮廓。,三つほど区画を過ぎたところで、ようやく濃霧の中に人影を見つけた。
AvgDialog_72009_Content_43,apJd,avg星辰章1_AvgDialog_C_M.csv,134,AvgDialog,Content,玩家,前面的人——,そこの人——
AvgDialog_72009_Content_44,apJe,avg星辰章1_AvgDialog_C_M.csv,135,AvgDialog,Content,,"轮廓向你转过身来，然后猝不及防地逼近，巨大扭曲的黑影猛然紧贴上你的面庞。
肾上腺素骤然飙升，心跳响如擂鼓。",影はこちらを振り向いたかと思うと、突然間合いを詰めてきた。\n巨大な歪んだ黒い影が、あなたの顔面に押しつけられる。\nアドレナリンが一気に噴き上がり、心臓が太鼓のように打ち鳴った。
AvgDialog_72009_Content_45,apJf,avg星辰章1_AvgDialog_C_M.csv,136,AvgDialog,Content,融蚀异变体1,哗——,ズシャッ——
AvgDialog_72009_Content_46,apJg,avg星辰章1_AvgDialog_C_M.csv,137,AvgDialog,Content,,你手无寸铁，拉蒙娜也不在身边，更别提那些伙伴。,あなたは丸腰で、ラモンナもそばにいない。\n他の仲間たちについては言うまでもない。
AvgDialog_72009_Content_47,apJh,avg星辰章1_AvgDialog_C_M.csv,138,AvgDialog,Content,,异变体喷吐出一团黑泥，黏稠的浆液覆盖上你的额头，潮湿恶臭顺着太阳穴一路下滑。,変異体が黒い泥を吐き出す。\n粘つく液体が額を覆い、湿った悪臭がこめかみを伝って滑り落ちた。
AvgDialog_72009_Content_48,apJi,avg星辰章1_AvgDialog_C_M.csv,139,AvgDialog,Content,,随之而来的是一记重击。,続いて、強烈な一撃があなたを襲った。
AvgDialog_72009_Content_50,apJl,avg星辰章1_AvgDialog_C_M.csv,141,AvgDialog,Content,玩家,咳——,グッ——
AvgDialog_72009_Content_51,apJm,avg星辰章1_AvgDialog_C_M.csv,142,AvgDialog,Content,,你感觉身体腾空，眼冒金星，随后侧面飞来的一击旋踢扭转了方向，带来万箭穿心般的痛苦。,体が宙に浮き、目の前に火花が散る。直後、横から飛んできた回し蹴りがめり込み、全身を貫くような激痛が走った。
AvgDialog_72009_Content_52,apJn,avg星辰章1_AvgDialog_C_M.csv,143,AvgDialog,Content,,你狠狠砸在硬质的墙壁上，剧烈的疼痛让你感觉自己的肋骨或许都断了几根。,あなたは硬い壁に激しく叩きつけられた。\nあまりの痛みに、肋骨が何本か折れたと思うほどだった。
AvgDialog_72009_Content_53,apJo,avg星辰章1_AvgDialog_C_M.csv,144,AvgDialog,Content,玩家,（有没有人能……救救我……）,（誰か……助け……）
AvgDialog_72009_Content_54,apJp,avg星辰章1_AvgDialog_C_M.csv,145,AvgDialog,Content,温柯尔,咳，咳呸，等，等一下——,ごほっ、けほっ、ま、待って——
AvgDialog_72009_Content_55,apJq,avg星辰章1_AvgDialog_C_M.csv,146,AvgDialog,Content,,烟尘之中，温柯尔踉踉跄跄地从你身后的街角追来。,土煙の中、ウインクルがよろめきながら背後の街角から追ってきた。
AvgDialog_72009_Content_56,apJr,avg星辰章1_AvgDialog_C_M.csv,147,AvgDialog,Content,温柯尔,拿好这个，再、再走！,これを持って、は、早く逃げて！
AvgDialog_72009_Content_57,apJs,avg星辰章1_AvgDialog_C_M.csv,148,AvgDialog,Content,,银色的弧线划过被粉尘污染的天空，穿过包围你的怪物群，落在你的手边。,銀色の何かが、弧を描いて粉塵に汚れた空を横切り、あなたを囲む怪物の群れを抜けて、手元に落ちてきた。
AvgDialog_72009_Content_58,apJt,avg星辰章1_AvgDialog_C_M.csv,149,AvgDialog,Content,,一把银钥匙。没有编号。,一本のシルバーキーだった。\n番号はない。
AvgDialog_72009_Content_59,apJu,avg星辰章1_AvgDialog_C_M.csv,150,AvgDialog,Content,,你伸手去触摸，但生理性的泪水让你眼前一片模糊，浑身上下的疼痛感令指尖不由自主地颤抖。,手を伸ばして触れようとするが、涙で視界は滲み、全身の激みに指先が勝手に震えてしまう。
AvgDialog_72009_Content_60,apJw,avg星辰章1_AvgDialog_C_M.csv,151,AvgDialog,Content,玩家,还差……一点……,あと……少し……
AvgDialog_72009_Content_61,apJx,avg星辰章1_AvgDialog_C_M.csv,152,AvgDialog,Content,,咔擦——,バキッ——
AvgDialog_72009_Content_62,apJy,avg星辰章1_AvgDialog_C_M.csv,153,AvgDialog,Content,,怪物的触肢狠狠踩上你的后背，已然开裂的伤口霎时间血花四溅。,怪物の触肢があなたの背中を容赦なく踏みつけ、すでに裂けた傷口から一瞬で血しぶきが飛び散った。
AvgDialog_72009_Content_63,apJz,avg星辰章1_AvgDialog_C_M.csv,154,AvgDialog,Content,,但也就在这个瞬间，你的指尖碰触到了那抹辉光。,だがまさにその瞬間、あなたの指先があの輝きに触れた。
AvgDialog_72009_Content_64,apJA,avg星辰章1_AvgDialog_C_M.csv,155,AvgDialog,Content,温柯尔,回想！用力去回想！,思い出して！力いっぱい思い出して！
AvgDialog_72009_Content_65,apJB,avg星辰章1_AvgDialog_C_M.csv,156,AvgDialog,Content,温柯尔,朵尔说，你的神识包含了整个世界，只要回想，银钥匙就能激发出回忆的力量！,ドールが言ってた……君の精神には世界のすべて入ってる。\n思い出せば、シルバーキーが記憶の力を引き出してくれるって！
AvgDialog_72009_Content_66,apJC,avg星辰章1_AvgDialog_C_M.csv,157,AvgDialog,Content,,温柔的白光渐渐笼罩了你的视野，熟悉的四个背影，幻觉般出现在你眼前。,柔らかな白い光が次第に視界を包み、見慣れた四つの後ろ姿が、幻のようにあなたの前に現れた。
AvgDialog_72009_Content_67,apJD,avg星辰章1_AvgDialog_C_M.csv,158,AvgDialog,Content,拉蒙娜,守密人！真的是你吗？,守秘者！\n本当にあなたなの？
AvgDialog_72009_Content_68,apJE,avg星辰章1_AvgDialog_C_M.csv,159,AvgDialog,Content,朵尔,几天不见就被融蚀体揍成这样，弥萨格的体术课程还是欠缺独立精神啊。,数日会わない間に融蝕体にここまでやられるなんて、ミサゴ大学の体術の授業には、自立心の教育が足りないようね。
AvgDialog_72009_Content_69,apJF,avg星辰章1_AvgDialog_C_M.csv,160,AvgDialog,Content,萝坦,看起来，现在可不是适合叙旧的时候。,ふむ、今は旧友を温めている場合ではないか。
AvgDialog_72009_Content_70,apJH,avg星辰章1_AvgDialog_C_M.csv,161,AvgDialog,Content,奥吉尔,奥吉尔，为守护主公而战！,オジール、主君をお守りするために戦います！
AvgDialog_72009_Content_71,bLRP,avg星辰章1_AvgDialog_C_M.csv,162,AvgDialog,Content,玩家,战斗吧。,戦おう。
AvgDialog_72009_Content_72,bLRQ,avg星辰章1_AvgDialog_C_M.csv,163,AvgDialog,Content,,为了再次向前。,もう一度、前へ進むために。
AvgDialog_71997_Content_1,apBc,avg星辰章1_AvgDialog_C_M.csv,165,AvgDialog,Content,,融蚀异变体悲鸣着消失的瞬间，刚才与你并肩作战的四人回眸向你微笑。,融蝕変異体が悲鳴を上げて消えた瞬間、先ほどまであなたと肩を並べて戦っていた四人が振り返り、あなたに微笑みかけた。
AvgDialog_71997_Content_2,apBn,avg星辰章1_AvgDialog_C_M.csv,166,AvgDialog,Content,,然后身影逐渐淡去。,そして、その姿は次第に薄れていった。
AvgDialog_71997_Content_3,apBo,avg星辰章1_AvgDialog_C_M.csv,167,AvgDialog,Content,,下个瞬间，凑在你面前的是温柯尔焦急的脸。,次の瞬間、目の前に現れたのは、ウインクルの焦った顔だった。
AvgDialog_71997_Content_4,apBp,avg星辰章1_AvgDialog_C_M.csv,168,AvgDialog,Content,温柯尔,哈、哈，累、累死我了。,はぁ、はぁ、つ、疲れた……
AvgDialog_71997_Content_5,apBq,avg星辰章1_AvgDialog_C_M.csv,169,AvgDialog,Content,温柯尔,不，不要到处乱跑……外面、很危险的。,む、無暗に駆け回らないで……外は、危ないから。
AvgDialog_71997_Content_6,apBr,avg星辰章1_AvgDialog_C_M.csv,170,AvgDialog,Content,,你环顾四周，确认身影已经彻底消失不见，而战斗的疲劳度与之前相比更甚。,周囲を見回すと、彼らの姿は完全に消え去っていた。\n戦いの疲れが、さっきよりもなお重くのしかかる。
AvgDialog_71997_Content_7,apBs,avg星辰章1_AvgDialog_C_M.csv,171,AvgDialog,Content,玩家,他们……,彼らは……
AvgDialog_71997_Content_8,apBt,avg星辰章1_AvgDialog_C_M.csv,172,AvgDialog,Content,温柯尔,是来自你的意识空间的投影。不过据朵尔所说，你的意识空间里本就包含了所有维度世界。,君の意識空間からの投影だよ。ドールが言うには、君の意識空間にはもともとあらゆる次元世界が入ってるんだって。
AvgDialog_71997_Content_9,apBu,avg星辰章1_AvgDialog_C_M.csv,173,AvgDialog,Content,玩家,还能再见到他们吗？,また彼らに会えるのかな？
AvgDialog_71997_Content_10,apBd,avg星辰章1_AvgDialog_C_M.csv,174,AvgDialog,Content,温柯尔,"可以是可以，但跨越维度的联系足够压垮你这具躯体。
非必要时刻，我不建议你这么做。",できなくはないけど、次元を超えた繋がりは君の肉体を押し潰すほどの負荷がかかる。必要なとき以外は、やめておいたほうがいいよ。
AvgDialog_71997_Content_11,apBe,avg星辰章1_AvgDialog_C_M.csv,175,AvgDialog,Content,,你尝试再去聚焦回想，脑海中尚未凝聚出轮廓，思维的齿轮就已经故障停滞。,もう一度、意識を集中して思い出そうとする。だが、脳裏に輪郭が浮かぶより先に、思考の歯車は故障したように停止してしまう。
AvgDialog_71997_Content_12,apBf,avg星辰章1_AvgDialog_C_M.csv,176,AvgDialog,Content,,你的眼皮沉重如铅块，窒息感如厚重的雾霾笼罩在心头。,まぶたは鉛のように重く、息の詰まるような感覚が、濃い霧のように胸の内を覆い尽くす。
AvgDialog_71997_Content_13,apBg,avg星辰章1_AvgDialog_C_M.csv,177,AvgDialog,Content,温柯尔,"跟我回实验室去吧，治治你身上的伤。
要是朵尔发现了，我就说都是我干的。",私と一緒に研究室に戻ろう。傷の手当てをしないと。\nもしドールに見つかっても、全部私のせいだって言っておくから。
AvgDialog_71997_Content_14,apBh,avg星辰章1_AvgDialog_C_M.csv,178,AvgDialog,Content,温柯尔,朵尔她、虽然，但我能感觉到，她本质上是个纯粹的人，转移技术也很精湛……比这个星球上大部分的人厉害多了。,ドールは、その、色々あるけど、根は純粋な人なんだと思う。\n転移技術にも長けているし……この星の誰よりも、ずっと優秀だ。
AvgDialog_71997_Content_15,apBi,avg星辰章1_AvgDialog_C_M.csv,179,AvgDialog,Content,,你回忆了在原本世界中熔毁·朵尔的所作所为，很难表示赞同。,元の世界での溶壊・ドールの所業を思い返すと、あなたはとても賛同する気になれなかった。
AvgDialog_71997_Content_16,apBj,avg星辰章1_AvgDialog_C_M.csv,180,AvgDialog,Content,,但和温柯尔争辩熔毁·朵尔的对错当前并无意义，更关键的事情是了解这个世界究竟发生了什么，以及如何返回原本的世界。,だが、今ここで溶壊・ドールの是非を論じても意味はない。\n重要なのは、この世界の状況と、元の世界へ戻る方法を知ることだ。
AvgDialog_71997_Content_17,apBk,avg星辰章1_AvgDialog_C_M.csv,181,AvgDialog,Content,温柯尔,我们……回去吧？外面真的很不安全……,ねえ……帰ろう？\n外は本当に危ないから……
AvgDialog_71997_Content_18,apBl,avg星辰章1_AvgDialog_C_M.csv,182,AvgDialog,Content,,她拽着你的衣角的手正悄悄用力。,あなたの服の裾を掴むウインクルの手に、そっと力がこもる。
AvgDialog_71997_Content_19,apBm,avg星辰章1_AvgDialog_C_M.csv,183,AvgDialog,Content,,你看了看远方天空中昏黑的太阳，在烟尘中勉强晕出环状轮廓，如同裸露的枯槁眼瞳。,遠くの空に目をやると、煙塵の中で太陽が黒くかすんでいた。\nかろうじて浮かび上がる輪郭は、剥き出しの枯れた瞳のようだ。
AvgDialog_71997_Content_20,bLRN,avg星辰章1_AvgDialog_C_M.csv,184,AvgDialog,Content,玩家,我跟你回去。我有问题要问问朵尔。,一緒に戻るよ。ドールに聞きたいこともあるから。
AvgDialog_72004_Content_1,apEJ,avg星辰章1_AvgDialog_C_M.csv,186,AvgDialog,Content,,迷奏的音符,迷奏する音符
AvgDialog_72004_Content_2,apEU,avg星辰章1_AvgDialog_C_M.csv,187,AvgDialog,Content,,"哒哒，哒哒。
朵尔的螯足敲打着实验台的桌面。",カチ、カチ。\nドールの蟹ような鋏が実験台の天板を叩いている。
AvgDialog_72004_Content_3,apFf,avg星辰章1_AvgDialog_C_M.csv,188,AvgDialog,Content,熔毁·朵尔,说实话，我不喜欢你的提议。,正直に言って、あなたの提案は気に入らないわ。
AvgDialog_72004_Content_4,apFg,avg星辰章1_AvgDialog_C_M.csv,189,AvgDialog,Content,熔毁·朵尔,正如我不喜欢你手里的那盘黑胶——音乐不错，但将个人作品联合署名简直是对创作者的侮辱，就好像把作品当成生日蛋糕来瓜分。,そのレコードと同じくらいね——音楽は悪くない。\nでも個人の作品に連名するなんて創作者に対する侮辱だわ。\n作品を誕生日ケーキみたいに切り分けるようなものよ。
AvgDialog_72004_Content_5,apFh,avg星辰章1_AvgDialog_C_M.csv,190,AvgDialog,Content,熔毁·朵尔,我承诺代你潜入弥萨格并引爆黑池，仅此而已。,わたしはあなたの代わりにミサゴ大学へ潜入し、昏き海を爆破する。約束したのはそれだけよ。
AvgDialog_72004_Content_6,apFi,avg星辰章1_AvgDialog_C_M.csv,191,AvgDialog,Content,熔毁·朵尔,%player%的意识是我从那个维度中唤醒并植入缸中之脑的，换句话说，他是我私人驯养的小狗。,%player%の意識は、わたしがあの次元から呼び覚まし、水槽の中の脳に移植したもの。つまり、わたしが個人的に飼っている子犬よ。
AvgDialog_72004_Content_7,apFj,avg星辰章1_AvgDialog_C_M.csv,192,AvgDialog,Content,熔毁·朵尔,现在你要分一杯羹，让我交出祂的脑缸或共享研究成果，我只能说，我们的协议中不包含这个部分。,今さら分け前を求めて、その脳缶を渡せだの、研究成果を共有しろだの言われても、わたしたちの契約にそんな内容は含まれていないわ。
AvgDialog_72004_Content_8,apFk,avg星辰章1_AvgDialog_C_M.csv,193,AvgDialog,Content,熔毁·朵尔,我要表述的内容到此为止，除非你捣毁这座实验室并承受我必将施加于你的怒火，否则我对你的提议的回复永远只会是「痴心妄想」。,話はここまで。この実験室を破壊して、わたしの怒りを受ける覚悟でもない限り、あなたへの返事は永遠に「バカなことを言うな」よ。
AvgDialog_72004_Content_9,apFl,avg星辰章1_AvgDialog_C_M.csv,194,AvgDialog,Content,,熔毁·朵尔似乎结束了通讯，转头向被温柯尔搀扶的重伤的你。,溶融・ドールは通信を終えたようで、ウインクルに支えられなた重傷のあなたへと振り返った。
AvgDialog_72004_Content_10,apEK,avg星辰章1_AvgDialog_C_M.csv,195,AvgDialog,Content,熔毁·朵尔,外面的世界好玩吗，我的小狗？,外の世界は面白かった？\nわたしの子犬ちゃん。
AvgDialog_72004_Content_11,apEL,avg星辰章1_AvgDialog_C_M.csv,196,AvgDialog,Content,,"你想要回复她的挑衅，但困倦的感觉像潮水般涌来，席卷走你所有的意志。
被疲惫裹挟的你，在她说出下一句话之前就昏了过去。",あなたは言い返そうとしたが、眠気が潮のように押し寄せ意識を奪っていく。疲れに包まれて、彼女の次の言葉を聴く前に意識を失った。
AvgDialog_72004_Content_12,apEM,avg星辰章1_AvgDialog_C_M.csv,197,AvgDialog,Content,,滴滴的微弱电流声，某人安静的呼吸声。,微かな電子音と、誰かの静かな寝息が聞こえる。
AvgDialog_72004_Content_13,apEN,avg星辰章1_AvgDialog_C_M.csv,198,AvgDialog,Content,,你睁开眼，只见自己躺在一张小折叠床上，温柯尔守在你的床边安静地睡着了。,目を開けると、小さな折りたたみベッドに横たわっる自分がいた。\nウインクルが枕元で静かに眠っている。
AvgDialog_72004_Content_14,apEO,avg星辰章1_AvgDialog_C_M.csv,199,AvgDialog,Content,温柯尔,唔？,うぅん……？
AvgDialog_72004_Content_15,apEP,avg星辰章1_AvgDialog_C_M.csv,200,AvgDialog,Content,,她揉了揉惺忪的睡眼，慢吞吞地揭下身上薄薄的毯子。,彼女は眠たげな目をこすりながら、のろのろと体にかけていた薄い毛布をめくった。
AvgDialog_72004_Content_16,apEQ,avg星辰章1_AvgDialog_C_M.csv,201,AvgDialog,Content,温柯尔,你还得再好好休息一会儿，注射的多比妥等镇定类药物会让你的身体陷入异常疲劳。,もう少し休んだほうがいいよ。\n投与した鎮静剤のドビタールで、体がひどく疲れているはずだから。
AvgDialog_72004_Content_17,apER,avg星辰章1_AvgDialog_C_M.csv,202,AvgDialog,Content,,你抬了抬胳膊，果然感觉大臂酸胀无力。,腕を持ち上げてみると、確かに二の腕はだるく、力が入らない。
AvgDialog_72004_Content_18,apES,avg星辰章1_AvgDialog_C_M.csv,203,AvgDialog,Content,温柯尔,等你病养好了，我们再慢慢和朵尔商量，让你出去转转好吗？病人总是需要新鲜空气的。,体調が良くなったら、ドールに相談して、外へ出てみてもいいんじゃないかな？病人にはやっぱり新鮮な空気が必要だから。
AvgDialog_72004_Content_19,apET,avg星辰章1_AvgDialog_C_M.csv,204,AvgDialog,Content,温柯尔,再说了，你一直没有进食，就算补充了营养液，消化系统也需要摄入来维持健康运转……,それに、ずっと何も食べていないでしょう？栄養液で補っても、消化器官を健康に保つには何かを取り込む必要があるんだ……
AvgDialog_72004_Content_20,apEV,avg星辰章1_AvgDialog_C_M.csv,205,AvgDialog,Content,玩家,我睡了多久？,どれくらい眠ってた？
AvgDialog_72004_Content_21,apEW,avg星辰章1_AvgDialog_C_M.csv,206,AvgDialog,Content,,虽然时间于你而言早已失去了意义，但你有必要掌握自己的身体状况。,あなたにとって、時間などとうに意味を失っていた。\nとはいえ、自分の体の状態は把握しておく必要がある。
AvgDialog_72004_Content_22,apEX,avg星辰章1_AvgDialog_C_M.csv,207,AvgDialog,Content,温柯尔,我看看……46小时15分钟……,えっと……46時間15分だね……
AvgDialog_72004_Content_23,apEY,avg星辰章1_AvgDialog_C_M.csv,208,AvgDialog,Content,,仅仅两天，还在可以承受的范围内。,たったの二日。\nまだ耐えられる範囲だ。
AvgDialog_72004_Content_24,apEZ,avg星辰章1_AvgDialog_C_M.csv,209,AvgDialog,Content,熔毁·朵尔,想要离开吗？很遗憾，我可不能容许。,ここから出ていきたい？\n残念だけど、それは許可できないわね。
AvgDialog_72004_Content_25,apFa,avg星辰章1_AvgDialog_C_M.csv,210,AvgDialog,Content,熔毁·朵尔,走出这间实验室，有太多坏人对你虎视眈眈了，小绵羊。,この実験室の外には、あなたを狙う悪い人たちがたくさんいるのよ、子羊ちゃん。
AvgDialog_72004_Content_26,apFb,avg星辰章1_AvgDialog_C_M.csv,211,AvgDialog,Content,温柯尔,朵尔说得对……留在这里……是对你的保护……,ドールの言うとおりだよ……\nここにいるのが、君を守ることになるんだ……
AvgDialog_72004_Content_27,apFc,avg星辰章1_AvgDialog_C_M.csv,212,AvgDialog,Content,玩家,我不需要任何人的保护。,私は、誰の保護も必要ない。
AvgDialog_72004_Content_28,apFd,avg星辰章1_AvgDialog_C_M.csv,213,AvgDialog,Content,熔毁·朵尔,既然如此，那就让我看看吧。,なら、見せてもらおうかしら。
AvgDialog_72004_Content_29,apFe,avg星辰章1_AvgDialog_C_M.csv,214,AvgDialog,Content,熔毁·朵尔,弥萨格的小狗，离开了「祂」的支持，还能有几分本事！,「あの存在」の支えを失ったミサゴ大学の子犬が、どこまでやれるのか！
AvgDialog_71998_Content_2,apBw,avg星辰章1_AvgDialog_C_M.csv,216,AvgDialog,Content,,天摇地动，手边的实验台上接连滚落玻璃烧瓶和试管，在地面上蒸腾起迷幻色彩的烟雾。,大地が激しく揺れ、実験台からフラスコや試験管が次々と転げ落ちた。床に幻想的な色の煙が立ちのぼる。
AvgDialog_71998_Content_3,apBx,avg星辰章1_AvgDialog_C_M.csv,217,AvgDialog,Content,,随后实验台与试剂架接连倒塌，连挂在墙面上的钟摆和饰物也摇摇欲坠。,続いて実験台や試薬棚が次々に倒れ、壁に掛かった振り子や装飾品までもが、落ちそうなほど揺れている。
AvgDialog_71998_Content_4,apBy,avg星辰章1_AvgDialog_C_M.csv,218,AvgDialog,Content,温柯尔,地震了？！,じ、地震！？
AvgDialog_71998_Content_5,apBz,avg星辰章1_AvgDialog_C_M.csv,219,AvgDialog,Content,熔毁·朵尔,这个据点也撑不住了吗？,この拠点も、もうもたないの？
AvgDialog_71998_Content_6,apBA,avg星辰章1_AvgDialog_C_M.csv,220,AvgDialog,Content,熔毁·朵尔,看来我要和弥萨格的小狗一起被埋在这里了。高兴吗，把尾巴摇起来吧，这可是你难得尊享的殊荣。,どうやら、ミサゴ大学の子犬と一緒にここで生き埋めになるようね。嬉しい？尻尾を振るといいわ。めったにない名誉なことよ。
AvgDialog_71998_Content_7,apBB,avg星辰章1_AvgDialog_C_M.csv,221,AvgDialog,Content,,在你回应之前，世界陷入一片坍塌的漆黑。,あなたが答えるより先に、世界は崩れ落ちる闇に包まれた。
AvgDialog_72011_Content_1,apKh,avg星辰章1_AvgDialog_C_M.csv,223,AvgDialog,Content,,我们已经失去,私たちはすでに失った
AvgDialog_72011_Content_2,apKs,avg星辰章1_AvgDialog_C_M.csv,224,AvgDialog,Content,,眼前的光影陌生又熟悉。,目の前の光と影は、見知らぬようでどこか懐かしい。
AvgDialog_72011_Content_3,apKD,avg星辰章1_AvgDialog_C_M.csv,225,AvgDialog,Content,詹金新,喂，这家伙好像醒了。,おい、こいつ目が覚めたみたいだぞ。
AvgDialog_72011_Content_4,apKO,avg星辰章1_AvgDialog_C_M.csv,226,AvgDialog,Content,,一个小脑袋钻进你的视野。,小さな頭が、あなたの視界に飛び込んできた。
AvgDialog_72011_Content_5,apKZ,avg星辰章1_AvgDialog_C_M.csv,227,AvgDialog,Content,詹金新,醒了的话就去洗个澡吧，伦敦的老鼠都看不下去你一身的脏灰了。,目が覚めたなら風呂に入ってきな。ロンドンのネズミも、お前のその汚れた灰だらけの姿は見てらんないってさ。
AvgDialog_72011_Content_6,apLk,avg星辰章1_AvgDialog_C_M.csv,228,AvgDialog,Content,布朗,吱吱！,チュチュー！
AvgDialog_72011_Content_7,apLv,avg星辰章1_AvgDialog_C_M.csv,229,AvgDialog,Content,玩家,詹……金……,ジェン……キン……
AvgDialog_72011_Content_8,apLw,avg星辰章1_AvgDialog_C_M.csv,230,AvgDialog,Content,詹金新,？！,！？
AvgDialog_72011_Content_9,apLx,avg星辰章1_AvgDialog_C_M.csv,231,AvgDialog,Content,詹金新,你这家伙，从哪里认识的我？我脸上写了名字吗，布朗？,お前、どこであたしのことを知ったんだ？\n顔に名前でも書いてあるっていうのか、ブラウン？
AvgDialog_72011_Content_10,apKi,avg星辰章1_AvgDialog_C_M.csv,232,AvgDialog,Content,布朗,吱……吱……,チュ……チュ……
AvgDialog_72011_Content_11,apKj,avg星辰章1_AvgDialog_C_M.csv,233,AvgDialog,Content,,小老鼠摇头晃脑，似在否认詹金的问询。,小さなネズミは頭を振る。\nジェンキンの問いを否定しているようだ。
AvgDialog_72011_Content_12,apKk,avg星辰章1_AvgDialog_C_M.csv,234,AvgDialog,Content,玩家,詹金！,ジェンキン！
AvgDialog_72011_Content_13,apKl,avg星辰章1_AvgDialog_C_M.csv,235,AvgDialog,Content,,你激动得一把抱住詹金。,あなたは感極まってジェンキンを抱きしめた。
AvgDialog_72011_Content_14,apKm,avg星辰章1_AvgDialog_C_M.csv,236,AvgDialog,Content,,她瘦弱的身躯被你紧紧压在怀中，那么小，只有一丁点，却是温热的，带着生命的热度，透过薄薄的肋骨传来令人安心的心跳。,痩せた体が腕に包まれる。こんなに小さいのに温かく、細い肋骨越しに伝わる鼓動が、あなたを安らぎおを与えてくれた。
AvgDialog_72011_Content_15,apKn,avg星辰章1_AvgDialog_C_M.csv,237,AvgDialog,Content,詹金新,干什么啊！！疯了吗？！放开我！,何すんだよ！！\n気が狂ったのか！？放せ！
AvgDialog_72011_Content_16,apKo,avg星辰章1_AvgDialog_C_M.csv,238,AvgDialog,Content,,还不等你和詹金解释，身边传来模糊的嘤咛声。,あなたがジェンキンに説明する間もなくすぐそばから微かなうめき声が聞こえてきた。
AvgDialog_72011_Content_17,apKp,avg星辰章1_AvgDialog_C_M.csv,239,AvgDialog,Content,熔毁·朵尔NF,唔……嗯……,うぅ……ん……
AvgDialog_72011_Content_18,apKq,avg星辰章1_AvgDialog_C_M.csv,240,AvgDialog,Content,熔毁·朵尔NF,我睡着了吗……不能贪睡……还有20个烧瓶要刷，溶媒制剂还要储备120升……,わたしは……眠ってたのかしら……寝過ごしてはだめ……\nまだフラスコを20本洗って、溶媒も120リットル用意しないと……
AvgDialog_72011_Content_19,apKr,avg星辰章1_AvgDialog_C_M.csv,241,AvgDialog,Content,熔毁·朵尔NF,"这是哪儿？！
你们是？！",ここはどこ！？\nあなたたちは誰！？
AvgDialog_72011_Content_20,apKt,avg星辰章1_AvgDialog_C_M.csv,242,AvgDialog,Content,,……,……
AvgDialog_72011_Content_21,apKu,avg星辰章1_AvgDialog_C_M.csv,243,AvgDialog,Content,,…………,…………
AvgDialog_72011_Content_22,apKv,avg星辰章1_AvgDialog_C_M.csv,244,AvgDialog,Content,玩家,所以，詹金，你确实没见到第三个人吗？一个红色短发，一惊一乍的研究员……,それで、ジェンキン。本当に三人目は見なかった？\n赤いショートヘアで、すぐ大騒ぎする研究員なんだけど……
AvgDialog_72011_Content_23,apKw,avg星辰章1_AvgDialog_C_M.csv,245,AvgDialog,Content,詹金新,我看恐怕是凶多吉少了，那句话怎么说来着，节哀顺变，愿她的灵魂安息？,望み薄だな。なんて言うんだっけ……\nごしゅうしょうさま、彼女の魂が安らかに眠れますように、か？
AvgDialog_72011_Content_24,apKx,avg星辰章1_AvgDialog_C_M.csv,246,AvgDialog,Content,,戴着兜帽的小老鼠耸了耸肩。,フードを被った小さなネズミが肩をすくめる。
AvgDialog_72011_Content_25,apKy,avg星辰章1_AvgDialog_C_M.csv,247,AvgDialog,Content,詹金新,把你们两个西区佬刨出来的地方，与其说是废墟，不如说是石块儿的小山。,あんたたち西区の連中を掘り出した場所は、廃墟どころか瓦礫の山みたいなもんだったからな。
AvgDialog_72011_Content_26,apKz,avg星辰章1_AvgDialog_C_M.csv,248,AvgDialog,Content,詹金新,要不是布朗非扯着我说里面有东西，我才懒得去翻捡呢。,ブラウンが中に何かいるって言わなきゃ、わざわざ掘り返したりなんかしないって。
AvgDialog_72011_Content_27,apKA,avg星辰章1_AvgDialog_C_M.csv,249,AvgDialog,Content,玩家,然后……朵尔你已经完全不记得你的邪恶实验了？,それで……ドール、君は自分がやった邪悪な実験について、すっかり忘れてしまったの？
AvgDialog_72011_Content_28,apKB,avg星辰章1_AvgDialog_C_M.csv,250,AvgDialog,Content,熔毁·朵尔NF,虽然我觉得你的指控是纯粹的无稽之谈，但我不得不提醒你的是，以人类的善恶观衡量我的行动准则不具备丝毫恰当性。,あなたの非難は完全な戯言ね。念のため言っておくけれど、人間の善悪でわたしの行動を評価するのは、まったく妥当ではないわ。
AvgDialog_72011_Content_29,apKC,avg星辰章1_AvgDialog_C_M.csv,251,AvgDialog,Content,詹金新,我不知道你们之间有什么恩怨，不过，喏，这里有面包。,お前たちの間に何があったか知らないけどさ……\nほら、このパンでも食えよ。
AvgDialog_72011_Content_30,apKE,avg星辰章1_AvgDialog_C_M.csv,252,AvgDialog,Content,詹金新,口渴的话那边有水，嗯，还有些红茶，和我认不出来的一堆高档玩意儿。,喉が渇いたらあっちに水がある。\nあと紅茶とか、あたしにはよく分かんない高級そうなもんもな。
AvgDialog_72011_Content_31,apKF,avg星辰章1_AvgDialog_C_M.csv,253,AvgDialog,Content,玩家,你……发家致富了？,君……お金持ちにでもなったの？
AvgDialog_72011_Content_32,apKG,avg星辰章1_AvgDialog_C_M.csv,254,AvgDialog,Content,詹金新,什么乱七八糟的！你不知道吗？,何わけのわかんないこと言ってんだ！\nお前知らないのか？
AvgDialog_72011_Content_33,apKH,avg星辰章1_AvgDialog_C_M.csv,255,AvgDialog,Content,詹金新,那个做了一大堆怪梦的晚上过后，大部分人都不见了，外面全是怪物。,あの変な夢をたくさん見た夜が明けた後、ほとんどの人が消えて、外は怪物だらけだ。
AvgDialog_72011_Content_34,apKI,avg星辰章1_AvgDialog_C_M.csv,256,AvgDialog,Content,詹金新,好在因为人都不见了，所以到处都是免费面包。,幸い人がいなくなったおかげで、そこらじゅうにタダのパンがあるけどな。
AvgDialog_72011_Content_35,apKJ,avg星辰章1_AvgDialog_C_M.csv,257,AvgDialog,Content,玩家,你……怎么会来这里？,君は……どうしてここに来たの？
AvgDialog_72011_Content_36,apKK,avg星辰章1_AvgDialog_C_M.csv,258,AvgDialog,Content,,你环顾四周，小小的钟楼空间摆了五六个卧铺。,あなたが周囲を見回すと、小さな鐘楼の空間には、五、六台の寝台が並んでいた。
AvgDialog_72011_Content_37,apKL,avg星辰章1_AvgDialog_C_M.csv,259,AvgDialog,Content,詹金新,我才不想来，小老鼠在街头活得好得很。就是晚上的时候，那些闹哄哄的家伙太烦人了。,来たくて来たんじゃない。あたしは街でも十分やっていけるしな。\nただ夜になると、あの騒がしいやつらがうるさくて。
AvgDialog_72011_Content_38,apKM,avg星辰章1_AvgDialog_C_M.csv,260,AvgDialog,Content,詹金新,我往高处躲的时候，就找到了这里，要爬个梯子，怪物上不来。,高いところへ逃げてるうちにここを見つけたんだ。\n梯子を登らなきゃいけないから、怪物は上がってこれない。
AvgDialog_72011_Content_39,apKN,avg星辰章1_AvgDialog_C_M.csv,261,AvgDialog,Content,詹金新,可惜我发现得晚，已经被人占啦，大多数都是伤病员，或者疯疯癫癫的。,見つけたのが遅くて、もう先客がいたけどな。\nほとんどは怪我人か、あるいは気が狂った奴らばっかだ。
AvgDialog_72011_Content_40,apKP,avg星辰章1_AvgDialog_C_M.csv,262,AvgDialog,Content,詹金新,有个善心的大姐姐给我也准备了一张床铺，那句话怎么说来着，“何乐而不为”？,優しい姉ちゃんが、あたしにもベッドを用意してくれたんだ。\nなんて言うんだっけ、「願ったり叶ったり」？
AvgDialog_72011_Content_41,apKQ,avg星辰章1_AvgDialog_C_M.csv,263,AvgDialog,Content,？？？,詹金，有客人来吗？,ジェンキン、お客さんが来てるの？
AvgDialog_72011_Content_42,apKR,avg星辰章1_AvgDialog_C_M.csv,264,AvgDialog,Content,,你的呼吸一滞。,あなたの呼吸が一瞬止まる。
AvgDialog_72011_Content_43,apKS,avg星辰章1_AvgDialog_C_M.csv,265,AvgDialog,Content,梅森,啊，不好意思，招待不周，我这就去给你们端茶来。,ああ、ごめんなさい。おもてなしもできなくて。\n今、お茶を持ってくるわ。
AvgDialog_72011_Content_44,apKT,avg星辰章1_AvgDialog_C_M.csv,266,AvgDialog,Content,詹金新,姐姐！他们有手有脚的，不需要你照顾。,姉ちゃん！\nこいつらには手足があるんだから、世話なんていらないって。
AvgDialog_72011_Content_45,apKU,avg星辰章1_AvgDialog_C_M.csv,267,AvgDialog,Content,詹金新,对了，这是我姐姐，梅森，她现在看起来有点怪，但你们要是敢把她当成怪物的话，我不会让你们有好果子吃！,ああ、こっちはあたしの姉ちゃん、メイソンだ。ちょっと様子が変に見えるかもしれないけど、怪物扱いしたら許さないからな！
AvgDialog_72011_Content_46,apKV,avg星辰章1_AvgDialog_C_M.csv,268,AvgDialog,Content,玩家,……,……
AvgDialog_72011_Content_47,apKW,avg星辰章1_AvgDialog_C_M.csv,269,AvgDialog,Content,熔毁·朵尔NF,你怎么回事？感天动地的姐弟情深，你第一次见？,どうしたの？\n涙ぐましい姉と弟の情愛を見るのは初めて？
AvgDialog_72011_Content_48,apKX,avg星辰章1_AvgDialog_C_M.csv,270,AvgDialog,Content,詹金新,什么姐弟，你眼睛是不是有问题啊！？我是女的，女的！,誰が弟だ、お前目がおかしいんじゃないのか！？\nあたしは女だ、お・ん・な！
AvgDialog_72011_Content_49,apKY,avg星辰章1_AvgDialog_C_M.csv,271,AvgDialog,Content,,"一切都回来了，正如你第一次与她相见的时候。
你拭了拭眼角。",すべてが、戻ってきた。初めて彼女と出会ったあの時のように。\nあなたは目元を拭った。
AvgDialog_72011_Content_50,apLa,avg星辰章1_AvgDialog_C_M.csv,272,AvgDialog,Content,玩家,抱歉，我失态了，只是没想到会再见到你们……,ごめん、取り乱した。\nただ、また君たちに会えるとは思わなくて……
AvgDialog_72011_Content_51,apLb,avg星辰章1_AvgDialog_C_M.csv,273,AvgDialog,Content,梅森,再？这位%sirormadam%，我们以前认识吗？很抱歉接受治疗后我有很多记忆都混乱了……,また？ええと、以前どこかでお会いしましたか？\n治療を受けたあと、記憶が混乱していて、申し訳ないけど……
AvgDialog_72011_Content_52,apLc,avg星辰章1_AvgDialog_C_M.csv,274,AvgDialog,Content,玩家,不，这不重要……知道你们还活着，就好了……,いや、それは重要じゃない……\n君たちが生きていると分かった、それだけでいいんだ……
AvgDialog_72011_Content_53,apLd,avg星辰章1_AvgDialog_C_M.csv,275,AvgDialog,Content,,……,……
AvgDialog_72011_Content_54,apLe,avg星辰章1_AvgDialog_C_M.csv,276,AvgDialog,Content,,…………,…………
AvgDialog_72011_Content_55,apLf,avg星辰章1_AvgDialog_C_M.csv,277,AvgDialog,Content,詹金新,我不知道大姐姐用什么方法，总之我跟她说了说姐姐的事情，她就帮我把姐姐带了回来。,あの女の人がどんな方法を使ったのかは知らないけど、とにかく姉ちゃんのことを話したら、連れ戻すのを手伝ってくれたんだ。
AvgDialog_72011_Content_56,apLg,avg星辰章1_AvgDialog_C_M.csv,278,AvgDialog,Content,詹金新,姐姐……虽然有时候会显得有点不安和崩溃，但她在好的状态下依然很温柔善良，对我和其他人都特别好……,姉ちゃんは……たまに不安で取り乱すこともあるけど、調子がいいときは優しくて、あたしやみんなにも本当によくしてくれるんだ……
AvgDialog_72011_Content_57,apLh,avg星辰章1_AvgDialog_C_M.csv,279,AvgDialog,Content,玩家,你说的那个大姐姐……她叫什么名字？,君が言うその女の人……名前は何て言うの？
AvgDialog_72011_Content_58,apLi,avg星辰章1_AvgDialog_C_M.csv,280,AvgDialog,Content,詹金新,咦，我刚才没说吗？,あれ、さっき言わなかったか？
AvgDialog_72011_Content_59,apLj,avg星辰章1_AvgDialog_C_M.csv,281,AvgDialog,Content,詹金新,克莱门汀，她叫克莱门汀。,クレメンタイン。その女の人はクレメンタインっていうんだ。
AvgDialog_72011_Content_60,apLl,avg星辰章1_AvgDialog_C_M.csv,282,AvgDialog,Content,玩家,！,！
AvgDialog_72011_Content_61,apLm,avg星辰章1_AvgDialog_C_M.csv,283,AvgDialog,Content,,……,……
AvgDialog_72011_Content_62,apLn,avg星辰章1_AvgDialog_C_M.csv,284,AvgDialog,Content,玩家,所以，如果她和罗杰斯的关系如我的预期一般……是克莱门汀将梅森从雕塑家协会处搭救回来的吗？,つまり、もし彼女とロジャーズの関係が私の予想通りなら……\nメイソンを彫刻家協会から救い出したのはクレメンタインってこと？
AvgDialog_72011_Content_63,apLo,avg星辰章1_AvgDialog_C_M.csv,285,AvgDialog,Content,熔毁·朵尔NF,"雕塑家协会，那些苟且偷生的臭虫吗？
和那些家伙混在一起的，就算不是床虱、蜱虫，也得是蚂蟥、牛虻一样的脏东西。",彫刻家協会って、あの卑劣な害虫たちのこと？あれとつるむやつなんて、トコジラミやダニでなければヒルやアブ同然の汚物よ。
AvgDialog_72011_Content_64,apLp,avg星辰章1_AvgDialog_C_M.csv,286,AvgDialog,Content,克莱门汀,您贸然做出如此发言，可就不太礼貌了，亲爱的小小姐。,そのような物言いは、少々失礼ですよ、かわいらしいお嬢さん。
AvgDialog_72011_Content_65,apLq,avg星辰章1_AvgDialog_C_M.csv,287,AvgDialog,Content,,白衣的女人无声无息地飘然出现在你身后。,白衣の女が、音もなくあなたの背後に現れた。
AvgDialog_72011_Content_66,apLr,avg星辰章1_AvgDialog_C_M.csv,288,AvgDialog,Content,,一阵嗡鸣声钻入你的脑海，眼前的景象扭曲起来。,耳障りな羽音が頭の中に響き、目の前の光景が歪み始める。
AvgDialog_72011_Content_67,apLs,avg星辰章1_AvgDialog_C_M.csv,289,AvgDialog,Content,克莱门汀,你们二位还是我亲自从一片狼藉的废墟中翻出来，又辛辛苦苦扛到这钟楼之上，生怕你们一不小心就被那些冒着黑泥的怪物生吞活剥了……,私があなた方お二人を廃墟から掘り出して、この鐘楼まで担ぎ上げたんです。あの黒い泥を吐く怪物に食われやしないかと案じて……
AvgDialog_72011_Content_68,apLt,avg星辰章1_AvgDialog_C_M.csv,290,AvgDialog,Content,克莱门汀,恩将仇报可不好啊，你们说对不对？,恩を仇で返すのはよくありません、そう思いませんか？
AvgDialog_72011_Content_69,apLu,avg星辰章1_AvgDialog_C_M.csv,291,AvgDialog,Content,,"你的内心警铃大作，旋身与她对峙，高扬的银钥闪烁召唤的银光。
在你出手之前，小小的身影突然蹿出，挡在白衣女人身前。",内心で危険を感じ、即座に対峙する。シルバーキーが光を放つ。だが手を出す前に、小柄な影が飛び出し、白衣の女に立ちはだかった。
AvgDialog_72011_Content_70,bLRR,avg星辰章1_AvgDialog_C_M.csv,292,AvgDialog,Content,詹金新,克莱门汀小姐是我和姐姐的恩人，不准你们伤害她！,クレメンタインさんは、あたしと姉ちゃんの恩人だ。\n傷つけるなんて許さないぞ！
AvgDialog_72000_Content_1,apCu,avg星辰章1_AvgDialog_C_M.csv,294,AvgDialog,Content,詹金新,你这家伙果然有问题，怎么一言不合就动手啊！,お前、やっぱりおかしいぞ。\nなんですぐに手を出すんだ！
AvgDialog_72000_Content_2,apCD,avg星辰章1_AvgDialog_C_M.csv,295,AvgDialog,Content,梅森,梅森能感觉到，二位都是好人……能不要互相为难了吗？,私には分かるわ、二人ともいい人だって……\nお互いで困らせ合うのは、やめましょう？
AvgDialog_72000_Content_3,apCE,avg星辰章1_AvgDialog_C_M.csv,296,AvgDialog,Content,克莱门汀,不，看来这二位是不能容我在这里安身了……,いえ、どうやらこちらのお二人は、私がここに身を置くのを許してくださらないようです……
AvgDialog_72000_Content_4,apCF,avg星辰章1_AvgDialog_C_M.csv,297,AvgDialog,Content,克莱门汀,既然如此，我还是先出去避避风头吧。,それなら、ひとまず外に出て、ほとぼりが冷めるのを待つことにしましょうか。
AvgDialog_72000_Content_5,apCG,avg星辰章1_AvgDialog_C_M.csv,298,AvgDialog,Content,,她嘴上说着离去，却倏然凑到你的近前，呢喃耳语。,彼女は立ち去ると言いながら、ふいにあなたのそばへ近づき、耳元で囁いた。
AvgDialog_72000_Content_6,apCH,avg星辰章1_AvgDialog_C_M.csv,299,AvgDialog,Content,克莱门汀,还会再见的，无目之瞳。,またお会いしましょう、目のない瞳。
AvgDialog_72000_Content_7,apCI,avg星辰章1_AvgDialog_C_M.csv,300,AvgDialog,Content,玩家,（既然雕塑家协会和罗杰斯的情况与之前一致，那么……）,（彫刻家協会とロジャーズの状況が以前と変わらないのなら……）
AvgDialog_72000_Content_8,apCJ,avg星辰章1_AvgDialog_C_M.csv,301,AvgDialog,Content,玩家,詹金，你知道艾继丝在哪儿吗？,ジェンキン、アイギスがどこにいるか知ってる？
AvgDialog_72000_Content_9,apCK,avg星辰章1_AvgDialog_C_M.csv,302,AvgDialog,Content,詹金新,你还认识艾继丝？,アイギスのことまで知ってんのか？
AvgDialog_72000_Content_10,apCv,avg星辰章1_AvgDialog_C_M.csv,303,AvgDialog,Content,詹金新,她和姐姐一样，被那个带着古怪人偶的有钱少爷带去治病了。,あいつも姉ちゃんと同じで、変な人形を連れた金持ちの坊ちゃんに治療へ連れてかれたよ。
AvgDialog_72000_Content_11,apCw,avg星辰章1_AvgDialog_C_M.csv,304,AvgDialog,Content,詹金新,我也告诉克莱门汀小姐了，但克莱门汀小姐说，少爷把她送去什么高端疗养了，暂时还回不来。,クレメンタインさんにも言ったけど、その坊ちゃんがあいつをどこかの高級な療養施設に送ったらしくて、当分戻れないってさ。
AvgDialog_72000_Content_12,apCx,avg星辰章1_AvgDialog_C_M.csv,305,AvgDialog,Content,玩家,那么……莎拉小姐，还有戴安娜呢？,じゃあ……サラさんや、ダイアナは？
AvgDialog_72000_Content_13,apCy,avg星辰章1_AvgDialog_C_M.csv,306,AvgDialog,Content,詹金新,不知道。济贫院里全是怪物，没人敢靠近。,分からない。\nワークハウスの中は怪物だらけで、誰も近づけないんだ。
AvgDialog_72000_Content_14,apCz,avg星辰章1_AvgDialog_C_M.csv,307,AvgDialog,Content,梅森,是的，我从西区被克莱门汀小姐带回来的时候发现，东区的怪物比西区要多上许多……,ええ、私が西区からクレメンタインさんに連れ戻されたときに気づいたの。東区にいる怪物は西区よりずっと多くて……
AvgDialog_72000_Content_15,apCA,avg星辰章1_AvgDialog_C_M.csv,308,AvgDialog,Content,梅森,济贫院内更是。,ワークハウスの中はなおさら……
AvgDialog_72000_Content_16,apCB,avg星辰章1_AvgDialog_C_M.csv,309,AvgDialog,Content,,你的眼前浮现出那二人的身影。佝偻着腰，带着殷勤的笑意的莎拉；胆怯的，不敢吐露心声的艾继丝。,あなたの脳裏に二人の姿が浮かぶ。背を丸め、愛想笑い浮かべるサラ。怯えて本心を口にできないアイギス。
AvgDialog_72000_Content_17,apCC,avg星辰章1_AvgDialog_C_M.csv,310,AvgDialog,Content,玩家,明天一早，我去搜查济贫院。,明日の朝一番に、私がワークハウスを捜索する。
AvgDialog_72013_Content_1,apMo,avg星辰章1_AvgDialog_C_M.csv,312,AvgDialog,Content,,亲切的与勇敢的,親切で勇敢な
AvgDialog_72013_Content_2,apMz,avg星辰章1_AvgDialog_C_M.csv,313,AvgDialog,Content,,"这里的烟尘一直没到脚踝。
布朗在其中蹦来跳去，落下一个又一个小小的陷坑。",ここでは、塵芥がいつも足首のあたりまで積もっている。\nブラウンはその中を跳ね回り、小さな窪みをいくつも残していく。
AvgDialog_72013_Content_3,apMK,avg星辰章1_AvgDialog_C_M.csv,314,AvgDialog,Content,詹金新,真的要在这里搜索什么……幸村者吗？,本当にここで何かを探すのか……セイコウシャを？
AvgDialog_72013_Content_4,apMN,avg星辰章1_AvgDialog_C_M.csv,315,AvgDialog,Content,熔毁·朵尔NF,是幸存者。,生存者、よ。
AvgDialog_72013_Content_5,apMO,avg星辰章1_AvgDialog_C_M.csv,316,AvgDialog,Content,詹金新,济贫院我都搜索过了，这里可没什么正常人。,ワークハウスの中は全部探したぞ。\nまともな人間なんかもういないって。
AvgDialog_72013_Content_6,apMP,avg星辰章1_AvgDialog_C_M.csv,317,AvgDialog,Content,玩家,不……还有一个地方。,いや……もう一か所ある。
AvgDialog_72013_Content_7,apMQ,avg星辰章1_AvgDialog_C_M.csv,318,AvgDialog,Content,,你的眼前浮现出地下室的画面。,あなたの脳裏に地下室の光景が浮かんだ。
AvgDialog_72013_Content_8,apMR,avg星辰章1_AvgDialog_C_M.csv,319,AvgDialog,Content,,那个安静的雕塑者，珊，她还会在那里进行悖乱常理的雕刻吗？,あの物静かな彫刻家、サンガー。\n彼女は今もあそこで、常軌を逸した彫刻を続けているのだろうか？
AvgDialog_72013_Content_9,apMS,avg星辰章1_AvgDialog_C_M.csv,320,AvgDialog,Content,詹金新,布朗，等等我！,ブラウン、待てって！
AvgDialog_72013_Content_10,apMp,avg星辰章1_AvgDialog_C_M.csv,321,AvgDialog,Content,,布朗回过身来，蹦上你的肩头，用尖尖的鼻子贴近你的脸颊轻嗅着。,ブラウンは振り返り、あなたの肩に飛び乗ると、尖った鼻先を頬に寄せてそっと匂いを嗅いだ。
AvgDialog_72013_Content_11,apMq,avg星辰章1_AvgDialog_C_M.csv,322,AvgDialog,Content,,勇敢的老鼠……,勇敢なネズミ……
AvgDialog_72013_Content_12,apMr,avg星辰章1_AvgDialog_C_M.csv,323,AvgDialog,Content,,摸摸它的头,頭を撫でる
AvgDialog_72013_Content_13,apMs,avg星辰章1_AvgDialog_C_M.csv,324,AvgDialog,Content,,你轻轻摸了摸它的小脑袋，它则仰着头回应你。,あなたがその小さな頭をそっと撫でると、ブラウンは頭を上げて応えた。
AvgDialog_72013_Content_14,apMt,avg星辰章1_AvgDialog_C_M.csv,325,AvgDialog,Content,,记忆里这是你们第一次如此亲近。,記憶の中と比べても、これほど近づいたのは初めてだ。
AvgDialog_72013_Content_15,apMu,avg星辰章1_AvgDialog_C_M.csv,326,AvgDialog,Content,,与它对视,見つめ合う
AvgDialog_72013_Content_16,apMv,avg星辰章1_AvgDialog_C_M.csv,327,AvgDialog,Content,,它吱吱一声别过脸去，哒哒地钻到詹金的兜帽里，探出半个脑袋小心翼翼地与你对视。,それはチュッと鳴いて顔を背け、ジェンキンのフードの中に潜り込むと、半分だけ顔を出しておずおずとあなたを見つめた。
AvgDialog_72013_Content_17,apMw,avg星辰章1_AvgDialog_C_M.csv,328,AvgDialog,Content,玩家,通过前面的走廊，就是地下室的位置了。,前の廊下を抜ければ、地下室だ。
AvgDialog_72013_Content_18,apMx,avg星辰章1_AvgDialog_C_M.csv,329,AvgDialog,Content,,詹金和布朗窃窃私语。,ジェンキンとブラウンがひそひそと話をしている。
AvgDialog_72013_Content_19,apMy,avg星辰章1_AvgDialog_C_M.csv,330,AvgDialog,Content,布朗,吱吱，吱吱！,チュチュ、チュチュ！
AvgDialog_72013_Content_20,apMA,avg星辰章1_AvgDialog_C_M.csv,331,AvgDialog,Content,玩家,它说什么了？,何て言ったの？
AvgDialog_72013_Content_21,apMB,avg星辰章1_AvgDialog_C_M.csv,332,AvgDialog,Content,詹金新,哼。我问它为什么这么亲近你，布朗说你是个无害的家伙。,ふん。なんでお前に懐くのか聞いたら、ブラウンがお前は無害なやつだってさ。
AvgDialog_72013_Content_22,apMC,avg星辰章1_AvgDialog_C_M.csv,333,AvgDialog,Content,玩家,动物的直觉总是很准的。,動物の直感は当たるからね。
AvgDialog_72013_Content_23,apMD,avg星辰章1_AvgDialog_C_M.csv,334,AvgDialog,Content,詹金新,少贫嘴，谁知道你这家伙用了什么手段。,いい加減なこと言うなよな。\nどんな手を使ったんだか。
AvgDialog_72013_Content_24,apME,avg星辰章1_AvgDialog_C_M.csv,335,AvgDialog,Content,,詹金别扭地撇了撇嘴，下个瞬间却突然瞪圆了眼。,ジェンキンは不満げに口を尖らせたが、次の瞬間、目を見開いた。
AvgDialog_72013_Content_25,apMF,avg星辰章1_AvgDialog_C_M.csv,336,AvgDialog,Content,詹金新,小心！,気をつけろ！
AvgDialog_72013_Content_26,apMG,avg星辰章1_AvgDialog_C_M.csv,337,AvgDialog,Content,,詹金一把拉过你，喷射的浆液从你脸颊划过，落在走廊的墙壁上，腐蚀的臭味蒸汽般弥漫在空间里，让人几乎将胃液呕出来。,ジェンキンに引き寄せられた瞬間、噴出した粘液が頬をかすめ壁に飛び散った。腐敗臭が蒸気のように立ち込め、思わず吐きそうになる。
AvgDialog_72013_Content_27,apMH,avg星辰章1_AvgDialog_C_M.csv,338,AvgDialog,Content,,徘徊的融蚀体聚集而来，在你们面前的道路上发出声声悲鸣。,徘徊していた融蝕生物がわらわらと集まってきて、あなたたちの前で悲鳴を上げる。
AvgDialog_72013_Content_28,apMI,avg星辰章1_AvgDialog_C_M.csv,339,AvgDialog,Content,詹金新,嘁，你带的这条路太窄了，没法绕过去啊。,ちっ、お前の選んだ道は狭すぎて、回り道もできないじゃん。
AvgDialog_72013_Content_29,apMJ,avg星辰章1_AvgDialog_C_M.csv,340,AvgDialog,Content,玩家,这段时间，你就是这么生存下来的？,今まで、ずっとこうやって生き延びてきたの？
AvgDialog_72013_Content_30,apML,avg星辰章1_AvgDialog_C_M.csv,341,AvgDialog,Content,詹金新,那当然。,当然だろ。
AvgDialog_72013_Content_31,apMM,avg星辰章1_AvgDialog_C_M.csv,342,AvgDialog,Content,玩家,这里施展不开……我们将这些异变体引到庭院里吧。,ここじゃ思うように動けないな……\n変異体たちをあの中庭まで引きつけよう。
AvgDialog_72001_Content_1,apCL,avg星辰章1_AvgDialog_C_M.csv,344,AvgDialog,Content,詹金新,（目瞪口呆）,（呆然）
AvgDialog_72001_Content_2,apCW,avg星辰章1_AvgDialog_C_M.csv,345,AvgDialog,Content,詹金新,你把那些怪物全部干掉了？,あの怪物を、全部やっつけたのか？
AvgDialog_72001_Content_3,apDh,avg星辰章1_AvgDialog_C_M.csv,346,AvgDialog,Content,玩家,从今往后，你在济贫院里就可以行动自如了。,これからは、ワークハウスの中を自由に動き回れるよ。
AvgDialog_72001_Content_4,apDl,avg星辰章1_AvgDialog_C_M.csv,347,AvgDialog,Content,玩家,如果在外面发现了受伤的人，就让他们在这里休息吧。,もし外で怪我した人を見つけたら、ここで休ませてあげて。
AvgDialog_72001_Content_5,apDm,avg星辰章1_AvgDialog_C_M.csv,348,AvgDialog,Content,玩家,"我去地下室看看。
你先别过来。",私は地下室を見てくる。\n君はまだ来ないで。
AvgDialog_72001_Content_6,apDn,avg星辰章1_AvgDialog_C_M.csv,349,AvgDialog,Content,,你站在地下室的门前，深吸了一口气。,あなたは地下室の扉の前に立ち、大きく息を吸い込んだ。
AvgDialog_72001_Content_7,apDo,avg星辰章1_AvgDialog_C_M.csv,350,AvgDialog,Content,,往昔的回忆在你的眼前胶片轴般滚动闪现。,過ぎ去った記憶が、フィルムのようにあなたの目の前を流れていく。
AvgDialog_72001_Content_11,apCN,avg星辰章1_AvgDialog_C_M.csv,354,AvgDialog,Content,,你推开了门。,あなたは扉を押し開けた。
AvgDialog_72001_Content_12,apCO,avg星辰章1_AvgDialog_C_M.csv,355,AvgDialog,Content,,出现在你面前的是熟悉的地下室，但没有糖人，没有雕塑家，也没有实验台。,目の前に現れたのは見慣れた地下室。\nだが蝋人形も、彫刻家も、実験台もなかった。
AvgDialog_72001_Content_13,apCP,avg星辰章1_AvgDialog_C_M.csv,356,AvgDialog,Content,,有的只是一个蓬头垢面、骨瘦如柴的女人。,そこにいたのは、神が乱れて、痩せ細った一人の女だけだった。
AvgDialog_72001_Content_14,apCQ,avg星辰章1_AvgDialog_C_M.csv,357,AvgDialog,Content,？？？,……谁……,……誰……
AvgDialog_72001_Content_15,apCR,avg星辰章1_AvgDialog_C_M.csv,358,AvgDialog,Content,,"沙哑的、虚弱的声音，像是忍受着剧烈的疼痛。
枯瘦的手指在地面竭力攀行，拖拽着无力的身躯向你们凑近。",かすれた、弱々しい声。激しい痛みに耐えているようだった。\n痩せた指が地面を這い、力なく体を引きずってあなたたちへ近づく。
AvgDialog_72001_Content_16,apCS,avg星辰章1_AvgDialog_C_M.csv,359,AvgDialog,Content,莎拉,是……人类吗……,人間……なの……
AvgDialog_72001_Content_17,apCT,avg星辰章1_AvgDialog_C_M.csv,360,AvgDialog,Content,玩家,莎拉！,サラ！
AvgDialog_72001_Content_18,apCU,avg星辰章1_AvgDialog_C_M.csv,361,AvgDialog,Content,梅森,慢些喝，水还有很多，没关系的。,ゆっくりと飲んで。\n水はまだたくさんあるわ、大丈夫よ。
AvgDialog_72001_Content_19,apCV,avg星辰章1_AvgDialog_C_M.csv,362,AvgDialog,Content,莎拉,呼、呼。,はぁ、はぁ……
AvgDialog_72001_Content_20,apCX,avg星辰章1_AvgDialog_C_M.csv,363,AvgDialog,Content,玩家,你在地下室躲了多久？,どれくらい地下室に隠れていたの？
AvgDialog_72001_Content_21,apCY,avg星辰章1_AvgDialog_C_M.csv,364,AvgDialog,Content,莎拉,算不清了……无论如何，应该超过二十天。,もう数えきれないほど……でも、20日は超えているはずです。
AvgDialog_72001_Content_22,apCZ,avg星辰章1_AvgDialog_C_M.csv,365,AvgDialog,Content,莎拉,有时候，我会听到一种古怪的呓语声，头会疼痛得无法忍受，甚至感觉它要从内部裂开来……,ときどき、変なうわ言が聞こえてきて、頭が耐えられないくらい痛くなるんです。内側から裂けてしまいそうな気さえして……
AvgDialog_72001_Content_23,apDa,avg星辰章1_AvgDialog_C_M.csv,366,AvgDialog,Content,莎拉,醒来的时候，已经不知道昏迷了多久……,目が覚めたときには、どのくらい気絶していたのかも分からなくて……
AvgDialog_72001_Content_24,apDb,avg星辰章1_AvgDialog_C_M.csv,367,AvgDialog,Content,莎拉,"没有食物，也没有水……我总觉得自己马上就要死去了。
但是，一想到孩子们还在等着我……",食べ物も水もなくて……もう死ぬのだと思っていました。\nでも、子どもたちが私を待っていると思うと……
AvgDialog_72001_Content_25,apDc,avg星辰章1_AvgDialog_C_M.csv,368,AvgDialog,Content,熔毁·朵尔NF,超过二十天不吃不喝还能活下来，你不会觉得自己是靠着对孩子们的爱活下来的吧？,20日以上何も飲まず食わずで生き延びた。\nまさか子供たちへの愛のおかげだと、本気で思っているの？
AvgDialog_72001_Content_26,apDd,avg星辰章1_AvgDialog_C_M.csv,369,AvgDialog,Content,詹金新,你在阴阳怪气些什么！,なんでそんな嫌味なこと言うんだ！
AvgDialog_72001_Content_27,apDe,avg星辰章1_AvgDialog_C_M.csv,370,AvgDialog,Content,熔毁·朵尔NF,恕我直言，朋友们，你们应该意识到……,率直に言わせてもらうわ。\nあなたたちも気づくべきね……
AvgDialog_72001_Content_28,apDf,avg星辰章1_AvgDialog_C_M.csv,371,AvgDialog,Content,熔毁·朵尔NF,你们眼前的这位莎拉女士，早就已经不是普通的人类了……她是个半成品唤醒体。,目の前の、このサラという女性は、とうに普通の人間ではないわ……彼女は、未完成の覚醒体よ。
AvgDialog_72001_Content_29,apDg,avg星辰章1_AvgDialog_C_M.csv,372,AvgDialog,Content,玩家,"是的，她的诺斯指数反复震荡，不能维持在21以上。
原理尚不明确，但显然并非稳定的唤醒体。",そうだね、彼女の霊性指数は揺れ続けていて、21以上を保てない。\n原理は不明だけど、安定した覚醒体じゃないことは明らかだ。
AvgDialog_72001_Content_30,apDi,avg星辰章1_AvgDialog_C_M.csv,373,AvgDialog,Content,熔毁·朵尔NF,并且，显而易见的，她的身体很快就要扛不住内侧银芯的震荡了。,そして明らかに、彼女の体はもうすぐ、中のシルバーコアが起こす振動に耐えきれなくなるわ。
AvgDialog_72001_Content_31,apDj,avg星辰章1_AvgDialog_C_M.csv,374,AvgDialog,Content,熔毁·朵尔NF,很遗憾，但她恐怕见不到她的孩子们了。,残念だけど、彼女はもう子供たちには会えないでしょうね。
AvgDialog_72001_Content_32,apDk,avg星辰章1_AvgDialog_C_M.csv,375,AvgDialog,Content,,"熔毁·朵尔的笑意像一块沉重的巨石，牢牢地压在了你们的胸口。
没有人接话，沉默在济贫院的空气中抽出一块绵长的空洞。",溶壊・ドールの笑みが岩のように、あなたたちの胸にのしかかる。\n誰も言葉を継げず、ただ沈黙だけがワークハウスの空気を満たした。
AvgDialog_71989_Content_1,apvo,avg星辰章1_AvgDialog_C_M.csv,377,AvgDialog,Content,,有毒的苹果,毒リンゴ
AvgDialog_71989_Content_2,apvz,avg星辰章1_AvgDialog_C_M.csv,378,AvgDialog,Content,,你独自在天台呼吸着新鲜的夜间空气。,あなたは一人、屋上で新鮮な夜の空気を吸い込んでいた。
AvgDialog_71989_Content_3,apvK,avg星辰章1_AvgDialog_C_M.csv,379,AvgDialog,Content,,尽管荒芜的城市被烟尘笼罩，高处天台上却依然能够看到闪烁的清亮星星，为你带来短暂的慰藉。,荒れ果てた都市は塵に覆われていたが、高い屋上からは、それでも澄んだ星の輝きが見えて、ひと時の慰めを与えてくれた。
AvgDialog_71989_Content_4,apvN,avg星辰章1_AvgDialog_C_M.csv,380,AvgDialog,Content,玩家,熔毁·朵尔……这个世界的你，为什么没有选择加入弥萨格大学？,溶壊・ドール……この世界の君は、どうしてミサゴ大学に入る道を選ばなかったの？
AvgDialog_71989_Content_5,apvO,avg星辰章1_AvgDialog_C_M.csv,381,AvgDialog,Content,熔毁·朵尔NF,你对这个世界存在误解，愚蠢的小东西。,あなたはこの世界を誤解しているわ。\nまったく、愚かなものね。
AvgDialog_71989_Content_6,apvP,avg星辰章1_AvgDialog_C_M.csv,382,AvgDialog,Content,,星光落在朵尔的球形关节上，反射出非人型的金属异色。,星明かりがドールの球形の関節を露わにして、人ならざる金属の色を映し出す。
AvgDialog_71989_Content_7,apvQ,avg星辰章1_AvgDialog_C_M.csv,383,AvgDialog,Content,熔毁·朵尔NF,你以为不同维度之间的差别仅在于融蚀的表征和个体的经历吗？那可就大错特错了。,あなたは異なる次元の違いが、融蝕の現れ方や固体の経験差だけだとでも思ったの？それは大きな間違いね。
AvgDialog_71989_Content_8,apvR,avg星辰章1_AvgDialog_C_M.csv,384,AvgDialog,Content,熔毁·朵尔NF,就我所知，这个维度中，根本不存在所谓的「弥萨格大学」。,わたしの知る限り、この次元にはそもそも、いわゆる「ミサゴ大学」など存在しない。
AvgDialog_71989_Content_9,apvS,avg星辰章1_AvgDialog_C_M.csv,385,AvgDialog,Content,,……,……
AvgDialog_71989_Content_10,apvp,avg星辰章1_AvgDialog_C_M.csv,386,AvgDialog,Content,,…………,…………
AvgDialog_71989_Content_11,apvq,avg星辰章1_AvgDialog_C_M.csv,387,AvgDialog,Content,,长久的沉默在你们之间久久回荡。你感觉自己喉咙发梗，不知如何接话。,長い沈黙が二人の間に流れる。\nあなたは喉が詰まり、どう言葉を継げばいいか分からなかった。
AvgDialog_71989_Content_12,apvr,avg星辰章1_AvgDialog_C_M.csv,388,AvgDialog,Content,,深呼吸,深呼吸する
AvgDialog_71989_Content_13,apvs,avg星辰章1_AvgDialog_C_M.csv,389,AvgDialog,Content,熔毁·朵尔NF,与「弥萨格大学」最接近的，是另一所高等学府，同样以异种生物为主要研究对象。,「ミサゴ大学」に最も近いのは、別の高等学府よ。\n同じように異種生物を主な研究対象にしているわ。
AvgDialog_71989_Content_14,apvt,avg星辰章1_AvgDialog_C_M.csv,390,AvgDialog,Content,熔毁·朵尔NF,只是他们的研究更加古朴和正统，调查员的工作内容以考古研究、实地勘察和神秘学文书编撰为主，战斗人员规模远不如弥萨格大学。,彼らの研究はより古風で正統派よ。調査員の仕事は考古学研究や実地調査、神秘学文献の編纂が主で、戦闘はミサゴ大学に遠く及ばない。
AvgDialog_71989_Content_15,apvu,avg星辰章1_AvgDialog_C_M.csv,391,AvgDialog,Content,熔毁·朵尔NF,这所高等学府……名为「密斯卡托尼克大学」。,その高等学府は……「ミスカトニック大学」というの。
AvgDialog_71989_Content_16,apvv,avg星辰章1_AvgDialog_C_M.csv,392,AvgDialog,Content,,没有守密人，没有银芯，这个世界的「密斯卡托尼克大学」自然不具备招募朵尔的基础。,守秘者もいない、シルバーコアもない。この世界の「ミスカトニック大学」には当然、ドールを雇う理由もない。
AvgDialog_71989_Content_17,apvw,avg星辰章1_AvgDialog_C_M.csv,393,AvgDialog,Content,熔毁·朵尔NF,可惜，我并不记得詹金所说那次湮灭，只怕在那之后的全部记忆，都因为爆炸而遗失了。,惜しいけど、わたしはジェンキンの言うあの消滅を覚えていないの。\nその辺りの記憶はすべて、爆発で失われてしまったのでしょうね。
AvgDialog_71989_Content_18,apvx,avg星辰章1_AvgDialog_C_M.csv,394,AvgDialog,Content,熔毁·朵尔NF,至于你想要回到原本的世界……我倒是有些想法。,あなたが元の世界へ戻りたいという件について……\nわたしにも少し考えがあるわ。
AvgDialog_71989_Content_19,apvy,avg星辰章1_AvgDialog_C_M.csv,395,AvgDialog,Content,熔毁·朵尔NF,达芙黛尔夫人曾经告诉你，这里并非托乎瓦波的梦境，那么知晓当前世界的真相多半有助于建构与其他维度世界的联系。,ダフォダイル夫人は、ここはトオワボの夢ではないと言っていたわ。\nなら世界の真実を知れば、他の次元とのつながりを築く助けになる。
AvgDialog_71989_Content_20,apvA,avg星辰章1_AvgDialog_C_M.csv,396,AvgDialog,Content,熔毁·朵尔NF,这是一条更漫长的路，并且多半有效——毕竟失忆前的我曾经顺利转移至多个维度，而我和我的思路应当能保持一致。,遠回りだけど、おそらく有効な手段よ——記憶を失う前のわたしは複数の次元へ移れていたし、今のわたしと思考は同じはず。
AvgDialog_71989_Content_21,apvB,avg星辰章1_AvgDialog_C_M.csv,397,AvgDialog,Content,熔毁·朵尔NF,至于捷径，等我想想清楚再告诉你吧……,近道になりそうな方法ついては……\nもう少し考えがまとまってから教えるわ。
AvgDialog_71989_Content_22,apvC,avg星辰章1_AvgDialog_C_M.csv,398,AvgDialog,Content,熔毁·朵尔NF,不过，还有一件事是你能需要考虑清楚的。,でももう一つ、あなたには考えておくべきことがあるの。
AvgDialog_71989_Content_23,apvD,avg星辰章1_AvgDialog_C_M.csv,399,AvgDialog,Content,熔毁·朵尔NF,搜查济贫院这件事，与你返回原世界毫无关联。,ワークハウスを捜索するこの件は、あなたが元の世界に帰ることとは何の関わりもないわ。
AvgDialog_71989_Content_24,apvE,avg星辰章1_AvgDialog_C_M.csv,400,AvgDialog,Content,熔毁·朵尔NF,现在的你，将精力投在这些无关紧要的事情上。等到那一天，你当真能放下这里的一切，心无旁骛地回到过去的生活中吗？,今のあなたは、どうでもいいことに労力を注いでいる。その日が来たとき、本当にここのすべてを捨てて、未練なく昔の生活に戻れるの？
AvgDialog_71989_Content_25,apvF,avg星辰章1_AvgDialog_C_M.csv,401,AvgDialog,Content,熔毁·朵尔NF,"你可以慢慢思考这个问题。现在，有更关键的事情需要面对。
你看那边——",ゆっくり考えなさい。今は大事なことに向き合わないと\nあそこを見て——
AvgDialog_71989_Content_26,apvG,avg星辰章1_AvgDialog_C_M.csv,402,AvgDialog,Content,,黑暗中冒出星点移动的光，细细簌簌地掠过夜色。,闇の中から星のような光が点々と現れ、さらさらと夜の闇に流れた。
AvgDialog_71989_Content_27,apvH,avg星辰章1_AvgDialog_C_M.csv,403,AvgDialog,Content,熔毁·朵尔NF,是融蚀异构体！,融蝕変異体よ！
AvgDialog_71989_Content_28,apvI,avg星辰章1_AvgDialog_C_M.csv,404,AvgDialog,Content,,白日里被你驱逐的融蚀异构体，成群结队地蜂拥而来，他们焦躁不安地乱挤乱窜，竟至于相互攀扯和撕咬。,昼間にあなたが追い払った融蝕変異体が群れで押し寄せてきたのだ。\n苛立たしげに押し合い、互いを引っ掻き、噛みつき合っている。
AvgDialog_71989_Content_29,apvJ,avg星辰章1_AvgDialog_C_M.csv,405,AvgDialog,Content,熔毁·朵尔NF,他们的目标……非常明确，就是钟楼。,やつらの狙いははっきりしているわ。\n……この鐘楼よ。
AvgDialog_71989_Content_30,apvL,avg星辰章1_AvgDialog_C_M.csv,406,AvgDialog,Content,熔毁·朵尔NF,他们是冲我们来的。,わたしたちを目がけて来ているようね。
AvgDialog_71989_Content_31,apvM,avg星辰章1_AvgDialog_C_M.csv,407,AvgDialog,Content,玩家,迎战！,迎え撃とう！
AvgDialog_72003_Content_1,apDT,avg星辰章1_AvgDialog_C_M.csv,409,AvgDialog,Content,玩家,不行，数量太多了，这么下去，凭我们几个根本拦不住，钟楼要被攻陷了！,だめだ、数が多すぎる。このままじゃ止められない。\n鐘楼が落とされる！
AvgDialog_72003_Content_2,apEe,avg星辰章1_AvgDialog_C_M.csv,410,AvgDialog,Content,,一个娇小的身影飞快地向你们蹿来，额角的发丝凌乱，显然是刚从睡梦中惊醒。,小柄な人影が素早くあなたたちの方へ駆け寄ってきた。\n額の髪は乱れて、明らかに眠りから飛び起きたばかりだ。
AvgDialog_72003_Content_3,apEp,avg星辰章1_AvgDialog_C_M.csv,411,AvgDialog,Content,詹金新,%player%！这到底是怎么回事？！过去从来没有这么多怪物！,%player%！一体どうなってんだ！？\nこんなにたくさんの怪物が出るなんて、今まで一度もなかったぞ！
AvgDialog_72003_Content_4,apEA,avg星辰章1_AvgDialog_C_M.csv,412,AvgDialog,Content,熔毁·朵尔NF,你们看怪物的动作！,怪物の動きをよく見て！
AvgDialog_72003_Content_5,apEE,avg星辰章1_AvgDialog_C_M.csv,413,AvgDialog,Content,,他们无神的眼瞳齐齐仰望着钟楼，仿佛野外的狼群长啸向血色的满月。,怪物たちはそろって光のない瞳を鐘楼に向けている。\nまるで、荒野の狼の群れが血の色をした満月へ吠えるかのようだ。
AvgDialog_72003_Content_6,apEF,avg星辰章1_AvgDialog_C_M.csv,414,AvgDialog,Content,熔毁·朵尔NF,钟楼上有什么东西吸引着他们。,鐘楼の上にある何かが、やつらを引き寄せているわ。
AvgDialog_72003_Content_7,apEG,avg星辰章1_AvgDialog_C_M.csv,415,AvgDialog,Content,,你回忆起地下室走廊门口徘徊的融蚀异变体，他们同样在渴求着什么，因此在那里聚集。,あなたは、地下室の廊下の入口をうろついていた融触変異体を思い出した。やつらも何かを渇望して、あそこに集まっていたのだ。
AvgDialog_72003_Content_8,apEH,avg星辰章1_AvgDialog_C_M.csv,416,AvgDialog,Content,,……,……
AvgDialog_72003_Content_9,apEI,avg星辰章1_AvgDialog_C_M.csv,417,AvgDialog,Content,玩家,今天来到钟楼的……,今日、鐘楼へやって来たのは……
AvgDialog_72003_Content_10,apDU,avg星辰章1_AvgDialog_C_M.csv,418,AvgDialog,Content,熔毁·朵尔NF,那个女人。,あの女ね。
AvgDialog_72003_Content_11,apDV,avg星辰章1_AvgDialog_C_M.csv,419,AvgDialog,Content,熔毁·朵尔NF,怪物是冲着那个女人来的！,怪物はあの女を目がけて来ているわ！
AvgDialog_72003_Content_12,apDW,avg星辰章1_AvgDialog_C_M.csv,420,AvgDialog,Content,,你听见苦闷的哭嚎声自钟楼内传来，嘶哑的、破碎的、饱经摧残的，在嚎叫声灌入耳道的瞬间你仿佛置身骇异的绝境，足以令人神经错乱。,鐘楼内から苦悶に満ちた叫び声が聞こえる。そのしゃがれた声を耳にした瞬間、まるで絶望の淵に立たされたような錯覚に陥った。
AvgDialog_72003_Content_13,apDX,avg星辰章1_AvgDialog_C_M.csv,421,AvgDialog,Content,,当时，莎拉因愧疚而头部爆裂之前，也曾爆发出这样的吼声——,あのとき、サラが罪の意識で頭が裂ける前も、こんな咆哮を——
AvgDialog_72003_Content_14,apDY,avg星辰章1_AvgDialog_C_M.csv,422,AvgDialog,Content,玩家,小心莎拉！！,サラに気をつけて！！
AvgDialog_72003_Content_15,apDZ,avg星辰章1_AvgDialog_C_M.csv,423,AvgDialog,Content,,你闯入室内，修女的身影蜷缩在阴影之中。,あなたが部屋に踏み込むと、修道女が暗がりに縮こまっていた。
AvgDialog_72003_Content_16,apEa,avg星辰章1_AvgDialog_C_M.csv,424,AvgDialog,Content,,她跪伏于地，惊恐地紧抱住自己的肩膀，自颅顶到下颌绽开一条细长的血线，血线中不断滴落的殷红让她整个人分外狰狞可怖。,彼女は膝をつき、怯えて自身を抱きしめていた。頭頂部から顎にかけて細い線が走り、滴るほどの鮮血がその姿を壮絶に染め上げていた。
AvgDialog_72003_Content_17,apEb,avg星辰章1_AvgDialog_C_M.csv,425,AvgDialog,Content,,你犹豫了。,あなたはためらった。
AvgDialog_72003_Content_18,apEc,avg星辰章1_AvgDialog_C_M.csv,426,AvgDialog,Content,,眼前即将失控的人还是莎拉吗？你该以对待怪物还是对待人类的方式应对她呢？,目の前で暴走しかけている人物は、まだサラなのか。彼女を怪物として扱うべきか、それとも人間として接する向き合うべきか——
AvgDialog_72003_Content_19,apEd,avg星辰章1_AvgDialog_C_M.csv,427,AvgDialog,Content,熔毁·朵尔NF,连这点银芯的力量都不能容纳，感到痛苦也是理所应当的。,この程度のシルバーコアの力も許容できないのだから、苦しむのも当然ね。
AvgDialog_72003_Content_20,apEf,avg星辰章1_AvgDialog_C_M.csv,428,AvgDialog,Content,,熔毁·朵尔毫无芥蒂地来到莎拉面前，伸手轻抚莎拉额角的闪光，随后掏出一小瓶制剂，涂抹在皮肤开裂处隐隐露出的白骨上。,溶壊・ドールは平然とサラの前へ歩み寄り、額の輝きをそっと撫でた。そして、薬瓶を取り出し、裂けた肌から覗く白骨に塗りつけた。
AvgDialog_72003_Content_21,apEg,avg星辰章1_AvgDialog_C_M.csv,429,AvgDialog,Content,,那枚银芯的光泽逐渐黯淡下去。,額のシルバーコアの光沢が、次第に鈍く薄れていく。
AvgDialog_72003_Content_22,apEh,avg星辰章1_AvgDialog_C_M.csv,430,AvgDialog,Content,熔毁·朵尔NF,只能暂时压制，无论任由病程发展还是强行拔出银芯，她的躯体都无法承受。,一時的に抑え込めるだけよ。病を放っておいても、無理にシルバーコアを抜いても、彼女の体は耐えられないわ。
AvgDialog_72003_Content_23,apEi,avg星辰章1_AvgDialog_C_M.csv,431,AvgDialog,Content,熔毁·朵尔NF,你们或许认识什么擅长净化的存在吗？,あなたたち、浄化に長けた存在に心当たりは？
AvgDialog_72003_Content_24,apEj,avg星辰章1_AvgDialog_C_M.csv,432,AvgDialog,Content,玩家,……,……
AvgDialog_72003_Content_25,apEk,avg星辰章1_AvgDialog_C_M.csv,433,AvgDialog,Content,,…………,…………
AvgDialog_72003_Content_27,apEm,avg星辰章1_AvgDialog_C_M.csv,435,AvgDialog,Content,,"遥远的过去，喧嚣的人潮中。
萨尔瓦多抬起手，血液从他身上、从他四周源源不断地流向石板。",遥かな過去、喧騒に満ちた人波の中——\nサルバドルは手を掲げる。彼の身体や周囲から、血が絶え間なく石板へと流れ込む。
AvgDialog_72003_Content_28,apEn,avg星辰章1_AvgDialog_C_M.csv,436,AvgDialog,Content,,蓝光再次沿着纹路流转，一明一暗，宛如呼吸。,青い光が脈動し、明滅を繰り返す。まるで呼吸のように。
AvgDialog_72003_Content_29,apEo,avg星辰章1_AvgDialog_C_M.csv,437,AvgDialog,Content,萨尔瓦多,创生的父神，仁慈的造主，请聆听我的祈求。,創世の父なる神、慈悲深い創造主よ、私の祈りをお聞きください。
AvgDialog_72003_Content_30,apEq,avg星辰章1_AvgDialog_C_M.csv,438,AvgDialog,Content,,温润的蓝以石板为中心向四周深处密匝的须根，它们穿过人群，清凉的风驱散了残存的血腥味，留下淡淡的熏香气息。,柔らかな青い光が石板から広がる。光の筋が地を這い、人々の間を抜け、血の臭いを払い、代わりに淡いお香の匂いを残した。
AvgDialog_72003_Content_31,apEr,avg星辰章1_AvgDialog_C_M.csv,439,AvgDialog,Content,,站着的人们缓缓坐下。,立っていた者たちはゆっくりと腰を下ろした。
AvgDialog_72003_Content_32,apEs,avg星辰章1_AvgDialog_C_M.csv,440,AvgDialog,Content,,坐着的那些张着嘴，呆呆地看着面前堪称神迹的一幕。,座っていた者たちは口を開けて、目の前の奇跡を呆然と見つめている。
AvgDialog_72003_Content_33,apEt,avg星辰章1_AvgDialog_C_M.csv,441,AvgDialog,Content,,那些失去意识、甚至停止呼吸的，都在微风中缓缓睁开了眼。,そして、息をしていなかった者たちまでもが、そよ風の中でゆっくりと瞼を開いた。
AvgDialog_72003_Content_34,apEu,avg星辰章1_AvgDialog_C_M.csv,442,AvgDialog,Content,萨尔瓦多,请消去他们的伤痛，抚平他们的心。,どうか彼らの痛みを取り払い、その心を癒したまえ。
AvgDialog_72003_Content_35,apEv,avg星辰章1_AvgDialog_C_M.csv,443,AvgDialog,Content,,人们的目光变得空茫，身体愈发放松。慌乱与恐惧一扫而空，取而代之的是一种舒缓和宁静。,人々の瞼から焦点が消え、身体からは力が抜けていく。\n恐怖も混乱も消え、かわりに静かな安らぎが満ちていた。
AvgDialog_72003_Content_36,apEw,avg星辰章1_AvgDialog_C_M.csv,444,AvgDialog,Content,萨尔瓦多,让他们不再受苦难折磨，并给予他们赐福。,彼らを苦しみから解放し、「祝福」を与えたまえ。
AvgDialog_72003_Content_37,apEx,avg星辰章1_AvgDialog_C_M.csv,445,AvgDialog,Content,,潮汐般的光向四周涌去，所有人都闭上了眼，像是沉浸在宁静之中。,潮のように光が四方へと押し寄せ、人々は皆、目を閉じた。\nまるで穏やかな夢に包まれているかのように。
AvgDialog_72003_Content_38,apEy,avg星辰章1_AvgDialog_C_M.csv,446,AvgDialog,Content,,……,……
AvgDialog_72003_Content_39,apEz,avg星辰章1_AvgDialog_C_M.csv,447,AvgDialog,Content,,萨尔瓦多的治愈如此沉静，如此沉稳，足以在激荡的现实中构建出令人绝对安心的一隅。,サルバドルの癒しはこの上なく静かで、揺るぎない。荒れ狂う現実の中でも絶対的な安らぎの場所を築き上げるほどだった。
AvgDialog_72003_Content_40,apEB,avg星辰章1_AvgDialog_C_M.csv,448,AvgDialog,Content,玩家,我不确定这个世界中是否仍存在与我所知世界一致的事物……但我希望他们存在。,この世界に、私の知る世界と同じものがまだ残っているかはわからない……でも、いてほしいと願ってるよ。
AvgDialog_72003_Content_41,apEC,avg星辰章1_AvgDialog_C_M.csv,449,AvgDialog,Content,玩家,济世大圣堂的主教，萨尔瓦多。,救世の大聖堂の司教、サルバドル。
AvgDialog_72003_Content_42,apED,avg星辰章1_AvgDialog_C_M.csv,450,AvgDialog,Content,玩家,明天一早，我们启程突围。,明日の朝、包囲を突破しよう。
AvgDialog_71991_Content_1,apxd,avg星辰章1_AvgDialog_C_M.csv,452,AvgDialog,Content,,真相,真実
AvgDialog_71991_Content_2,apxo,avg星辰章1_AvgDialog_C_M.csv,453,AvgDialog,Content,詹金新,去找那帮西区佬吗？别算上我。我和那些家伙合不来的。,あの西区の連中を探すのか？\nあたしはパス。あいつらとは反りが合わないんだ。
AvgDialog_71991_Content_3,apxz,avg星辰章1_AvgDialog_C_M.csv,454,AvgDialog,Content,詹金新,再说了，我得留下来保护姐姐。,それに、あたしは姉ちゃんを守るために残らなきゃいけないし。
AvgDialog_71991_Content_4,apxF,avg星辰章1_AvgDialog_C_M.csv,455,AvgDialog,Content,詹金新,有那个粉色大脑袋保护你就足够了吧？,あの桃色のでか頭が守ってくれるなら、それで十分だろ？
AvgDialog_71991_Content_5,apxG,avg星辰章1_AvgDialog_C_M.csv,456,AvgDialog,Content,,……,……
AvgDialog_71991_Content_6,apxH,avg星辰章1_AvgDialog_C_M.csv,457,AvgDialog,Content,玩家,总之，最后只有我们两个人负责突围任务了。,というわけで、突破の任務を担うのは私たち二人だけになった。
AvgDialog_71991_Content_7,apxI,avg星辰章1_AvgDialog_C_M.csv,458,AvgDialog,Content,玩家,目标是清除钟楼下的融蚀异变体，前往西区的济世大圣堂，请求萨尔瓦多的支援。,目標は鐘楼の下にいる融触変異体の一掃。\nそして、西区の救世の大聖堂で、サルバドルの支援を求めること。
AvgDialog_71991_Content_8,apxJ,avg星辰章1_AvgDialog_C_M.csv,459,AvgDialog,Content,熔毁·朵尔NF,趁此机会，把我失忆之前所有你知道的事情，一五一十地告诉我。,いい機会だから、わたしが記憶を失う前のことについて、あなたが知っていることを洗いざらい話してくれる？
AvgDialog_71991_Content_9,apxK,avg星辰章1_AvgDialog_C_M.csv,460,AvgDialog,Content,玩家,你把这个环境叫「趁此机会」，是不是有点太轻描淡写了？！,この状況を「いい機会」っていうのは、ちょっと軽く言いすぎじゃない！？
AvgDialog_71991_Content_10,apxe,avg星辰章1_AvgDialog_C_M.csv,461,AvgDialog,Content,,朵尔飞起一脚，将袭来的融蚀异变体轻松击飞。,ドールは飛び蹴りで、襲いくる融触変異体を軽々と吹き飛ばした。
AvgDialog_71991_Content_11,apxf,avg星辰章1_AvgDialog_C_M.csv,462,AvgDialog,Content,熔毁·朵尔NF,少废话，让我无聊的话，就把你当这些东西一起消灭！,つべこべ言わないで。\n退屈させるようなら、あなたもこいつらと一緒に吹き飛ばすわ！
AvgDialog_71991_Content_12,apxg,avg星辰章1_AvgDialog_C_M.csv,463,AvgDialog,Content,,……,……
AvgDialog_71991_Content_13,apxh,avg星辰章1_AvgDialog_C_M.csv,464,AvgDialog,Content,,你将与熔毁·朵尔初次相遇后的遭遇一一道来，从雪崩事故后对她的回收，到她利用朵尔的义体逃离拘束，直至将你维度转移到当前世界……,あなたは溶壊・ドールと出会ってからの話を順に語った。\n事故後の回収、拘束からの脱出、今の世界への次元転移まで……
AvgDialog_71991_Content_14,apxi,avg星辰章1_AvgDialog_C_M.csv,465,AvgDialog,Content,熔毁·朵尔NF,我听懂了，所以你炸了我的实验室，还让我在这里给你打白工。,なるほど。つまり、あなたはわたしの実験室を吹き飛ばした挙句に、こんな場所でわたしをタダ働きさせているわけね。
AvgDialog_71991_Content_15,apxj,avg星辰章1_AvgDialog_C_M.csv,466,AvgDialog,Content,玩家,不要断章取义，在那之前是你先毁灭了我的维度，还把我囚禁在脑缸里。,都合のいいように解釈しないでよ。その前に私の次元を滅ぼして、私を水槽の脳に閉じ込めたのは君のほうでしょ。
AvgDialog_71991_Content_16,apxk,avg星辰章1_AvgDialog_C_M.csv,467,AvgDialog,Content,熔毁·朵尔NF,不重要了。,どうでもいいわ。
AvgDialog_71991_Content_17,apxl,avg星辰章1_AvgDialog_C_M.csv,468,AvgDialog,Content,,一只头颅开裂面孔狰狞的半融蚀异变体咕噜一声，喷吐出浓黑的浆液，发出令人战栗的嘶嘶声响。,頭が裂けて凄絶な顔をした半融触変異体がごぼりと音を立て、濃く黒い粘液を吐き出し、身震いするような音を響かせた。
AvgDialog_71991_Content_18,apxm,avg星辰章1_AvgDialog_C_M.csv,469,AvgDialog,Content,熔毁·朵尔NF,但你所说的毁灭世界……,でも、あなたのいう世界の滅亡……
AvgDialog_71991_Content_19,apxn,avg星辰章1_AvgDialog_C_M.csv,470,AvgDialog,Content,,螯足刺穿感染融蚀的巨型野鼠的头颅，吱呀一声脑浆崩溅，而朵尔毫不在意地抖抖螯足将它甩下。,鋏のような脚が融触に侵された巨大な野鼠の頭を貫き、グシャリと脳が飛び散る。ドールは意にも介さず脚を振り、それを払い落した。
AvgDialog_71991_Content_20,apxp,avg星辰章1_AvgDialog_C_M.csv,471,AvgDialog,Content,熔毁·朵尔NF,在我的记忆中，我毫无疑问不存在寻求世界毁灭的动机。,わたしの記憶の限り、わたし自身に世界の滅亡を求める動機なんて、まちがいなく存在しないわ。
AvgDialog_71991_Content_21,apxq,avg星辰章1_AvgDialog_C_M.csv,472,AvgDialog,Content,熔毁·朵尔NF,与之相反，我一直在探求使世界免受融蚀危机侵害的方法，并因此忙得焦头烂额。,それどころか、わたしはずっと世界を融触の危機から守る方法を探し求めて、そのために手一杯だった。
AvgDialog_71991_Content_22,apxr,avg星辰章1_AvgDialog_C_M.csv,473,AvgDialog,Content,玩家,你觉得我在骗你？,私が嘘をついているとでも？
AvgDialog_71991_Content_23,apxs,avg星辰章1_AvgDialog_C_M.csv,474,AvgDialog,Content,熔毁·朵尔NF,不，我并非要否认你的说法。从你的眼神中，我能读出你的诚实。,いいえ、あなたの言い分を否定するつもりはないの。\nあなたの目を見れば、それくらいは読み取れるわ。
AvgDialog_71991_Content_24,apxt,avg星辰章1_AvgDialog_C_M.csv,475,AvgDialog,Content,熔毁·朵尔NF,这当中一定存在我做出选择的原因，只是我目前仍对此一无所知。,きっと、私がその選択をした理由があるはず。\nただ今はまだ、それが何もわからないだけ。
AvgDialog_71991_Content_25,apxu,avg星辰章1_AvgDialog_C_M.csv,476,AvgDialog,Content,,她的目光中透露出一丝几不可察的茫然。,彼女の眼差しには、ほとんど気づかぬほどの戸惑いが滲んでいた。
AvgDialog_71991_Content_26,apxv,avg星辰章1_AvgDialog_C_M.csv,477,AvgDialog,Content,熔毁·朵尔NF,自诩天才的我，对真实偏执到放弃「米-戈」文明一切的我……,天才を自負し、真実のために「ミ＝ゴ」文明のすべてを捨てるほど執着したわたしが……
AvgDialog_71991_Content_27,apxw,avg星辰章1_AvgDialog_C_M.csv,478,AvgDialog,Content,熔毁·朵尔NF,又为何会轻易倒戈向毁灭的阵营？,なぜ、やすやすと破滅の陣営に寝返ったというの？
AvgDialog_71991_Content_28,apxx,avg星辰章1_AvgDialog_C_M.csv,479,AvgDialog,Content,,你敏锐地捕捉到一个独特的关键词。,あなたは鋭く、ひとつの特異なキーワードを捉えた。
AvgDialog_71991_Content_29,apxy,avg星辰章1_AvgDialog_C_M.csv,480,AvgDialog,Content,玩家,「米-戈」文明……,「ミ＝ゴ」文明……
AvgDialog_71991_Content_30,apxA,avg星辰章1_AvgDialog_C_M.csv,481,AvgDialog,Content,玩家,在弥萨格的记录中，你来源的文明，名为阿列麦瑟斯……,ミサゴ大学の記録では、君のいた文明はアレメセスと呼ばれていた……
AvgDialog_71991_Content_31,apxB,avg星辰章1_AvgDialog_C_M.csv,482,AvgDialog,Content,熔毁·朵尔NF,阿列麦瑟斯，飞翔的真菌……这个代称倒也不错。,アレメセス、空飛ぶ菌類……その呼び名も、悪くないわね。
AvgDialog_71991_Content_32,apxC,avg星辰章1_AvgDialog_C_M.csv,483,AvgDialog,Content,熔毁·朵尔NF,不过，在并非卡达斯的世界中，我们无需避讳与祂的目光相连的一切。,でも、ここはカダスではない世界。\nあの存在の視線と結びつきそうなものを避ける必要はないわ。
AvgDialog_71991_Content_33,apxD,avg星辰章1_AvgDialog_C_M.csv,484,AvgDialog,Content,玩家,并非卡达斯的世界……,カダスではない世界……
AvgDialog_71991_Content_34,apxE,avg星辰章1_AvgDialog_C_M.csv,485,AvgDialog,Content,熔毁·朵尔NF,或许你还有很多疑问，不过闲话就到此为止吧。再啰嗦下去，天黑前也到不了教堂了。,まだ疑問はあるでしょうけど、無駄話はここまで。\nこれ以上長引けば、日が暮れる前に大聖堂に着けなくなるわ。
AvgDialog_72005_Content_1,apFm,avg星辰章1_AvgDialog_C_M.csv,487,AvgDialog,Content,玩家,经你提醒我才意识到，这里的某些融蚀怪物，和我所在的维度中的，似乎有所不同。,君に言われて気づいたけど、ここの融触生物の中には、私のいた次元のものとは、違うやつがいるような……
AvgDialog_72005_Content_2,apFx,avg星辰章1_AvgDialog_C_M.csv,488,AvgDialog,Content,熔毁·朵尔NF,嗯，他们是那次毁灭来临后才出现的。,ええ、やつらはあの破滅が訪れた後に現れたものよ。
AvgDialog_72005_Content_3,apFI,avg星辰章1_AvgDialog_C_M.csv,489,AvgDialog,Content,熔毁·朵尔NF,我曾经大量采样并进行检测，起初毫无头绪，经过复杂的流程改良才得出结论。,わたしも大量にサンプルを採取して調べたわ。最初は手がかりもなかったけど、何度も調査を改良して、ようやく結論に辿り着いたの。
AvgDialog_72005_Content_4,apFP,avg星辰章1_AvgDialog_C_M.csv,490,AvgDialog,Content,玩家,结论是？,その結論は？
AvgDialog_72005_Content_5,apFQ,avg星辰章1_AvgDialog_C_M.csv,491,AvgDialog,Content,熔毁·朵尔NF,这些融蚀异变体中，含有来自不止一位生命体的银芯。,これらの融触変異体には、複数の生命体に由来するシルバーコアが含まれているわ。
AvgDialog_72005_Content_6,apFR,avg星辰章1_AvgDialog_C_M.csv,492,AvgDialog,Content,熔毁·朵尔NF,通常的银芯提炼流程不会刻意区分银芯来历，低灵性的银芯作为燃料精炼时就更是如此。,通常のシルバーコアの精錬だと、材料の由来をわざわざ区別したりしないわ。霊性の低いものを燃料に精錬するときは、なおさらね。
AvgDialog_72005_Content_7,apFS,avg星辰章1_AvgDialog_C_M.csv,493,AvgDialog,Content,,你触摸那枚银芯，纷扰的梦境如冰冷的潮水淹溺了你。,そのシルバーコアに触れると、入り乱れた夢が冷たい潮のように押し寄せ、あなたを呑み込んだ。
AvgDialog_72005_Content_8,apFT,avg星辰章1_AvgDialog_C_M.csv,494,AvgDialog,Content,,"两只手臂的残肢，相互融合，绞缠。
他们曾经如此相爱，因此将彼此交托给彼此。",二本の腕の断片が、互いに融け合い、絡みつく。\nかつて深く愛し合い、自らのすべてを互いへと委ねた者たち。
AvgDialog_72005_Content_9,apFU,avg星辰章1_AvgDialog_C_M.csv,495,AvgDialog,Content,,"交托骨血，灵肉，撕扯乱发。
忠于欲望，忠于渴求，忠于对分离的恐慌和痛苦。",骨と血を、魂と肉を委ね、乱れた髪を掻きむしる。\n欲望に、渇望に、別離への恐怖と痛みに、ただ忠実に。
AvgDialog_72005_Content_10,apFn,avg星辰章1_AvgDialog_C_M.csv,496,AvgDialog,Content,,"他们呼喊：
拥抱我。",彼らは叫ぶ。\n——抱きしめて。
AvgDialog_72005_Content_11,apFo,avg星辰章1_AvgDialog_C_M.csv,497,AvgDialog,Content,,"他们呼喊：
杀死我。",彼らは叫ぶ。\n——殺して。
AvgDialog_72005_Content_12,apFp,avg星辰章1_AvgDialog_C_M.csv,498,AvgDialog,Content,,"他们呼喊：
让我成为你，让你成为我。",彼らは叫ぶ。\n——私を君に、君を私に。
AvgDialog_72005_Content_13,apFq,avg星辰章1_AvgDialog_C_M.csv,499,AvgDialog,Content,,让我们微末的灵性涌作万古的幽暗海潮，以禁忌而癫狂的姿态融合纠葛，并永不分离。,私たちの些末な霊性を、太古の暗き潮に溢れさせ、禁忌と狂気の姿で融け合い絡み合い、永遠に離れぬように。
AvgDialog_72005_Content_14,apFr,avg星辰章1_AvgDialog_C_M.csv,500,AvgDialog,Content,玩家,啊啊，啊啊——,あ、ああ——
AvgDialog_72005_Content_15,apFs,avg星辰章1_AvgDialog_C_M.csv,501,AvgDialog,Content,,你咆哮着跪伏在地，不由自主地向前探出手。,あなたは咆哮しながら地に膝をつき、思わず手を伸ばす。
AvgDialog_72005_Content_16,apFt,avg星辰章1_AvgDialog_C_M.csv,502,AvgDialog,Content,,谁——,誰か——
AvgDialog_72005_Content_17,apFu,avg星辰章1_AvgDialog_C_M.csv,503,AvgDialog,Content,,谁来——,誰か、どうか——
AvgDialog_72005_Content_18,apFv,avg星辰章1_AvgDialog_C_M.csv,504,AvgDialog,Content,熔毁·朵尔NF,听见了吗？,聞こえるかしら？
AvgDialog_72005_Content_19,apFw,avg星辰章1_AvgDialog_C_M.csv,505,AvgDialog,Content,玩家,必须……交融……,交わら……ないと……
AvgDialog_72005_Content_20,apFy,avg星辰章1_AvgDialog_C_M.csv,506,AvgDialog,Content,熔毁·朵尔NF,你听见了，和那些异变体听见的一样的声音。,あなたにも聞こえた。\nあの変異体たちが聞いたものと、同じ声が。
AvgDialog_72005_Content_21,apFz,avg星辰章1_AvgDialog_C_M.csv,507,AvgDialog,Content,,朵尔的声音中唯有无机质的冰冷，与她相比，那些呼唤反而弥散着名为痛苦的温度。,ドールの声にはただ無機質な冷たさだけがあり、それに比べれば、あの叫び声はむしろ痛みという名の温もりを漂わせていた。
AvgDialog_72005_Content_22,apFA,avg星辰章1_AvgDialog_C_M.csv,508,AvgDialog,Content,熔毁·朵尔NF,你静下心，去捕捉它。那些银芯中的灵性太过微弱，仪器无法检测其波动。这是只有你能做到的事情。,心を鎮めて、それを捉えるの。シルバーコアに宿る霊性はあまりにも微弱で、機器ではその揺らぎを測れない。あなたにしかできないわ。
AvgDialog_72005_Content_23,apFB,avg星辰章1_AvgDialog_C_M.csv,509,AvgDialog,Content,,来自遥远不明之地模糊不清的手鼓声，眼前浮现不见天日的密径。,遥かな見知らぬ地から響く、おぼろげな太鼓の音。\n目の前に、日の射さぬ細い道が浮かび上がる。
AvgDialog_72005_Content_24,apFC,avg星辰章1_AvgDialog_C_M.csv,510,AvgDialog,Content,,污秽淤泥与雕花岩石在偏光的迷瘴中变化莫测，歪曲的投影仿若不可知的鬼魅。,汚れた泥と彫り飾られた岩は、偏光する瘴気の中で姿を変え続け、歪んだ影はまるで得体の知れない亡霊のようだ。
AvgDialog_72005_Content_25,apFD,avg星辰章1_AvgDialog_C_M.csv,511,AvgDialog,Content,,咚咚、咚咚。,ドンドン、ドンドン。
AvgDialog_72005_Content_26,apFE,avg星辰章1_AvgDialog_C_M.csv,512,AvgDialog,Content,,手鼓声愈发急促，你低头看去，乌黑的水面已经浸透你的脚踝，催促着你踏上前往黑暗梦境旅途。,太鼓の音はいっそう急き立てる。あなたが目を落とすと、黒々とした水面はすでに足首を浸して、闇の夢への旅立ちを促していた。
AvgDialog_72005_Content_27,apFF,avg星辰章1_AvgDialog_C_M.csv,513,AvgDialog,Content,,你深呼吸，清空晕眩的头脑，勉强维系肢体的平衡，在黏稠的深水中轻轻抬起脚步，慢慢向前踱去……,あなたは深く息を吸い、眩む頭を空にする。\n辛うじて均衡を保ち、粘つく水から足を上げ、前へ踏み出す……
AvgDialog_72005_Content_28,apFG,avg星辰章1_AvgDialog_C_M.csv,514,AvgDialog,Content,,你的口舌干涩，似被灰烬填满。,あなたの口と舌は乾ききり、まるで灰で満たされたかのようだ。
AvgDialog_72005_Content_29,apFH,avg星辰章1_AvgDialog_C_M.csv,515,AvgDialog,Content,玩家,他们诞生于灰烬之中，相互拥抱和融合……,彼らは灰の中から生まれて、互いに抱き合って、融け合って……
AvgDialog_72005_Content_30,apFJ,avg星辰章1_AvgDialog_C_M.csv,516,AvgDialog,Content,,呼吸之间，永无止境的烟尘将你深深掩埋，你竭力睁眼，和万千生灵一道抬头望穿这无尽的尘霾。,息をするたび、果てのない煤煙があなたを深く埋めていく。\n必死に目を開け、無数の生霊とともに尽きぬ霧を見透かそうとする。
AvgDialog_72005_Content_31,apFK,avg星辰章1_AvgDialog_C_M.csv,517,AvgDialog,Content,玩家,他们向往着……,彼らは焦がれていた……
AvgDialog_72005_Content_32,apFL,avg星辰章1_AvgDialog_C_M.csv,518,AvgDialog,Content,,远方苍白的天空中，高悬着一轮模糊的太阳。,
AvgDialog_72005_Content_33,apFM,avg星辰章1_AvgDialog_C_M.csv,519,AvgDialog,Content,,悬垂于天际的黑色日轮，像一颗被遗忘的古老的瞳孔，沉默地凝视着这片盘旋噩梦、被灰雾掩埋的大地。,遥か彼方の青白い空に、おぼろげな太陽がひとつ高く懸かっている。天の果てに垂れ下がる黒い日輪は、忘れ去られた古き瞳のように、悪夢の渦巻くこの灰霧に埋もれた大地を、黙して見つめていた。
AvgDialog_72005_Content_34,apFN,avg星辰章1_AvgDialog_C_M.csv,520,AvgDialog,Content,,光线无法穿透它，反而被它吞噬。轮廓泛着的游离波纹仿佛编织着永恒的仪式，宣告不可逆转不可言说的终结。,光はそれを貫けず、かえって呑み込まれていく。\n揺らめく波紋は、語ることも許されぬ終焉を静かに告げている。
AvgDialog_72005_Content_35,apFO,avg星辰章1_AvgDialog_C_M.csv,521,AvgDialog,Content,,已然降临的终结。,すでに訪れていた終焉を。
AvgDialog_71993_Content_1,apzN,avg星辰章1_AvgDialog_C_M.csv,522,AvgDialog,Content,,空心人,うつろな人々
AvgDialog_71993_Content_2,apzY,avg星辰章1_AvgDialog_C_M.csv,523,AvgDialog,Content,,济世大圣堂前,救世の大聖堂前
AvgDialog_71993_Content_3,apAj,avg星辰章1_AvgDialog_C_M.csv,524,AvgDialog,Content,熔毁·朵尔NF,你确信这里就是你要找的避难所？,ここがあなたの探している避難所だと、確信があるの？
AvgDialog_71993_Content_4,apAu,avg星辰章1_AvgDialog_C_M.csv,525,AvgDialog,Content,玩家,这里的境况，与济贫院钟楼，不说一模一样，至少是非常相似……,ここの様子は、ワークハウスの鐘楼と瓜二つとまでは言わないけれど、少なくともよく似ている……
AvgDialog_71993_Content_5,apAz,avg星辰章1_AvgDialog_C_M.csv,526,AvgDialog,Content,玩家,大量的融蚀异变体包围了整座教堂……,大量の融触変異体が、聖堂全体を取り囲んでいる……
AvgDialog_71993_Content_6,apAA,avg星辰章1_AvgDialog_C_M.csv,527,AvgDialog,Content,玩家,等等，前面那个是……,待って、あそこにいるのは……
AvgDialog_71993_Content_7,apAB,avg星辰章1_AvgDialog_C_M.csv,528,AvgDialog,Content,奥吉尔,让开！不得阻挡骑士的道路！,どけ！騎士の道を阻むんじゃない！
AvgDialog_71993_Content_8,apAC,avg星辰章1_AvgDialog_C_M.csv,529,AvgDialog,Content,,小小的身影张开黑色的护盾，朝你们而来。,小さな人影が黒い盾を広げ、あなたたちの方へ駆けてくる。
AvgDialog_71993_Content_9,apAD,avg星辰章1_AvgDialog_C_M.csv,530,AvgDialog,Content,奥吉尔,你们！是幸存者吗？快跟我进来！,あなたたちは生存者ですか！？\n早く僕について中へ！
AvgDialog_71993_Content_10,apzO,avg星辰章1_AvgDialog_C_M.csv,531,AvgDialog,Content,萨尔瓦多,……父神，请赐予那些罹难者安宁与解脱，抚慰他们受苦的灵魂。,……父なる神よ、亡くなった者たちに安らぎと解放を、苦しむ魂に慰めをお与えください。
AvgDialog_71993_Content_11,apzP,avg星辰章1_AvgDialog_C_M.csv,532,AvgDialog,Content,萨尔瓦多,愿您的医治之手降临在受苦者身上，愿您存在的光芒驱散抓住我们灵魂的恐惧黑暗。,癒しの御手が苦しむ者に降りますように。\n御身の光が、我らの魂を掴む恐怖の闇を払いますように。
AvgDialog_71993_Content_12,apzQ,avg星辰章1_AvgDialog_C_M.csv,533,AvgDialog,Content,萨尔瓦多,咳、咳！——,げほっ、げほっ——！
AvgDialog_71993_Content_13,apzR,avg星辰章1_AvgDialog_C_M.csv,534,AvgDialog,Content,于丽埃特八章,你的身体都快透明了。,あなたの体、もう透けかかっているわ。
AvgDialog_71993_Content_14,apzS,avg星辰章1_AvgDialog_C_M.csv,535,AvgDialog,Content,萨尔瓦多,于丽埃特……父神会包容所有人的罪恶，但在你为执行异端仪式显露哪怕半分悔悟之心之前，在圣堂现身恐怕并非恰当之举。,ジュリエット……父なる神はすべての罪を受け入れます。\nですが異端の儀式を悔いぬうちは、聖堂に来るのを控えるべきです。
AvgDialog_71993_Content_15,apzT,avg星辰章1_AvgDialog_C_M.csv,536,AvgDialog,Content,于丽埃特八章,终究没能看清现实吗？无论是「赐福」还是「庇佑」，你所做的一切只不过是在燃烧自己。,まだ現実が見えていないのですか？「祝福」であれ「加護」であれ、あなたのしてきたことは、ただ自分を燃やしているだけ。
AvgDialog_71993_Content_16,apzU,avg星辰章1_AvgDialog_C_M.csv,537,AvgDialog,Content,于丽埃特八章,你的父神既不能让你的双眼重见光明，也不能治愈你身上的顽疾。,あなたの父なる神は、あなたの両目に光を取り戻すこともできず、その身の硬くなな病を癒やすこともできない。
AvgDialog_71993_Content_17,apzV,avg星辰章1_AvgDialog_C_M.csv,538,AvgDialog,Content,于丽埃特八章,再坚持下去，你会比现在教堂里看似虚弱的那些人先倒下。,このまま続けていたら、あなたは聖堂で弱っている者たちより先に倒れることになりますよ。
AvgDialog_71993_Content_18,apzW,avg星辰章1_AvgDialog_C_M.csv,539,AvgDialog,Content,于丽埃特八章,跟我一起离开这里吧，我会找到治愈你的方法。,私と一緒にここを出ましょう。\n私なら、あなたを治す方法を見つけられます。
AvgDialog_71993_Content_19,apzX,avg星辰章1_AvgDialog_C_M.csv,540,AvgDialog,Content,萨尔瓦多,若我离开圣堂，这里的所有病人都会被吞噬。神不会忍心见它的子民遭此劫难。,私が聖堂を離れれば、ここの者たちは皆、呑み込まれてしまいます。神は子らがこの劫難に遭うのを、見過ごすことはありません。
AvgDialog_71993_Content_20,apzZ,avg星辰章1_AvgDialog_C_M.csv,541,AvgDialog,Content,于丽埃特八章,即便再苟延残喘十天半月，在你灵性不支后，他们同样只能自寻出路。,あと十日や半月生き延びたところで、あなたの霊性が尽きれば、彼らはどのみち自分で道を探すしかありません。
AvgDialog_71993_Content_21,apAa,avg星辰章1_AvgDialog_C_M.csv,542,AvgDialog,Content,于丽埃特八章,而其中大半……恕我直言，连他们的房间都走不出去。,しかしその大半は……残念ながら、自分の部屋から出ることすらできないでしょう。
AvgDialog_71993_Content_22,apAb,avg星辰章1_AvgDialog_C_M.csv,543,AvgDialog,Content,,于丽埃特狂热的瞳孔凝视着萨尔瓦多，见他手抚教袍沉默不语，她露出因过分灿烂而显得虚假的笑意。,ジュリエットは狂気の熱を帯びた瞳でサルバドルを見つめる。法衣に手を添え沈黙を続ける彼を前に、明るく偽物めいた笑みを浮かべた。
AvgDialog_71993_Content_23,apAc,avg星辰章1_AvgDialog_C_M.csv,544,AvgDialog,Content,于丽埃特八章,索性将这里定为新的乱葬岗也不错，葬身于神的怀抱中，未尝不是一种虔诚的回归呢？,いっそここを新たな墓地と定めるのも悪くないでしょう。\n神の御腕に抱かれて死ぬのは、敬虔な回帰とも言えるのでは？
AvgDialog_71993_Content_24,apAd,avg星辰章1_AvgDialog_C_M.csv,545,AvgDialog,Content,于丽埃特八章,睁开眼看看吧，整座城市已经倾覆，你的所作所为不过是杯水车薪罢了。,目を開けてご覧なさい。街はすでに崩れ落ちたのです。\nあなたの行いなど、焼け石に水です。
AvgDialog_71993_Content_25,apAe,avg星辰章1_AvgDialog_C_M.csv,546,AvgDialog,Content,萨尔瓦多,父神给予每一个人平等的机会，他们每多活一天，就存在更大的等到施救者的可能性。,父なる神は誰にも等しく機会をお与えになります。彼らが一日長く生きれば、それだけ救い手に巡り会える望みも高まるのです。
AvgDialog_71993_Content_26,apAf,avg星辰章1_AvgDialog_C_M.csv,547,AvgDialog,Content,萨尔瓦多,苍白的使者仍未降临于世，那世间的救赎就尚存在转机。,蒼白の使者がまだこの世に降臨せぬ以上、この世の救済にもまだ転機が残されているのです。
AvgDialog_71993_Content_27,apAg,avg星辰章1_AvgDialog_C_M.csv,548,AvgDialog,Content,于丽埃特八章,别开玩笑了，尊敬的主教大人！<Yellow:《圣典》>书写的不过是荒诞的谎言罢了！,冗談はお止めなさい、司教殿！\n<Yellow:《聖典》>に記されたものなど、馬鹿げた嘘にすぎません！
AvgDialog_71993_Content_28,apAh,avg星辰章1_AvgDialog_C_M.csv,549,AvgDialog,Content,于丽埃特八章,终焉已经降临，没有人能拯救这个世界！,終焉はすでに降臨しました。\nこの世界を救える者など、誰もいないのです！
AvgDialog_71993_Content_29,apAi,avg星辰章1_AvgDialog_C_M.csv,550,AvgDialog,Content,于丽埃特八章,若你依然执迷不悟，我就不得不采取强硬手段了。,それでもなお迷いから醒めないのなら、私も強硬な手段を取らざるを得ませんね。
AvgDialog_71993_Content_30,apAk,avg星辰章1_AvgDialog_C_M.csv,551,AvgDialog,Content,,自教堂的花窗，自长椅之下，自门扉之后，悄然浮现数个高大的提灯教众的身姿。,教会のステンドグラスから、長椅子の下から、扉の奥から、背の高い提灯教会の教徒の姿が幾人も静かに浮かび上がる。
AvgDialog_71993_Content_31,apAl,avg星辰章1_AvgDialog_C_M.csv,552,AvgDialog,Content,奥吉尔,萨尔瓦多主教！！,サルバドル司教！！
AvgDialog_71993_Content_32,apAm,avg星辰章1_AvgDialog_C_M.csv,553,AvgDialog,Content,,少年的身影闯入圣堂的大门，身后跟随着两个被日光拉长的身影，正缓慢观察着环境行进。,少年の影が聖堂の門に駆け込んだ。その後ろに、陽光に長く引き伸ばされた二つの影が続き、辺りをゆっくりと窺いながら進んでくる。
AvgDialog_71993_Content_33,apAn,avg星辰章1_AvgDialog_C_M.csv,554,AvgDialog,Content,,"在那对峙之中，你的目光穿过提灯教众，对上萨尔瓦多。
门扉的光将他的面庞镀上一层柔和神圣的光，你感觉他绷带下的目光正与你触碰。",対峙の最中、視線は教徒を抜けて、サルバドルと交わる。\n扉の光が彼の顔を荘厳に照らし、包帯の下の眼差しが触れてくる。
AvgDialog_71993_Content_34,apAo,avg星辰章1_AvgDialog_C_M.csv,555,AvgDialog,Content,,他低头，唇角扬起微不可查的弧度，抬手触碰心脏的位置，低沉的祈祷声带着一丝慈悲与温暖。,彼は頭を垂れ、唇の端に微かな弧を浮かべ、手を上げて心臓に触れた。低く響く祈りの声には、わずかな慈悲と温もりが宿っていた。
AvgDialog_71993_Content_35,apAp,avg星辰章1_AvgDialog_C_M.csv,556,AvgDialog,Content,萨尔瓦多,“将有无边的黑暗降临世界，那个灵魂苍白温暖的即为希望的使者，%heorshe%将燃起白色的火焰，照亮前进的方向。”,『無限の闇が世界を覆うとき、蒼白にして温かな魂を持つ者こそ希望の使徒なり、%heorshe%は白き炎を掲げ、進むべき道を照らす』
AvgDialog_71993_Content_36,apAq,avg星辰章1_AvgDialog_C_M.csv,557,AvgDialog,Content,萨尔瓦多,我已感知到你灵魂的温度……苍白的使者。,あなたの魂の温もりを、私はもう感じ取っています……蒼白の使者よ。
AvgDialog_71993_Content_37,apAr,avg星辰章1_AvgDialog_C_M.csv,558,AvgDialog,Content,,……,……
AvgDialog_71993_Content_38,apAs,avg星辰章1_AvgDialog_C_M.csv,559,AvgDialog,Content,熔毁·朵尔NF,我还以为我们是来寻求帮助的。不会是让我路见不平拔刀相助吧？,てっきり助けを求めに来たと思っていたのだけれど。\nまさか行きずりに弱きを助けろっていうんじゃないでしょうね？
AvgDialog_71993_Content_39,apAt,avg星辰章1_AvgDialog_C_M.csv,560,AvgDialog,Content,玩家,于丽埃特……,ジュリエット……
AvgDialog_71993_Content_40,apAv,avg星辰章1_AvgDialog_C_M.csv,561,AvgDialog,Content,于丽埃特八章,哦？你认识我？,あら？私を知っているのですか？
AvgDialog_71993_Content_41,apAw,avg星辰章1_AvgDialog_C_M.csv,562,AvgDialog,Content,于丽埃特八章,我没见过你的脸。但看起来，这里没有让我们坐下来互相自我介绍的余裕了。,あなたの顔に見覚えはありませんが……どうやらここで、腰を下ろして自己紹介し合う余裕などなさそうですね。
AvgDialog_71993_Content_42,apAx,avg星辰章1_AvgDialog_C_M.csv,563,AvgDialog,Content,玩家,不……她不是可以交涉的对象……准备作战吧。,いや……彼女は交渉できる相手じゃない……戦う準備をしよう。
AvgDialog_71993_Content_43,apAy,avg星辰章1_AvgDialog_C_M.csv,564,AvgDialog,Content,于丽埃特八章,看来你还很了解我的作风。既然如此，我倒是有兴趣探问一下你的信息的来源了。,私のやり方をよくご存じのようね。それなら、その情報をどこから得たのか、ぜひ訊いてみたくなりますね。
AvgDialog_72007_Content_1,apHA,avg星辰章1_AvgDialog_C_M.csv,566,AvgDialog,Content,于丽埃特八章,呼。,ふう。
AvgDialog_72007_Content_2,apHB,avg星辰章1_AvgDialog_C_M.csv,567,AvgDialog,Content,于丽埃特八章,算啦，有超出预期的发展，我还是下次再来吧。,まあ、いいでしょう。\n予想外の展開もあることですし、出直すことにします。
AvgDialog_72007_Content_3,apHC,avg星辰章1_AvgDialog_C_M.csv,568,AvgDialog,Content,于丽埃特八章,不过，萨尔瓦多主教，我注意到了……在刚才的战斗中，你一次都没有出手，对吧？,ですが、サルバドル司教。私は気づきましたよ……\n今の戦いで、あなたは一度も手を出さなかった。そうでしょう？
AvgDialog_72007_Content_4,apHD,avg星辰章1_AvgDialog_C_M.csv,569,AvgDialog,Content,于丽埃特八章,灯烛已经摇摇欲坠，呼，微风一吹，就要熄灭了。,灯火はもう今にも消えそうに揺らいでいます。\nそよ風が一吹きすれば、消えてしまいますね。
AvgDialog_72007_Content_5,apHE,avg星辰章1_AvgDialog_C_M.csv,570,AvgDialog,Content,,一条巨犬疾奔而来，扭曲的头颅乖觉地垂下，对于丽埃特言听计从的模样。,巨大な犬が駆け寄ってきて、歪んだ頭を従順に垂れる。\nジュリエットの言いつけには何でも従う様子だった。
AvgDialog_72007_Content_6,apHF,avg星辰章1_AvgDialog_C_M.csv,571,AvgDialog,Content,,于丽埃特轻盈地翻身而上，倚靠在巨犬的肩头。,ジュリエットは軽やかに身を翻して飛び乗り、巨大な犬の肩にもたれかかった。
AvgDialog_72007_Content_7,apHG,avg星辰章1_AvgDialog_C_M.csv,572,AvgDialog,Content,于丽埃特八章,"走吧，亲爱的。
保重了，萨尔瓦多主教。",行きましょう、愛しい子。\nお気をつけて、サルバドル司教。
AvgDialog_72007_Content_8,apHH,avg星辰章1_AvgDialog_C_M.csv,573,AvgDialog,Content,于丽埃特八章,那阵风……很快就要来了。,あの風が……もうじき来ますよ。
AvgDialog_72012_Content_1,apLy,avg星辰章1_AvgDialog_C_M.csv,575,AvgDialog,Content,,深梦,深き夢
AvgDialog_72012_Content_2,apLJ,avg星辰章1_AvgDialog_C_M.csv,576,AvgDialog,Content,詹金新,谁在那边……？！,そこにいるのは誰だ……！？
AvgDialog_72012_Content_3,apLU,avg星辰章1_AvgDialog_C_M.csv,577,AvgDialog,Content,克莱门汀,别担心，詹金，是我。,心配しないで、ジェンキン。\n私です。
AvgDialog_72012_Content_4,apMf,avg星辰章1_AvgDialog_C_M.csv,578,AvgDialog,Content,詹金新,克莱门汀姐姐！,クレメンタイン姉ちゃん！
AvgDialog_72012_Content_5,apMj,avg星辰章1_AvgDialog_C_M.csv,579,AvgDialog,Content,,少女欢畅地扑了上去。,少女は嬉しそうに飛びついた。
AvgDialog_72012_Content_6,apMk,avg星辰章1_AvgDialog_C_M.csv,580,AvgDialog,Content,克莱门汀,小詹金，姐姐是来跟你告别的。,ジェンキン、お別れを言いに来ました。
AvgDialog_72012_Content_7,apMl,avg星辰章1_AvgDialog_C_M.csv,581,AvgDialog,Content,詹金新,为什么？为什么要走？如果是因为那个西区佬，我让布朗把%heorshe%赶开！,なんで？なんで行っちゃうんだ？\nあの西区のやつのせいなら、ブラウンに追い払わせるよ！
AvgDialog_72012_Content_8,apMm,avg星辰章1_AvgDialog_C_M.csv,582,AvgDialog,Content,詹金新,反正%heorshe%看起来完全能自己料理那些怪物。,どうせあいつは、あんな怪物くらい自分でなんとかできそうだしな。
AvgDialog_72012_Content_9,apMn,avg星辰章1_AvgDialog_C_M.csv,583,AvgDialog,Content,克莱门汀,不，当然不是……只是，我听见了梦境中的风声。,いいえ、もちろん違います……\nただ、夢の中で風の音を聞こえたのです。
AvgDialog_72012_Content_10,apLz,avg星辰章1_AvgDialog_C_M.csv,584,AvgDialog,Content,詹金新,你又开始说那些听不懂的怪话了。,またワケ分かんない変なこと言い出した。
AvgDialog_72012_Content_11,apLA,avg星辰章1_AvgDialog_C_M.csv,585,AvgDialog,Content,克莱门汀,听不懂也没关系，这些本就不是孩子应该背负的东西。,分からなくても大丈夫。\nこれは本来、子供が背負うべきものではないのです。
AvgDialog_72012_Content_12,apLB,avg星辰章1_AvgDialog_C_M.csv,586,AvgDialog,Content,詹金新,姐姐，我还有一件事要请教你。,姉ちゃん、もう一つ訊きたいことがあるんだ。
AvgDialog_72012_Content_13,apLC,avg星辰章1_AvgDialog_C_M.csv,587,AvgDialog,Content,詹金新,莎拉阿姨的病，是治不好的，对吗？,サラおばさんの病気は、もう治らないんだよな？
AvgDialog_72012_Content_14,apLD,avg星辰章1_AvgDialog_C_M.csv,588,AvgDialog,Content,,克莱门汀抚摸着詹金的后脑勺。,クレメンタインはジェンキンの頭をそっと撫でた。
AvgDialog_72012_Content_15,apLE,avg星辰章1_AvgDialog_C_M.csv,589,AvgDialog,Content,克莱门汀,若是%player%问起，你就回答%heorshe%。,もし%player%に訊かれたら、こう答えて。
AvgDialog_72012_Content_16,apLF,avg星辰章1_AvgDialog_C_M.csv,590,AvgDialog,Content,克莱门汀,「在深梦之底，不愿入梦之人会给你答案。」,「深き夢の底で、夢に入ることを拒む者が答えをくれる」と。
AvgDialog_72012_Content_17,apLG,avg星辰章1_AvgDialog_C_M.csv,591,AvgDialog,Content,克莱门汀,我走了，詹金。,もう行きますね、ジェンキン。
AvgDialog_72012_Content_18,apLH,avg星辰章1_AvgDialog_C_M.csv,592,AvgDialog,Content,,她轻灵地跃下钟楼的阶梯，一双透明的泛光虫翼在她背后逐渐展开。,彼女は軽やかに鐘楼の階段を飛び降りた。\n透き通った淡く光る蟲の翅が、その背に少しずつ広がっていく。
AvgDialog_72012_Content_19,apLI,avg星辰章1_AvgDialog_C_M.csv,593,AvgDialog,Content,克莱门汀,愿这阵风托举我们，抵达永恒的深梦。,この風が私たちを運び、永遠の深き夢へ届けてくれますように。
AvgDialog_72012_Content_20,apLK,avg星辰章1_AvgDialog_C_M.csv,594,AvgDialog,Content,,……,……
AvgDialog_72012_Content_21,apLL,avg星辰章1_AvgDialog_C_M.csv,595,AvgDialog,Content,玩家,莎拉小姐，我们要准备出发前往济世大圣堂了。,サラさん、私たち、救世の大聖堂へ向かう準備をしないと。
AvgDialog_72012_Content_22,apLM,avg星辰章1_AvgDialog_C_M.csv,596,AvgDialog,Content,莎拉,可以不离开这里吗？我怕孩子们回来的时候找不到我……,どうしてもここを離れないといけませんか？子どもたちが帰ったとき、私を見つけられなかったらと思うと怖くて……
AvgDialog_72012_Content_23,apLN,avg星辰章1_AvgDialog_C_M.csv,597,AvgDialog,Content,莎拉,好吧……但在那之前，能带我再去一次院长办公室吗？,わかりました……\nでもその前にもう一度、院長室へ連れていってもらえませんか？
AvgDialog_72012_Content_24,apLO,avg星辰章1_AvgDialog_C_M.csv,598,AvgDialog,Content,莎拉,我有些东西，想要取上……,取りにいきたいものがあるんです……
AvgDialog_72012_Content_25,apLP,avg星辰章1_AvgDialog_C_M.csv,599,AvgDialog,Content,詹金新,有没有搞错，你的办公室附近可被那些大家伙堆满了！,冗談だろ、あんたの部屋のまわりはあのデカブツどもで詰め尽くされてるんだぞ！
AvgDialog_72012_Content_26,apLQ,avg星辰章1_AvgDialog_C_M.csv,600,AvgDialog,Content,熔毁·朵尔NF,虽然我很想否定各位在这个世界中追求物质的愚蠢意义，不过归根结底，各位去哪儿对我来说没有区别。,この世界で物にこだわる愚かさを否定したい気持ちは山々だけど、どのみち、あなたたちがどこへ行こうとわたしには関係ないわ。
AvgDialog_72012_Content_27,apLR,avg星辰章1_AvgDialog_C_M.csv,601,AvgDialog,Content,,"一票支持，一票否定，一票中立。
三束目光直直盯上了你。",賛成が一票、反対が一票、そして中立が一票。\n三人の視線がまっすぐあなたに注がれる。
AvgDialog_72012_Content_28,apLS,avg星辰章1_AvgDialog_C_M.csv,602,AvgDialog,Content,玩家,走吧，去看看再说。,行こう。とりあえず様子を見てから決めよう。
AvgDialog_72012_Content_29,apLT,avg星辰章1_AvgDialog_C_M.csv,603,AvgDialog,Content,,莎拉强撑着身体，摇摇晃晃地向办公桌走去。她的身体趔趄了一下，歪倒在桌旁，强撑着喘气。,サラは体を引きずるように、ふらつきながら机へと歩いていく。\nよろめいて机のそばに寄りかかり、苦し気に息をついた。
AvgDialog_72012_Content_30,apLV,avg星辰章1_AvgDialog_C_M.csv,604,AvgDialog,Content,莎拉,这儿。,ここよ。
AvgDialog_72012_Content_31,apLW,avg星辰章1_AvgDialog_C_M.csv,605,AvgDialog,Content,,唰啦一声木制抽屉被仓促拉开，陈旧的金银手镯、胸针、戒指……混乱地甩了一地。,がらりと木の引き出しが乱暴に開かれ、古びた金銀の腕輪やブローチ、指輪が……ばらばらと床に散らばった。
AvgDialog_72012_Content_32,apLX,avg星辰章1_AvgDialog_C_M.csv,606,AvgDialog,Content,,莎拉铺在地上，试图将它们一一聚拢起来。,彼女は床に身を伏せ、それらを一つ一つかき集めようとした。
AvgDialog_72012_Content_33,apLY,avg星辰章1_AvgDialog_C_M.csv,607,AvgDialog,Content,詹金新,都什么时候了，收集这些玩意还有什么意义，外面的人都已经……呜呜呜！,こんなときにそんなの集めて何になるんだ。\n外のやつらはもうみんな……んぐっ！
AvgDialog_72012_Content_34,apLZ,avg星辰章1_AvgDialog_C_M.csv,608,AvgDialog,Content,,熔毁·朵尔一把拉过詹金，将一个古怪的小脑缸塞进了她的嘴里。,溶壊・ドールはジェンキンをぐいと引き寄せ、奇妙な小さな脳缶を彼女の口に押し込んだ。
AvgDialog_72012_Content_35,apMa,avg星辰章1_AvgDialog_C_M.csv,609,AvgDialog,Content,熔毁·朵尔NF,不该你说话的时候，少插嘴。,あなたは口を挟む場面じゃないわ、黙ってなさい。
AvgDialog_72012_Content_36,apMb,avg星辰章1_AvgDialog_C_M.csv,610,AvgDialog,Content,詹金新,唔、唔……哈！,ん、んむ……ぷはっ！
AvgDialog_72012_Content_37,apMc,avg星辰章1_AvgDialog_C_M.csv,611,AvgDialog,Content,,她挣扎着将异物掏出，大口喘着气。,彼女はもがきながら異物を掻き出し、息を荒くした。
AvgDialog_72012_Content_38,apMd,avg星辰章1_AvgDialog_C_M.csv,612,AvgDialog,Content,詹金新,喂，就算要让我闭嘴，最起码你也拿个味道好点的东西吧！这玩意尝起来像黏糊糊的蛞蝓，好恶心！,おい、黙らせるにしたって、もっとマシな味のもんにしてくれよ！\nこれ、ヌルヌルしたナメクジみたいで、すごく気持ち悪い！
AvgDialog_72012_Content_39,apMe,avg星辰章1_AvgDialog_C_M.csv,613,AvgDialog,Content,熔毁·朵尔NF,抱歉，忘记你不具备关闭嗅觉和味觉传感器的功能了。,悪かったわね。\nあなたには嗅覚や味覚の感覚を切る機能がないことを忘れていたわ。
AvgDialog_72012_Content_40,apMg,avg星辰章1_AvgDialog_C_M.csv,614,AvgDialog,Content,熔毁·朵尔NF,好了，我不喜欢总是停留在原地。,さて、わたしは同じ場所に留まり続けるのが嫌いなの。
AvgDialog_72012_Content_41,apMh,avg星辰章1_AvgDialog_C_M.csv,615,AvgDialog,Content,熔毁·朵尔NF,东西都拿上了吧？拿上了我们就去教堂吧。,必要なものは持ったかしら？\nなら、聖堂へ行くわよ。
AvgDialog_72012_Content_42,apMi,avg星辰章1_AvgDialog_C_M.csv,616,AvgDialog,Content,熔毁·朵尔NF,擅长战斗的，开路。,戦闘の得意な人が、先頭を行って。
AvgDialog_72008_Content_1,apHI,avg星辰章1_AvgDialog_C_M.csv,618,AvgDialog,Content,詹金新,喂，教堂的老头子，我们把病人带来了！,おい、聖堂のじいさん、病人を連れてきたぞ！
AvgDialog_72008_Content_2,apHT,avg星辰章1_AvgDialog_C_M.csv,619,AvgDialog,Content,,詹金抢在所有人之前冲进了济世大圣堂。,ジェンキンは誰よりも先に救世の大聖堂へ駆けこんだ。
AvgDialog_72008_Content_3,apIe,avg星辰章1_AvgDialog_C_M.csv,620,AvgDialog,Content,萨尔瓦多,请各位保持肃静，圣堂之中还寄宿着许多病人，他们恐怕无力承受过分的吵闹。,皆さん、どうかお静かに。聖堂にはまだ大勢の病人が身を寄せています。激しい騒ぎには、とても耐えられないでしょう。
AvgDialog_72008_Content_4,apIm,avg星辰章1_AvgDialog_C_M.csv,621,AvgDialog,Content,詹金新,"那个手到病除的医生就是你吗？
嗯，看起来跟济贫院那些穿白大褂的倒是不一样。",手をかざすだけで病を治す医者ってのは、あんたか？\nふぅん、ワークハウスの白衣のやつらとはちょっと違うみたいだな。
AvgDialog_72008_Content_5,apIn,avg星辰章1_AvgDialog_C_M.csv,622,AvgDialog,Content,萨尔瓦多,"我并非医师，仅是「赐福者」。
请将病人安置在事务员的房间内吧，劳烦各位跟我来。",私は医者ではなく、ただ「祝福を授ける者」にすぎません。\nその方を事務員の部屋に寝かせてください。どうぞ、こちらへ。
AvgDialog_72008_Content_6,apIo,avg星辰章1_AvgDialog_C_M.csv,623,AvgDialog,Content,,温和的蓝光在莎拉周身流转泛起，带着温暖的光泽与对生命的深切关怀。,穏やかな青い光がサラの全身を流れるように包み込む。\nその光は温かな輝きと、命への深い慈しみを帯びていた。
AvgDialog_72008_Content_7,apIp,avg星辰章1_AvgDialog_C_M.csv,624,AvgDialog,Content,,时间一分一秒过去，萨尔瓦多掌心的微光不减，只是微微蹙眉，脸上流露出一丝不易察觉的无奈和沉重。,刻一刻と時が過ぎても、サルバドルの掌の光は衰えない。ただわずかに眉をひそめた顔には、微かなやるせなさと重苦しさが滲んでいた。
AvgDialog_72008_Content_8,apIq,avg星辰章1_AvgDialog_C_M.csv,625,AvgDialog,Content,萨尔瓦多,"在这之前，我从未见过这样的病征。
简单来说，她的体内存在着一种异常的力量。",このような病の兆しは、これまで一度も見たことがありません。\n簡単に言えば、彼女の体の中には異常な力が宿っているのです。
AvgDialog_72008_Content_9,apIr,avg星辰章1_AvgDialog_C_M.csv,626,AvgDialog,Content,萨尔瓦多,那种力量对进食大脑有着异常的欲求……她凭一己之力克制着这种欲望，那种力量便开始以她自身的大脑为食。,その力は脳を喰らうことを異常なまでに求め……彼女が自分の力でその欲望を抑え込めば、力は彼女自身の脳を喰らい始めるのです。
AvgDialog_72008_Content_10,apHJ,avg星辰章1_AvgDialog_C_M.csv,627,AvgDialog,Content,萨尔瓦多,当她的大脑被蚕食殆尽的时候……,彼女の脳が喰い尽くされたとき……
AvgDialog_72008_Content_11,apHK,avg星辰章1_AvgDialog_C_M.csv,628,AvgDialog,Content,,萨尔瓦多神父低下头，在胸口划下祈祷的符文。,サルバドル神父は頭を垂れ、胸の前で祈りの構えを取る。
AvgDialog_72008_Content_12,apHL,avg星辰章1_AvgDialog_C_M.csv,629,AvgDialog,Content,萨尔瓦多,明天，我会尝试剥离她体内的这股力量。,明日、彼女の体に宿るこの力を、剥いし取ってみるつもりです。
AvgDialog_72008_Content_13,apHM,avg星辰章1_AvgDialog_C_M.csv,630,AvgDialog,Content,玩家,莎拉，你能不能跟我们讲讲，你头上的这道疤痕是怎么来的？,サラ、君の額にあるその傷跡が、どうしてできたのか話してもらえないかな？
AvgDialog_72008_Content_14,apHN,avg星辰章1_AvgDialog_C_M.csv,631,AvgDialog,Content,莎拉,那天……,あの日……
AvgDialog_72008_Content_15,apHO,avg星辰章1_AvgDialog_C_M.csv,632,AvgDialog,Content,,小女孩推开了单薄的床铺，绕过身边熟睡的孩子们，冬夜里光着脚，摇摇晃晃地朝昏暗的庭院走去。,幼い少女が薄い寝床を押しのけ、眠る子供たちのそばをすり抜けて、冬の夜に裸足のまま、ふらふらと薄暗い庭へ歩いていった。
AvgDialog_72008_Content_16,apHP,avg星辰章1_AvgDialog_C_M.csv,633,AvgDialog,Content,莎拉,艾继丝，艾继丝……？,アイギス、アイギス……？
AvgDialog_72008_Content_17,apHQ,avg星辰章1_AvgDialog_C_M.csv,634,AvgDialog,Content,,"我追了上去，想要提醒她穿上鞋。
但她丝毫没有理会我。",私は追いかけて、靴を履くよう声をかけようとしました。\nですが、彼女はまるで耳を貸さなかった。
AvgDialog_72008_Content_18,apHR,avg星辰章1_AvgDialog_C_M.csv,635,AvgDialog,Content,,我跟着她一直跑，一直跑，终于在济贫院门口追上了她。,私は彼女を追って、ずっとずっと走り続けて、ようやくワークハウスの入口で追いついたんです。
AvgDialog_72008_Content_19,apHS,avg星辰章1_AvgDialog_C_M.csv,636,AvgDialog,Content,,我按住她的肩膀，将她的身体扭转过来，面对着我……,私は彼女の肩を押さえ、その体をこちらに向かせた……
AvgDialog_72008_Content_20,apHU,avg星辰章1_AvgDialog_C_M.csv,637,AvgDialog,Content,莎拉,我只看见……,私が見たのは……
AvgDialog_72008_Content_21,apHV,avg星辰章1_AvgDialog_C_M.csv,638,AvgDialog,Content,莎拉,一双失神的眼睛。,焦点を失った、虚ろな瞳でした。
AvgDialog_72008_Content_22,apHW,avg星辰章1_AvgDialog_C_M.csv,639,AvgDialog,Content,,……,……
AvgDialog_72008_Content_23,apHX,avg星辰章1_AvgDialog_C_M.csv,640,AvgDialog,Content,莎拉,就在那个时候，有谁的手轻轻地搭上了我的右肩膀。,ちょうどそのとき、誰かの手がそっと私の右肩に置かれたんです。
AvgDialog_72008_Content_24,apHY,avg星辰章1_AvgDialog_C_M.csv,641,AvgDialog,Content,莎拉,我战战兢兢地回头……,私がおそるおそる振り返ると……
AvgDialog_72008_Content_25,apHZ,avg星辰章1_AvgDialog_C_M.csv,642,AvgDialog,Content,,那是一个石色的、握着小刀的女人。,そこにいたのは、石のような色をした、小刀を握る女でした。
AvgDialog_72008_Content_26,apIa,avg星辰章1_AvgDialog_C_M.csv,643,AvgDialog,Content,,她的食指轻抵同样苍白如石膏的唇峰，悄然叮嘱。,彼女は石膏のように白い唇に人差し指を当て、ひそやかに囁いたんです。
AvgDialog_72008_Content_27,apIb,avg星辰章1_AvgDialog_C_M.csv,644,AvgDialog,Content,？？？（珊）,嘘，不要惊扰「祂」的儿女。,しっ、「あの存在」の子どもたちを驚かせないで。
AvgDialog_72008_Content_28,apIc,avg星辰章1_AvgDialog_C_M.csv,645,AvgDialog,Content,,……,……
AvgDialog_72008_Content_29,apId,avg星辰章1_AvgDialog_C_M.csv,646,AvgDialog,Content,莎拉,在那之后的事情，我就记不清楚了。,その後のことは、もうよく覚えていません。
AvgDialog_72008_Content_30,apIf,avg星辰章1_AvgDialog_C_M.csv,647,AvgDialog,Content,莎拉,我额头上的疤痕，本来是罗杰斯先生找医生帮我治病时留下的。,私の額の傷は、もともとロジャーズさんが医者を呼んで治療してもらったときに残ったものです。
AvgDialog_72008_Content_31,apIg,avg星辰章1_AvgDialog_C_M.csv,648,AvgDialog,Content,莎拉,在那天之后，就开始泛起一种银色的金属光泽……不过不疼也不痒，对生活也没有影响。,その日から、銀色の金属みたいな光を帯び始めて……\nでも痛くも痒くもないし、暮らしにも何の支障もありませんでした。
AvgDialog_72008_Content_32,apIh,avg星辰章1_AvgDialog_C_M.csv,649,AvgDialog,Content,熔毁·朵尔NF,难怪你能躲过那场毁灭的融灾。,どうりで、あの壊滅的な融蝕の災厄を逃れられたわけね。
AvgDialog_72008_Content_33,apIi,avg星辰章1_AvgDialog_C_M.csv,650,AvgDialog,Content,熔毁·朵尔NF,有人在你的体内植入了高活性的银芯，强行将你的诺斯指数拔高至标准线以上。,誰かがあなたの体に高活性のシルバーコアを移植して、無理やり霊性指数を基準値以上に引き上げたんだわ。
AvgDialog_72008_Content_34,apIj,avg星辰章1_AvgDialog_C_M.csv,651,AvgDialog,Content,玩家,和24类似，在人类体内植入或凝聚银芯的实验……,24と似ている、人間の体内にシルバーコアを移植したり凝縮させたりする実験だ……
AvgDialog_72008_Content_35,apIk,avg星辰章1_AvgDialog_C_M.csv,652,AvgDialog,Content,熔毁·朵尔NF,可惜，一切馈赠皆有代价。你如今承受的痛苦，多半也与这强行延续的寿命有关。,残念だけど、すべての贈り物には代償があるの。あなたが今抱えている苦しみも、無理に延ばされた寿命と無関係ではないでしょうね。
AvgDialog_72008_Content_36,apIl,avg星辰章1_AvgDialog_C_M.csv,653,AvgDialog,Content,熔毁·朵尔NF,那位清高的圣父能不能救你于水火之中……就让我们拭目以待了。,あの気高い神父様が、あなたを苦しみの中から救えるかどうか……\nお手並み拝見といきましょう。
AvgDialog_71987_Content_1,apuk,avg星辰章1_AvgDialog_C_M.csv,655,AvgDialog,Content,,人间食粮,人の世の糧
AvgDialog_71987_Content_2,apuv,avg星辰章1_AvgDialog_C_M.csv,656,AvgDialog,Content,熔毁·朵尔NF,他们几个已经睡下了吗？,あの子たちはもう眠ったの？
AvgDialog_71987_Content_3,apuG,avg星辰章1_AvgDialog_C_M.csv,657,AvgDialog,Content,玩家,嗯，他们应该好好休息。,うん、あの子たちにはちゃんと休んでもらわないと。
AvgDialog_71987_Content_4,apuR,avg星辰章1_AvgDialog_C_M.csv,658,AvgDialog,Content,熔毁·朵尔NF,你白天从融蚀的梦境中窥探到的……,あなたが昼間、融蝕の夢の中で覗き見たのは……
AvgDialog_71987_Content_5,apvc,avg星辰章1_AvgDialog_C_M.csv,659,AvgDialog,Content,玩家,是这个行将就木的世界。,この、滅びかけた世界だ。
AvgDialog_71987_Content_6,apvk,avg星辰章1_AvgDialog_C_M.csv,660,AvgDialog,Content,玩家,因为死亡将要来临了，所有生灵用本能相互依偎、相互拥抱、相互融合。,死が迫っているからこそ、すべての生き物が本能で寄り添って、抱きしめ合って、互いに溶け合っていく。
AvgDialog_71987_Content_7,apvl,avg星辰章1_AvgDialog_C_M.csv,661,AvgDialog,Content,玩家,朵尔……在我的世界里，你引发了洪水、山崩、融蚀扩散等种种灾难。,ドール……私の世界で、君は洪水や山崩れ、融蝕の拡散といった数々の災いを引き起こしていた。
AvgDialog_71987_Content_8,apvm,avg星辰章1_AvgDialog_C_M.csv,662,AvgDialog,Content,玩家,这里的一切，是你造成的吗？,ここで起きたすべても、君が招いたものなの？
AvgDialog_71987_Content_9,apvn,avg星辰章1_AvgDialog_C_M.csv,663,AvgDialog,Content,熔毁·朵尔NF,抱歉。,ごめんなさい。
AvgDialog_71987_Content_10,apul,avg星辰章1_AvgDialog_C_M.csv,664,AvgDialog,Content,玩家,你的意思是……,それはつまり……
AvgDialog_71987_Content_11,apum,avg星辰章1_AvgDialog_C_M.csv,665,AvgDialog,Content,熔毁·朵尔NF,谁在那边？,そこにいるのは誰？
AvgDialog_71987_Content_12,apun,avg星辰章1_AvgDialog_C_M.csv,666,AvgDialog,Content,奥吉尔,不好意思，是、是我。,す、すみません、ぼ、僕です。
AvgDialog_71987_Content_13,apuo,avg星辰章1_AvgDialog_C_M.csv,667,AvgDialog,Content,奥吉尔,通常来说，我会负责教堂入夜前最后一轮巡查。看到二位不在床位上，我就四处看看，不是故意要偷听你们聊天的……,普段、僕が聖堂の就寝前の見回りを担当しているんです。あなたたちがいないので探していただけで、盗み聞きするつもりは……
AvgDialog_71987_Content_14,apup,avg星辰章1_AvgDialog_C_M.csv,668,AvgDialog,Content,玩家,没关系的，奥吉尔，你也过来吧。,気にしないで、オジール。\n君もこっちに来て。
AvgDialog_71987_Content_15,apuq,avg星辰章1_AvgDialog_C_M.csv,669,AvgDialog,Content,奥吉尔,好、好的。,は、はい。
AvgDialog_71987_Content_16,apur,avg星辰章1_AvgDialog_C_M.csv,670,AvgDialog,Content,,奥吉尔笨拙地沿着木阶登上平台，小心地不让脚下发出声响，以免惊扰众人的睡眠。,オジールはぎこちなく木の階段をのぼって足場に上がり、皆の眠りを妨げぬよう、足音を立てぬよう慎重に歩いた。
AvgDialog_71987_Content_17,apus,avg星辰章1_AvgDialog_C_M.csv,671,AvgDialog,Content,熔毁·朵尔NF,回到刚才的问题。,さっきの問いに戻りましょう。
AvgDialog_71987_Content_18,aput,avg星辰章1_AvgDialog_C_M.csv,672,AvgDialog,Content,熔毁·朵尔NF,我认真思考过这个问题：我们当前目睹的一切惨剧是否源自我的手笔？,わたしも真剣に考えたわ。\n今目にしている惨劇のすべては、わたしの手によるものなのかと。
AvgDialog_71987_Content_19,apuu,avg星辰章1_AvgDialog_C_M.csv,673,AvgDialog,Content,熔毁·朵尔NF,我能回答你的是：很像。,答えられるのはこうよ……とてもよく似ている。
AvgDialog_71987_Content_20,apuw,avg星辰章1_AvgDialog_C_M.csv,674,AvgDialog,Content,熔毁·朵尔NF,干脆、简洁，以利落的死亡为目的，相当符合我的审美。,無駄がなく、簡潔で、鮮やかな死を目的とする。\nわたしの美意識に実によく合っているわ。
AvgDialog_71987_Content_21,apux,avg星辰章1_AvgDialog_C_M.csv,675,AvgDialog,Content,熔毁·朵尔NF,但异样之处同样存在——我不喜欢延时类装置，那种等待与折磨是我所不能容纳的酷刑。,でも、同時に違和感もある——私は時間差で作動する仕掛けが嫌いなの。あの待ち時間と苦しみは、わたしにとって耐えがたい拷問よ。
AvgDialog_71987_Content_22,apuy,avg星辰章1_AvgDialog_C_M.csv,676,AvgDialog,Content,熔毁·朵尔NF,既然这段时间内我都在与各位共同行动，那便无暇去发射名为死亡通知的按钮。,この間、わたしはずっとあなたたちと共に行動していたのだから、死亡通知のボタンを押すような暇なんてなかったわ。
AvgDialog_71987_Content_23,apuz,avg星辰章1_AvgDialog_C_M.csv,677,AvgDialog,Content,奥吉尔,那、那可太好了！,そ、それなら本当に良かった！
AvgDialog_71987_Content_24,apuA,avg星辰章1_AvgDialog_C_M.csv,678,AvgDialog,Content,熔毁·朵尔NF,为什么？,どうして？
AvgDialog_71987_Content_25,apuB,avg星辰章1_AvgDialog_C_M.csv,679,AvgDialog,Content,奥吉尔,刚才听到你们的聊天的时候，我一直在担心朵尔小姐是这一切的主使者。,さっきの話を聞いていたとき、ドールさんがすべての黒幕なのではと、ずっと心配していたんです。
AvgDialog_71987_Content_26,apuC,avg星辰章1_AvgDialog_C_M.csv,680,AvgDialog,Content,奥吉尔,那样的话，我就不得不挺身而出，也就不得不和朵尔小姐成为敌人了。,もしそうなら、僕は立ち向かわざるをえず、ドールさんと敵同士になるしかありませんから。
AvgDialog_71987_Content_27,apuD,avg星辰章1_AvgDialog_C_M.csv,681,AvgDialog,Content,奥吉尔,现在，知道幕后黑手另有其人，我就不用提心吊胆，可以把朵尔小姐当成伙伴了！,でも、黒幕が別にいると分かって、もう気を揉まずにすみます。\nドールさんを仲間だと思えるんです！
AvgDialog_71987_Content_28,apuE,avg星辰章1_AvgDialog_C_M.csv,682,AvgDialog,Content,,奥吉尔收起了刚才悄悄背在身后的长枪，笑容真挚而灿烂。,オジールはさっきそっと背に隠していた長槍をしまい、晴れやかで真っ直ぐな笑みを浮かべた。
AvgDialog_71987_Content_29,apuF,avg星辰章1_AvgDialog_C_M.csv,683,AvgDialog,Content,熔毁·朵尔NF,……,……
AvgDialog_71987_Content_30,apuH,avg星辰章1_AvgDialog_C_M.csv,684,AvgDialog,Content,熔毁·朵尔NF,哼，我也不在乎什么伙伴不伙伴的。,ふん、仲間だの何だのは、わたしにとってどうでもいいことだけど。
AvgDialog_71987_Content_31,apuI,avg星辰章1_AvgDialog_C_M.csv,685,AvgDialog,Content,玩家,不会的，朵尔。,そんなことないよ、ドール。
AvgDialog_71987_Content_32,apuJ,avg星辰章1_AvgDialog_C_M.csv,686,AvgDialog,Content,玩家,虽然我对这个世界中本源化的你一无所知，但我对身为教授的朵尔……可太熟悉了。,この世界で本源化した君のことは何も知らない。\nでも、教授としてのドールのことは……よく知っているつもりだ。
AvgDialog_71987_Content_33,apuK,avg星辰章1_AvgDialog_C_M.csv,687,AvgDialog,Content,熔毁·朵尔NF,不如请你告诉我，你所认识的那个「朵尔」，是个怎样的人？,なら教えてもらえる？\nあなたの知る「ドール」は、どんな人かしら？
AvgDialog_71987_Content_34,apuL,avg星辰章1_AvgDialog_C_M.csv,688,AvgDialog,Content,,……,……
AvgDialog_71987_Content_35,apuM,avg星辰章1_AvgDialog_C_M.csv,689,AvgDialog,Content,,在界域教学课堂上第一次见到的冷面的教授。,界域の授業で初めて出会った、冷たい顔つきの教授。
AvgDialog_71987_Content_36,apuN,avg星辰章1_AvgDialog_C_M.csv,690,AvgDialog,Content,,在授钥仪式上，将银钥匙郑重交付在你手中的朵尔。,鍵の授与式で、シルバーキーをあなたの手に厳かに託したドール。
AvgDialog_71987_Content_37,apuO,avg星辰章1_AvgDialog_C_M.csv,691,AvgDialog,Content,,总是毒舌你的论文和大脑，但最后会为你解决好一切后顾之忧的朵尔。,いつもあなたの論文と頭脳に辛辣な言葉を投げかけつつも、最後にはすべての憂いを取り除いてくれたドール。
AvgDialog_71987_Content_38,apuP,avg星辰章1_AvgDialog_C_M.csv,692,AvgDialog,Content,,在拉伊疗养院时独自面对赫伯特，为你们开辟出一条生路的朵尔。,ライの療養院で、たった一人でハーバートに立ち向かい、あなたたちのために活路を切り開いたドール。
AvgDialog_71987_Content_39,apuQ,avg星辰章1_AvgDialog_C_M.csv,693,AvgDialog,Content,,……还有最后，毅然斩断和你的链接的朵尔。,……そして最後に、毅然としてあなたとの繋がりを断ち切ったドール。
AvgDialog_71987_Content_40,apuS,avg星辰章1_AvgDialog_C_M.csv,694,AvgDialog,Content,,往事一一浮现，原来在不知不觉中，你们已经陪伴在彼此身边，经历了那么、那么多故事。,過ぎし日が浮かんでくる。知らぬ間に、あなたたちは互いに寄り添い、これほど多くの物語を共にしてきたのだ。
AvgDialog_71987_Content_41,apuT,avg星辰章1_AvgDialog_C_M.csv,695,AvgDialog,Content,,你将你所知道的关于朵尔的一切向她倾囊而出。,あなたは、ドールについて知るすべてを彼女に余すことなく語った。
AvgDialog_71987_Content_42,apuU,avg星辰章1_AvgDialog_C_M.csv,696,AvgDialog,Content,,……,……
AvgDialog_71987_Content_43,apuV,avg星辰章1_AvgDialog_C_M.csv,697,AvgDialog,Content,,…………,…………
AvgDialog_71987_Content_44,apuW,avg星辰章1_AvgDialog_C_M.csv,698,AvgDialog,Content,熔毁·朵尔NF,虽然嘴上说得不好听，但你内心还挺尊重她的，对吧？,口では悪く言っても、心の中ではけっこう彼女を敬っているのね？
AvgDialog_71987_Content_45,apuX,avg星辰章1_AvgDialog_C_M.csv,699,AvgDialog,Content,熔毁·朵尔NF,让我猜猜，这就是你至今仍然没有对我动手的原因，是不是？,当ててみせましょうか。\nそれが、あなたが今も私に手を出さない理由でしょう？
AvgDialog_71987_Content_46,apuY,avg星辰章1_AvgDialog_C_M.csv,700,AvgDialog,Content,熔毁·朵尔NF,"我失去了记忆，但你可没有。
你有很多机会，在我还没有意识到你的身份的时候攻我不备，但你什么都没做。",わたしは記憶を失った。でも、あなたは違う。\n正体に気づく前、隙は何度もあったのに、あなたは何もしなかった。
AvgDialog_71987_Content_47,apuZ,avg星辰章1_AvgDialog_C_M.csv,701,AvgDialog,Content,熔毁·朵尔NF,看来你的导师还是没有告诉你，应该如何对待可能的敌人。,あなたの師は、起こりうる敵にどう向き合うべきか、結局教えてはくれなかったようね。
AvgDialog_71987_Content_48,apva,avg星辰章1_AvgDialog_C_M.csv,702,AvgDialog,Content,玩家,在恰当的时机，或许我会出手。,その時が来れば、私は手を下すかもしれない。
AvgDialog_71987_Content_49,apvb,avg星辰章1_AvgDialog_C_M.csv,703,AvgDialog,Content,玩家,但不是现在。,でも、それは今じゃないよ。
AvgDialog_71987_Content_50,apvd,avg星辰章1_AvgDialog_C_M.csv,704,AvgDialog,Content,熔毁·朵尔NF,愚蠢的小狗……迟早有一天，你要为你的心软付出代价。,愚かな子犬ちゃん……\nいつかきっと、その甘さの代償を払うことになるわよ。
AvgDialog_71987_Content_51,apve,avg星辰章1_AvgDialog_C_M.csv,705,AvgDialog,Content,,……,……
AvgDialog_71987_Content_52,apvf,avg星辰章1_AvgDialog_C_M.csv,706,AvgDialog,Content,？？？,<Shake:咿——咿呀——>,<Shake:イ——イヤ——>
AvgDialog_71987_Content_53,apvg,avg星辰章1_AvgDialog_C_M.csv,707,AvgDialog,Content,,一声凄厉的尖叫划破夜空。,凄まじい悲鳴が、夜空を切り裂いた。
AvgDialog_71987_Content_54,apvh,avg星辰章1_AvgDialog_C_M.csv,708,AvgDialog,Content,奥吉尔,怎么了？！,どうしたんですか！？
AvgDialog_71987_Content_55,apvi,avg星辰章1_AvgDialog_C_M.csv,709,AvgDialog,Content,,视线的尽头，梅森的身影狼狈地奔来。她扭曲的手臂焦躁不安地撕扯着乱发，语无伦次地对你们发出浑浊的呼喊。,視線の先で、メイソンがよろめきながら駆けてくる。\n歪んだ腕で乱れた髪をかきむしり、支離滅裂な濁った叫びをあなたたちに向けた。
AvgDialog_71987_Content_56,apvj,avg星辰章1_AvgDialog_C_M.csv,710,AvgDialog,Content,梅森,"莎拉……快去看看莎拉女士……
她的头……她的头！！",サラ……早くサラさんを見てあげて……\nあの人の頭が……頭が！！
AvgDialog_72002_Content_1,apDr,avg星辰章1_AvgDialog_C_M.csv,712,AvgDialog,Content,玩家,压住她！,その人を押さえて！
AvgDialog_72002_Content_2,apDC,avg星辰章1_AvgDialog_C_M.csv,713,AvgDialog,Content,,莎拉头部的银芯逐渐黯淡下去，但仍爆发着超乎常人的巨力，猛烈挣扎着，眼中透露出疯狂的光芒。,サラの頭のシルバーコアは次第に光を失っていったが、なお常人を越える力で暴れ、その目には狂気の光が宿っていた。
AvgDialog_72002_Content_3,apDM,avg星辰章1_AvgDialog_C_M.csv,714,AvgDialog,Content,,几名身材高大的护工模样的人左右逼近，将她强行用麻绳捆缚在床边。,屈強な介護人らしき者たちが左右から迫り、彼女を麻縄でベッドに強引に縛りつけた。
AvgDialog_72002_Content_4,apDN,avg星辰章1_AvgDialog_C_M.csv,715,AvgDialog,Content,萨尔瓦多,请各位不必如此，将一切交给我吧。父神会治愈她因苦痛而迷惘的灵魂。,どうか皆さん、そのままで。すべて私にお任せください。\n父なる神が、苦しみに惑う彼女の魂を癒してくださいます。
AvgDialog_72002_Content_5,apDO,avg星辰章1_AvgDialog_C_M.csv,716,AvgDialog,Content,,萨尔瓦多拉起臂上的衣袍，深浅不一、触目惊心的疤痕大大小小地布满了他那坚韧而苍老的手臂。,サルバドルが袖をまくりあげると、深さの異なる痛々しい傷跡が、その逞しく老いた腕に大小無数に刻まれていた。
AvgDialog_72002_Content_6,apDP,avg星辰章1_AvgDialog_C_M.csv,717,AvgDialog,Content,,他划开自己的手腕，滴滴鲜血淌在教堂地面，逐渐蜿蜒成法阵样式的纹路。,彼が自らの腕を切り裂くと、滴り落ちる鮮血が聖堂の床を伝い、やがて魔法陣のような模様が描かれていった。
AvgDialog_72002_Content_7,apDQ,avg星辰章1_AvgDialog_C_M.csv,718,AvgDialog,Content,索菲亚,萨尔瓦多阁下！！,サルバドル司教！！
AvgDialog_72002_Content_8,apDR,avg星辰章1_AvgDialog_C_M.csv,719,AvgDialog,Content,,一名少女从人群中冲出，用白色绷带束上了萨尔瓦多腕上的伤口。,一人の少女が人混みから飛び出し、白い包帯でサルバドルの腕の傷を縛り上げた。
AvgDialog_72002_Content_9,apDS,avg星辰章1_AvgDialog_C_M.csv,720,AvgDialog,Content,索菲亚,主教阁下，我不知道您眼中的于丽埃特小姐是怎样恶贯满盈之人，但我能看得清人真实的欲望。,司教様、あなたの目にジュリエットさんがどれほどの悪人と映っているかは分かりません。でも私には、人の本当の欲望が見えるのです。
AvgDialog_72002_Content_10,apDs,avg星辰章1_AvgDialog_C_M.csv,721,AvgDialog,Content,索菲亚,她给予的建议是发自肺腑、真诚可靠的。,彼女の助言は、心の底から出た真摯で信頼できるものでした。
AvgDialog_72002_Content_11,apDt,avg星辰章1_AvgDialog_C_M.csv,722,AvgDialog,Content,索菲亚,于丽埃特小姐是真的担心您的身体，您也真的不能再使用「赐福」了！,ジュリエットさんは本気であなたの体を案じているんです。\nこれ以上、「祝福」を使ってはいけません！
AvgDialog_72002_Content_12,apDu,avg星辰章1_AvgDialog_C_M.csv,723,AvgDialog,Content,,人群的中央，莎拉抱着头蜷缩在地，身体因强行忍耐剧烈的痛楚而止不住颤抖，指节已经勒到泛白。,人混みの中央で、サラは頭を抱えてうずくまり、激しい痛みを必死にこらえて体を震わせ、指の関節は白くなるほど握りしめられていた。
AvgDialog_72002_Content_13,apDv,avg星辰章1_AvgDialog_C_M.csv,724,AvgDialog,Content,,索菲亚挺身拦在微微佝偻的萨尔瓦多之前，用虚弱的身躯将他和莎拉强行隔绝开来。,ソフィアは、わずかに背を丸めたサルバドルの前に身を挺し、弱々しい体で彼とサラを無理やり引き離した。
AvgDialog_72002_Content_14,apDw,avg星辰章1_AvgDialog_C_M.csv,725,AvgDialog,Content,萨尔瓦多,索菲亚，请让开道路吧。,ソフィア、道を空けてください。
AvgDialog_72002_Content_15,apDx,avg星辰章1_AvgDialog_C_M.csv,726,AvgDialog,Content,萨尔瓦多,她既然来到此处请求我的帮助，那父神的辉光便会为她驱散苦难的阴翳。,彼女がここへ来て私に助けを求めたのなら、父なる神の輝きが彼女の苦しみの影を払うでしょう。
AvgDialog_72002_Content_16,apDy,avg星辰章1_AvgDialog_C_M.csv,727,AvgDialog,Content,,消瘦的身影伏于莎拉的病榻前，淡蓝色的纹路逐渐将嚎哭的女人拥入怀抱，女人渐渐停止了痛苦，在蓝光的笼罩中婴孩般安然睡去。,痩せ細った影がサラの病床に伏し、淡い青の紋様が泣き叫ぶ女を抱き寄せると、女は次第に静まり、光の中で赤子のように眠りについた。
AvgDialog_72002_Content_17,apDz,avg星辰章1_AvgDialog_C_M.csv,728,AvgDialog,Content,,萨尔瓦多猛烈咳嗽，嘴角滑落一丝殷红的血痕。他不动声色地将它擦去。,サルバドルは激しく咳き込み、口の端から赤い血が滑り落ちた。\n彼は何食わぬ顔でそれを拭い取る。
AvgDialog_72002_Content_18,apDA,avg星辰章1_AvgDialog_C_M.csv,729,AvgDialog,Content,索菲亚,您看看您！我现在就扶您去休息！,ご自分の体をご覧ください！\n今すぐお休みなるよう、私がお連れします！
AvgDialog_72002_Content_19,apDB,avg星辰章1_AvgDialog_C_M.csv,730,AvgDialog,Content,,目送着二人远去的背影，熔毁·朵尔呛出一声冷笑。,去っていく二人の背を見送りながら、溶壊・ドールは冷ややかな笑いを漏らした。
AvgDialog_72002_Content_20,apDD,avg星辰章1_AvgDialog_C_M.csv,731,AvgDialog,Content,玩家,朵尔你……在笑什么？,ドール……君は何を嗤っているの？
AvgDialog_72002_Content_21,apDE,avg星辰章1_AvgDialog_C_M.csv,732,AvgDialog,Content,熔毁·朵尔NF,笑那位神父，当然。,あの神父をよ、もちろん。
AvgDialog_72002_Content_22,apDF,avg星辰章1_AvgDialog_C_M.csv,733,AvgDialog,Content,熔毁·朵尔NF,"他的逻辑难道不可笑么？
他早该放弃这个烂摊子了。",彼の論理、滑稽だと思わない？\nとっくにこんな厄介事は手放すべきだったのよ。
AvgDialog_72002_Content_23,apDG,avg星辰章1_AvgDialog_C_M.csv,734,AvgDialog,Content,熔毁·朵尔NF,若保下他一人，往后能救的人或许更多。,彼だけを守れば、もっと多くを救えるかもしれないのに。
AvgDialog_72002_Content_24,apDH,avg星辰章1_AvgDialog_C_M.csv,735,AvgDialog,Content,熔毁·朵尔NF,但他宁可让自己灯枯油尽，也要维系这座教堂内部不受侵蚀，保护那些孱弱无力的待宰羔羊。,それなのに彼は身を削り尽くしてまで聖堂を侵蝕から守り、無力な羊たちを守ろうとしたわ。
AvgDialog_72002_Content_25,apDI,avg星辰章1_AvgDialog_C_M.csv,736,AvgDialog,Content,熔毁·朵尔NF,非要用「人多大于人少」的理论来支持他的想法，如今他的所作所为却又背离了曾经的决策。,「多数は少数に勝る」という理屈で自分を正当化しておきながら、今の彼の振る舞いは過去の決断に矛盾している。
AvgDialog_72002_Content_26,apDJ,avg星辰章1_AvgDialog_C_M.csv,737,AvgDialog,Content,熔毁·朵尔NF,救治一人，却减损教堂内所有人的生存机会，人类「圣人」的思考逻辑，实在缺乏理性的根基。,一人を救って聖堂の全員の生存の可能性を削るなんて、人間の「聖人」の思考には、理性の根拠がまるで欠けているわ。
AvgDialog_72002_Content_27,apDK,avg星辰章1_AvgDialog_C_M.csv,738,AvgDialog,Content,玩家,如果是你，你会怎么处理，朵尔？,もし君なら、どう対処するの、ドール？
AvgDialog_72002_Content_28,apDL,avg星辰章1_AvgDialog_C_M.csv,739,AvgDialog,Content,熔毁·朵尔NF,在不被接纳的世界中苟延残喘，等待或许永远不会降临的解脱之日。,受け入れられない世界で辛うじて生き長らえ、いつ訪れるとも知れない解放の日を待ち続ける。
AvgDialog_72002_Content_29,bLRO,avg星辰章1_AvgDialog_C_M.csv,740,AvgDialog,Content,熔毁·朵尔NF,我会终结他们的痛苦，终结所有人的痛苦。,わたしなら彼らの苦しみを終わらせるわ。\nすべての者の苦しみをね。
AvgDialog_71990_Content_1,apvT,avg星辰章1_AvgDialog_C_M.csv,742,AvgDialog,Content,,可能性的答案,可能性という答え
AvgDialog_71990_Content_2,apwe,avg星辰章1_AvgDialog_C_M.csv,743,AvgDialog,Content,,海在呼唤你。,海があなたを呼んでいる。
AvgDialog_71990_Content_3,apwp,avg星辰章1_AvgDialog_C_M.csv,744,AvgDialog,Content,,那是暗色的大海，在群星的照耀下交错反射着幽暗的黄绿色光芒。,それは暗い色の大海。\n星々の輝きのもと、薄暗い黄緑の光を幾重にも反射している。
AvgDialog_71990_Content_4,apwA,avg星辰章1_AvgDialog_C_M.csv,745,AvgDialog,Content,,那是深眠者黯淡无光的长梦，黑星高悬的黑暗与寂静。,それは深く眠る者の光なき長い夢。\n黒い星が高く懸かる、闇と静寂。
AvgDialog_71990_Content_5,apwL,avg星辰章1_AvgDialog_C_M.csv,746,AvgDialog,Content,,绞缠、冲突、扭曲、撕扯、挣扎，触肢与触肢彼此缠绕和斗争。,絡み合い、ぶつかり、ねじれ、引き裂き、もがき、触肢と触肢が互いに絡みつき争い合う。
AvgDialog_71990_Content_6,apwW,avg星辰章1_AvgDialog_C_M.csv,747,AvgDialog,Content,,一方啸叫着：我必将吞噬那美味的容器，灵感与智性的源泉，洞察与思维的载体，想象与妄念的器官。,一方が叫ぶ。我こそああの美味なる器を呑み込まん、霊感と知性の泉、洞察と思考の依代、想像と妄念の器官を。
AvgDialog_71990_Content_7,apxa,avg星辰章1_AvgDialog_C_M.csv,748,AvgDialog,Content,,另一方回应：腐朽的贪婪自当溺亡于深不见星辰的湖底。,もう一方が応える。\n朽ちた貪欲は、星すら見えぬ湖の底に溺れて沈むがいい。
AvgDialog_71990_Content_8,apxb,avg星辰章1_AvgDialog_C_M.csv,749,AvgDialog,Content,,……,……
AvgDialog_71990_Content_9,apxc,avg星辰章1_AvgDialog_C_M.csv,750,AvgDialog,Content,,…………,…………
AvgDialog_71990_Content_10,apvU,avg星辰章1_AvgDialog_C_M.csv,751,AvgDialog,Content,詹金新,醒醒，醒醒，两个懒鬼。,起きろ、起きろって。ぐうたらコンビめ。
AvgDialog_71990_Content_11,apvV,avg星辰章1_AvgDialog_C_M.csv,752,AvgDialog,Content,詹金新,姐姐让我叫你们去莎拉阿姨那里。,姉ちゃんが、サラおばさんのとこにあんたらを呼んでこいってさ。
AvgDialog_71990_Content_12,apvW,avg星辰章1_AvgDialog_C_M.csv,753,AvgDialog,Content,,你们踏入教堂后的隔间，梅森在病床前正照料着安静熟睡的莎拉，昏黄的壁炉火光为她的脸颊镀上一层暖意。,あなたたちは聖堂奥の小部屋へ入ると、メイソンが病床で眠るサラを世話していた。薄暗い暖炉の火が、彼女の頬に温もりを灯していた。
AvgDialog_71990_Content_13,apvX,avg星辰章1_AvgDialog_C_M.csv,754,AvgDialog,Content,,萨尔瓦多主祭站在窗旁，静静眺望着窗外的景色，仿佛一座沉默的雕像。,サルバドル司教は窓辺に立ち、まるで沈黙の彫像のように、外の景色を静かに眺めていた。
AvgDialog_71990_Content_14,apvY,avg星辰章1_AvgDialog_C_M.csv,755,AvgDialog,Content,,梦境中的莎拉发出痛楚的呓语，你们正要走近，梅森将手指抵在唇边轻轻地说了句「嘘」，然后拿起一块白布手帕擦拭。,サラが苦しげな寝言を漏らす。近づくあなたたちに、メイソンは唇に指を当てて「しっ」と言い、白い布で口元を拭った。
AvgDialog_71990_Content_15,apvZ,avg星辰章1_AvgDialog_C_M.csv,756,AvgDialog,Content,萨尔瓦多,请各位跟我来吧。,皆さん、どうぞか私についてきてください。
AvgDialog_71990_Content_16,apwa,avg星辰章1_AvgDialog_C_M.csv,757,AvgDialog,Content,萨尔瓦多,那位莎拉女士的病，比我想象中更为复杂。,あのサラさんの病は、私が思っていたよりずっと複雑です。
AvgDialog_71990_Content_17,apwb,avg星辰章1_AvgDialog_C_M.csv,758,AvgDialog,Content,玩家,找不出原因吗？,原因はわからないのですか？
AvgDialog_71990_Content_18,apwc,avg星辰章1_AvgDialog_C_M.csv,759,AvgDialog,Content,萨尔瓦多,"不，恰恰相反，我已经有些眉目。
只是……",いえ、むしろ逆です。すでに少し見当はついています。\nただ……
AvgDialog_71990_Content_19,apwd,avg星辰章1_AvgDialog_C_M.csv,760,AvgDialog,Content,萨尔瓦多,我相信你们对「唤醒体」形成的原理都很熟悉，所以我就不详细讲解了。,皆さんは「覚醒体」生まれる原理をよくご存じでしょうから、詳しい説明は省きます。
AvgDialog_71990_Content_20,apwf,avg星辰章1_AvgDialog_C_M.csv,761,AvgDialog,Content,萨尔瓦多,这位莎拉女士体内的高位意志能量，与维持她灵魂的高位意志处于激烈的冲突之中。,このサラさんの体内にある高位の意志のエネルギーが、彼女の魂を保つ高位の意志と激しく衝突しているのです。
AvgDialog_71990_Content_21,apwg,avg星辰章1_AvgDialog_C_M.csv,762,AvgDialog,Content,萨尔瓦多,如果剥离莎拉女士头部植入的银芯，她的意识会随之消亡；如果不凭依来自梦境的力量，她的身体会和其他人一样化作灰烬。,サラさんの頭部に移植されたシルバーコアを剥がせば、彼女の意識も消えてしまいます。しかし、夢の力に頼らなければ、体は他の人々と同じく灰と化すでしょう。
AvgDialog_71990_Content_22,apwh,avg星辰章1_AvgDialog_C_M.csv,763,AvgDialog,Content,萨尔瓦多,"不幸的是，我确实无法以父神的力量治愈她。
无论哪份高位意志最终胜出......莎拉女士的生命都很难维持。",残念ながら、私には父なる神の力でも彼女を癒やせません。どちらの意志が勝とうとも……サラさんの命を保つのは難しいでしょう。
AvgDialog_71990_Content_23,apwi,avg星辰章1_AvgDialog_C_M.csv,764,AvgDialog,Content,熔毁·朵尔NF,我听懂了，她必死无疑。,わかったわ。\n彼女は必ず死ぬのね。
AvgDialog_71990_Content_24,apwj,avg星辰章1_AvgDialog_C_M.csv,765,AvgDialog,Content,玩家,要么放弃生命，要么在痛苦中活下去……没有第三种选择吗？,命を諦めるか、苦しみの中で生きるか……\n第三の選択肢はないのですか？
AvgDialog_71990_Content_25,apwk,avg星辰章1_AvgDialog_C_M.csv,766,AvgDialog,Content,,萨尔瓦多摇头，略显凌乱的白发擦过主教袍，发出簌簌声响。,サルバドルは首を横に振る。\nわずかに乱れた白髪が死去の衣を擦り、さらさらと音を立てた。
AvgDialog_71990_Content_26,apwl,avg星辰章1_AvgDialog_C_M.csv,767,AvgDialog,Content,,熔毁·朵尔望向你，眼底透露出不合时宜的胜利笑意，仿佛在耀武扬威地说“你看，我说的对吧？”,溶融・ドールがあなたを見やる。場違いな勝ち誇った笑みを浮かべ、「わたしの言ったとおりでしょう？」と誇らしげだった。
AvgDialog_71990_Content_27,apwm,avg星辰章1_AvgDialog_C_M.csv,768,AvgDialog,Content,莎拉,咳、咳……,ゴホ、ゴホッ……
AvgDialog_71990_Content_28,apwn,avg星辰章1_AvgDialog_C_M.csv,769,AvgDialog,Content,,猛烈的咳嗽声自幽暗处传来，莎拉饱受苦痛折磨的脸上，银白色裂痕又狰狞了几分。,暗がりから激しい咳が響いてくる。苦痛に苛まれるサラの顔には、銀白色の亀裂がさらに何本か、おぞましく走っていた。
AvgDialog_71990_Content_29,apwo,avg星辰章1_AvgDialog_C_M.csv,770,AvgDialog,Content,莎拉,我听见了……是%player%……%heorshe%在这里吗？,聞こえたわ……%player%………\nそこにいるの……？
AvgDialog_71990_Content_30,apwq,avg星辰章1_AvgDialog_C_M.csv,771,AvgDialog,Content,玩家,她是……在叫我吗？,彼女は……私を呼んでいるの？
AvgDialog_71990_Content_31,apwr,avg星辰章1_AvgDialog_C_M.csv,772,AvgDialog,Content,熔毁·朵尔NF,还能是谁？我们这里还有别人叫%player%吗？,他に誰がいるの？ここに%player%なんて呼ばれる人が他にいるかしら？
AvgDialog_71990_Content_32,apws,avg星辰章1_AvgDialog_C_M.csv,773,AvgDialog,Content,,"你凑近莎拉的床前，梅森将莎拉扶坐起。
莎拉大口大口喘着粗气，许久才勉强稳住身体，抬头向你露出一个勉强的微笑。",あなたがサラの床のそばによると、メイソンがサラを抱き起こした。サラは荒い息を繰り返し、ようやく体を立て直して無理に微笑んだ。
AvgDialog_71990_Content_33,apwt,avg星辰章1_AvgDialog_C_M.csv,774,AvgDialog,Content,莎拉,这位好心人……能拜托你一件事情吗？,親切な方……\n一つ、お願いを聞いてもらえませんか？
AvgDialog_71990_Content_34,apwu,avg星辰章1_AvgDialog_C_M.csv,775,AvgDialog,Content,玩家,您请说。,話して。
AvgDialog_71990_Content_35,apwv,avg星辰章1_AvgDialog_C_M.csv,776,AvgDialog,Content,莎拉,我能听出来，你是一个见多识广的人。,あなたは、いろんなことを知っている方のようですね。
AvgDialog_71990_Content_36,apww,avg星辰章1_AvgDialog_C_M.csv,777,AvgDialog,Content,莎拉,既然如此，能请你将这些首饰想办法交给罗杰斯先生，用来充抵小艾继丝独立前的生活费用吗？,どうか、この装身具をロジャーズさんに渡してもらえませんか？\nアイギスが独り立ちするまでの生活費に充ててほしいんです。
AvgDialog_71990_Content_37,apwx,avg星辰章1_AvgDialog_C_M.csv,778,AvgDialog,Content,莎拉,我知道，我自己多半是见不到她长大的一天了……罗杰斯先生慷慨大方，或许也不缺这一星半点。,わかっています。私はあの子の成長を見られない……ロジャーズさんは気前のいい方ですし、これしきで困りはしないはずです。
AvgDialog_71990_Content_38,apwy,avg星辰章1_AvgDialog_C_M.csv,779,AvgDialog,Content,莎拉,但有了这些首饰，她至少不算是完全的寄人篱下……那孩子从小被她的母亲抛弃，我想让她知道，莎拉姐姐没有抛弃她……,でもこれがあれば、あの子は完全な居候ではなくなる。母に捨てられたあの子に、サラ姉さんは見捨てないと伝えたいんです……
AvgDialog_71990_Content_39,apwz,avg星辰章1_AvgDialog_C_M.csv,780,AvgDialog,Content,莎拉,然后，再告诉她，等她长大了，每年记得给提尤格和小威利的坟墓前送一束花……那些孩子还那么小，一定会很怕寂寞的。,大きくなったら毎年、テューグとウィリーのお墓に花を供えてって。あの子たちはまだ小さいから、きっと寂しがるはずだから。
AvgDialog_71990_Content_40,apwB,avg星辰章1_AvgDialog_C_M.csv,781,AvgDialog,Content,玩家,那你呢，莎拉？,君はどうするの、サラ？
AvgDialog_71990_Content_41,apwC,avg星辰章1_AvgDialog_C_M.csv,782,AvgDialog,Content,莎拉,"放心吧，我不会轻易放弃的。在那天到来之前，我都会挣扎着活下去。
哪怕还有一线希望……我还想再见那些孩子一面。",安心してください。簡単にはあきらめません。\nその日が来るまで、もがいてでも生き続けます。\nわずかでも望みがあるなら……あの子たちにもう一度会いたいの。
AvgDialog_71990_Content_42,apwD,avg星辰章1_AvgDialog_C_M.csv,783,AvgDialog,Content,,"在荒无人烟的伦敦街头，你长长出了一口气。
即使遍布烟尘的道路，也不及盘旋在莎拉身边的空气阴沉。",人気のないロンドンの街並みで、あなたは長い息を吐いた。\n煤にまみれた道でさえ、サラを取り巻く空気の重さには及ばない。
AvgDialog_71990_Content_43,apwE,avg星辰章1_AvgDialog_C_M.csv,784,AvgDialog,Content,,熔毁·朵尔走在你的身侧，保持着和你相距半步的距离。,溶壊・ドールは半歩離れた距離を保って、あなたの傍らを歩いている。
AvgDialog_71990_Content_44,apwF,avg星辰章1_AvgDialog_C_M.csv,785,AvgDialog,Content,玩家,朵尔。今天的我，可以回答你的问题了。,ドール。今なら君の問いに答えられる。
AvgDialog_71990_Content_45,apwG,avg星辰章1_AvgDialog_C_M.csv,786,AvgDialog,Content,熔毁·朵尔NF,让我听听你的诡辩吧。,ああなたの詭弁を聞かせてもらおうかしら。
AvgDialog_71990_Content_46,apwH,avg星辰章1_AvgDialog_C_M.csv,787,AvgDialog,Content,玩家,你知道吗？在你的眼中，莎拉已经是将死之人了。她对这个世界的留恋本应毫无意义。,知ってる？君の目には、サラはもう死にゆく者でしかない。\nこの世への未練なんて、本来なら無意味なはずだ。
AvgDialog_71990_Content_47,apwI,avg星辰章1_AvgDialog_C_M.csv,788,AvgDialog,Content,玩家,但是事实并非如此。她仍旧惦记着那些被带走的孩子。,でも事実は違うよ。\n彼女は連れ去られた子供たちを、今も気にかけている。
AvgDialog_71990_Content_48,apwJ,avg星辰章1_AvgDialog_C_M.csv,789,AvgDialog,Content,玩家,这就是平凡的人类，和平凡的人类的牵挂。,これが平凡な人間で、平凡な人間の情というものだ。
AvgDialog_71990_Content_49,apwK,avg星辰章1_AvgDialog_C_M.csv,790,AvgDialog,Content,玩家,你所催化的终结和死亡，不过是剥夺他们最后一丝希望罢了。,君が促す終焉と死は、彼らの最後の望みを奪い去るだけにすぎない。
AvgDialog_71990_Content_50,apwM,avg星辰章1_AvgDialog_C_M.csv,791,AvgDialog,Content,熔毁·朵尔NF,但希望只是飘渺的幻象，当下的苦痛才是真实的。,でも望みなんて儚い幻影よ。\n今の苦しみこそが本物。
AvgDialog_71990_Content_51,apwN,avg星辰章1_AvgDialog_C_M.csv,792,AvgDialog,Content,玩家,哪怕是在幻象中活下去，很多人还是愿意为了希望忍受眼下的痛苦。,たとえ幻の中で生きるのだとしても、多くの人は、望みのために目の前の苦しみに耐える。
AvgDialog_71990_Content_52,apwO,avg星辰章1_AvgDialog_C_M.csv,793,AvgDialog,Content,玩家,这便是人类的韧性。,これが人間の強さだよ。
AvgDialog_71990_Content_53,apwP,avg星辰章1_AvgDialog_C_M.csv,794,AvgDialog,Content,玩家,你说你不明白萨尔瓦多行动的宗旨，我却能够理解。,君はサルバドルの行動の意図がわからない言った。\nでも私には理解できる。
AvgDialog_71990_Content_54,apwQ,avg星辰章1_AvgDialog_C_M.csv,795,AvgDialog,Content,玩家,萨尔瓦多的所作所为仅仅遵循一条原则，那就是平等地让每个人「活下去」。,サルバドルのやることはただ一つの原則に従っている。\nそれは、誰もが平等に「生き抜く」こと。
AvgDialog_71990_Content_55,apwR,avg星辰章1_AvgDialog_C_M.csv,796,AvgDialog,Content,玩家,在他的眼中，生命并非权衡，也不是数字，他眼里看见的是一个又一个的渴求生存的人。,彼の目に、命は天秤にかけるものでも数字でもない。\n生きたいと願うそれぞれの人間が見えているんだ。
AvgDialog_71990_Content_56,apwS,avg星辰章1_AvgDialog_C_M.csv,797,AvgDialog,Content,玩家,只要「活下去」，就有未来，就有可能性。,「生き抜く」限り、未来があり、可能性があるんだ。
AvgDialog_71990_Content_57,apwT,avg星辰章1_AvgDialog_C_M.csv,798,AvgDialog,Content,熔毁·朵尔NF,「可能性」吗？……,「可能性」ですって……？
AvgDialog_71990_Content_58,apwU,avg星辰章1_AvgDialog_C_M.csv,799,AvgDialog,Content,,熔毁·朵尔沉思片刻，随后仿佛想起什么似的，发出一声冷哼。,溶壊・ドールはしばらく考え込み、やがて何かを思い出したのように、冷たく鼻を鳴らした。
AvgDialog_71990_Content_59,apwV,avg星辰章1_AvgDialog_C_M.csv,800,AvgDialog,Content,熔毁·朵尔NF,哼，既然如此，跟我走吧。,ふん。そういうことなら、ついてきなさい。
AvgDialog_71990_Content_60,apwX,avg星辰章1_AvgDialog_C_M.csv,801,AvgDialog,Content,玩家,去哪儿？,どこへ？
AvgDialog_71990_Content_61,apwY,avg星辰章1_AvgDialog_C_M.csv,802,AvgDialog,Content,熔毁·朵尔NF,去亲眼目睹……去确认一个答案。,この目で見届けに……ある答えを確かめに行くの。
AvgDialog_71990_Content_62,apwZ,avg星辰章1_AvgDialog_C_M.csv,803,AvgDialog,Content,熔毁·朵尔,记得叫上那只小老鼠一起，我们有让她派上用场的时候。,あの小さなネズミも連れてくるの忘れずに。\n役に立たせる時が来たわ。
AvgDialog_71996_Content_1,apAM,avg星辰章1_AvgDialog_C_M.csv,805,AvgDialog,Content,,B-68,B-68
AvgDialog_71996_Content_2,apAU,avg星辰章1_AvgDialog_C_M.csv,806,AvgDialog,Content,詹金新,喂，西区佬，一大早的把我从美梦中拖出来，你们这是要把我带到哪儿去？,おい、西区のやつめ、朝っぱらからあたしをどこへ連れてく気だ？\nいい夢見てたのによ～。
AvgDialog_71996_Content_3,apAV,avg星辰章1_AvgDialog_C_M.csv,807,AvgDialog,Content,詹金新,我可睡得正香呢，梦见自己变成了一只小老鼠，走在独木桥上，周围都是油脂甜甜的香气，很快鼻尖就要碰到最美味的芝士了——,気持ちよく寝てたんだぞ。ネズミになって一本橋を渡る夢でな。\n甘い脂の匂いがして、一番うまいチーズに鼻が届くってとこで——
AvgDialog_71996_Content_4,apAW,avg星辰章1_AvgDialog_C_M.csv,808,AvgDialog,Content,詹金新,哐啷一声，被你这家伙用枕头砸醒了。,ガシャンッってな、お前に枕でぶん殴られて目が覚めたんだ。
AvgDialog_71996_Content_5,apAX,avg星辰章1_AvgDialog_C_M.csv,809,AvgDialog,Content,熔毁·朵尔NF,幸亏把你叫醒了。你梦到的那个是最常见的高效捕鼠陷阱之一。,起こして正解だったわね。\nあなたが見てたのは、よくあるネズミ捕りの罠の一つよ。
AvgDialog_71996_Content_6,apAY,avg星辰章1_AvgDialog_C_M.csv,810,AvgDialog,Content,熔毁·朵尔NF,独木桥的下方是高度超过一米的水箱，你闻到的香气是涂抹在透明的容器和脚下的独木桥上的。,一本橋の下は深さ1メートル超の水槽。\n匂いは容器と橋に塗ってあるの。
AvgDialog_71996_Content_7,apAZ,avg星辰章1_AvgDialog_C_M.csv,811,AvgDialog,Content,熔毁·朵尔NF,只要你一踩上，就会脚底打滑坠入万劫不复的深渊。,一歩進めば足を滑らせて、二度と戻れぬ奈落に落ちるってわけ。
AvgDialog_71996_Content_8,apBa,avg星辰章1_AvgDialog_C_M.csv,812,AvgDialog,Content,熔毁·朵尔NF,要想做只自由自在的老鼠，你还得再聪明点。,自由きままなネズミでいたいなら、もっと賢くならないとね。
AvgDialog_71996_Content_9,apBb,avg星辰章1_AvgDialog_C_M.csv,813,AvgDialog,Content,玩家,朵尔，我们此行的目的地是……？,ドール、今回の目的地は……？
AvgDialog_71996_Content_10,apAN,avg星辰章1_AvgDialog_C_M.csv,814,AvgDialog,Content,熔毁·朵尔NF,毫无疑问，是我的实验室。,言うまでもないでしょ。\nわたしの実験室よ。
AvgDialog_71996_Content_11,apAO,avg星辰章1_AvgDialog_C_M.csv,815,AvgDialog,Content,熔毁·朵尔NF,还记得吗？我曾经告诉你，我们可以走「捷径」。,覚えてる？\n前に言ったでしょう、わたしたちには「近道」があるって。
AvgDialog_71996_Content_12,apAP,avg星辰章1_AvgDialog_C_M.csv,816,AvgDialog,Content,熔毁·朵尔NF,那条捷径，便是「窃取」。,その近道っていうのが、「泥棒」なの。
AvgDialog_71996_Content_13,apAQ,avg星辰章1_AvgDialog_C_M.csv,817,AvgDialog,Content,玩家,窃取？,泥棒？
AvgDialog_71996_Content_14,apAR,avg星辰章1_AvgDialog_C_M.csv,818,AvgDialog,Content,熔毁·朵尔NF,"窃取。
窃取「我」的研究成果。",そう、泥棒。\n「わたし」の研究成果を盗むのよ。
AvgDialog_71996_Content_15,apAS,avg星辰章1_AvgDialog_C_M.csv,819,AvgDialog,Content,熔毁·朵尔NF,我不知道你引发的那场爆炸究竟是什么规模，但我有慎重储存关键研究成果的习惯。,あなたが引き起こしたあの爆発がどれほどの規模だったかは知らないけれど、わたしには大事な研究成果を慎重に保管する習慣があるの。
AvgDialog_71996_Content_16,apAT,avg星辰章1_AvgDialog_C_M.csv,820,AvgDialog,Content,熔毁·朵尔NF,只要这只小老鼠钻墙翻找的能力达到攻无不克的境地，就能从废墟中挖掘出记录，从而大幅缩短我的后续研究周期。,ネズミの壁抜けと探索の腕が確かなら、瓦礫から記録を掘り出せる。そうすれば、わたしの研究の続きもすぐに始められるわ。
AvgDialog_71996_Content_17,bLRM,avg星辰章1_AvgDialog_C_M.csv,821,AvgDialog,Content,熔毁·朵尔NF,好了，少废话，扫清前往实验室废墟的障碍吧。,さあ、無駄口はやめて、実験室の廃墟までの障害を片づけるわよ。
AvgDialog_72010_Content_1,apJK,avg星辰章1_AvgDialog_C_M.csv,823,AvgDialog,Content,詹金新,喂，西区佬，我是不是眼花了？,おい、西区のやつ、あたしの目がおかしくなったのか？
AvgDialog_72010_Content_2,apJV,avg星辰章1_AvgDialog_C_M.csv,824,AvgDialog,Content,玩家,不……没有。,いや……そんなことはない。
AvgDialog_72010_Content_3,apKa,avg星辰章1_AvgDialog_C_M.csv,825,AvgDialog,Content,,曾经坍塌为石堆的实验室保持着原本的形态出现在街道的转角，你反复揉了揉眼睛，确认这并非自身的幻觉。,瓦礫の山と化したはずの実験室が、元の姿のまま街角に現れていた。\nあなたは何度も目をこすり、それが幻覚でないことを確かめる。
AvgDialog_72010_Content_4,apKb,avg星辰章1_AvgDialog_C_M.csv,826,AvgDialog,Content,熔毁·朵尔NF,我有一个猜想。小老鼠，你留在外面。,一つ予想があるわ。\n子ネズミ、あなたは外で待ってなさい。
AvgDialog_72010_Content_5,apKc,avg星辰章1_AvgDialog_C_M.csv,827,AvgDialog,Content,詹金新,用得着我的时候就把我从床上拽起来，用不着我了就撵我走，哪有这种好事！,用があるときはベッドから引きずり出して、用がなくなったら追い払うのかよ。そんな勝手があるか！
AvgDialog_72010_Content_6,apKd,avg星辰章1_AvgDialog_C_M.csv,828,AvgDialog,Content,玩家,詹金，乖。你还要好好照顾梅森姐姐呢，我们过一会儿就出来。,ジェンキン、いい子だから。メイソン姉さんの面倒もちゃんと見てあげて。私たちもすぐに出てくるから。
AvgDialog_72010_Content_7,apKe,avg星辰章1_AvgDialog_C_M.csv,829,AvgDialog,Content,熔毁·朵尔NF,"可没有说得那么简单。
总之，我们小心点潜入进去吧。",そう簡単な話じゃないの。\nとにかく、慎重に忍び込むわよ。
AvgDialog_72010_Content_8,apKf,avg星辰章1_AvgDialog_C_M.csv,830,AvgDialog,Content,,距离你在这座实验室苏醒已过半月，但眼前的景象竟与你苏醒时别无二致。,あなたがこの実験室で目覚めてから半月が過ぎた。\nだが目の前の光景は、目覚めたときまるで変わっていない。
AvgDialog_72010_Content_9,apKg,avg星辰章1_AvgDialog_C_M.csv,831,AvgDialog,Content,熔毁·朵尔NF,能够将彻底损毁的建筑完全还原，说明搭建者有两项关键能力。,完全に壊れた建物をそっくり元に戻せるなら、造った者には二つの重要な能力があるということになるわ。
AvgDialog_72010_Content_10,apJL,avg星辰章1_AvgDialog_C_M.csv,832,AvgDialog,Content,熔毁·朵尔NF,第一，能够在短时间内完成建筑的设计和建造，搭建者工程能力可见一斑。,第一に、短時間で建物の設計と建造をやってのけた。\n造った者の高額の腕前がうかがえるわ。
AvgDialog_72010_Content_11,apJM,avg星辰章1_AvgDialog_C_M.csv,833,AvgDialog,Content,熔毁·朵尔NF,第二，搭建者必然熟知整体实验室的结构和设计细节，曾经长居于实验室内……,第二に、設計者は実験室全体の構造の詳細を熟知している。\nかつてこの中に長く住んでいた者……
AvgDialog_72010_Content_12,apJN,avg星辰章1_AvgDialog_C_M.csv,834,AvgDialog,Content,熔毁·朵尔NF,如此推断，这个人应当是——,以上のことから推測するに、その人物はきっと——
AvgDialog_72010_Content_13,apJO,avg星辰章1_AvgDialog_C_M.csv,835,AvgDialog,Content,温柯尔,咦、咦，%player%，你怎么回来了，快，趁她还没发现……,あ、あれ、%player%、どうして戻ってきたの。\n早く、彼女に気づかれないうちに……
AvgDialog_72010_Content_14,apJP,avg星辰章1_AvgDialog_C_M.csv,836,AvgDialog,Content,,从转角而来的温柯尔手中摆弄着算力仪器，面露惊愕之色地向你打招呼。,曲がり角から現れたウインクルは、手の中で演算の端末をいじりながら、驚きの色を浮かべてあなたに声をかけた。
AvgDialog_72010_Content_15,apJQ,avg星辰章1_AvgDialog_C_M.csv,837,AvgDialog,Content,,随后她的目光落在了你身后的阴影中。,その視線がふと、あなたの背後の影に落ちる。
AvgDialog_72010_Content_16,apJR,avg星辰章1_AvgDialog_C_M.csv,838,AvgDialog,Content,,她的瞳孔急剧收缩，神色转为惊恐，手中的仪器哐当掉落在地，金属零件四散飞溅，发出致人耳鸣的余响。,瞳孔が急に縮み、表情が恐怖へと変わる。\n手の機器が床に落ち、部品が飛び散って耳鳴りのする残響を立てた。
AvgDialog_72010_Content_17,apJS,avg星辰章1_AvgDialog_C_M.csv,839,AvgDialog,Content,温柯尔,对不起对不起对不起对不起！！朵尔，我不知道你在，我没有想……对不起对不起对不起！,ごめんなさいごめんなさい！！ドール、あなたがそこにいるなんて知らなくて、そんなつもりじゃ……ごめんなさいごめんなさい！
AvgDialog_72010_Content_18,apJT,avg星辰章1_AvgDialog_C_M.csv,840,AvgDialog,Content,熔毁·朵尔NF,还有一件必须提醒你的事情——,それと、もう一つ言っておくことがあるわ——
AvgDialog_72010_Content_19,apJU,avg星辰章1_AvgDialog_C_M.csv,841,AvgDialog,Content,熔毁·朵尔NF,这名搭建者掌握着我的实验室中为数巨大的全部毁灭性装置。,この設計者は、わたしの実験室にある膨大な破壊装置をすべて掌握している。
AvgDialog_72010_Content_20,apJW,avg星辰章1_AvgDialog_C_M.csv,842,AvgDialog,Content,熔毁·朵尔NF,并且拥有和我对等的权限——,しかも、わたしと対等な権限を持っている——
AvgDialog_72010_Content_21,apJX,avg星辰章1_AvgDialog_C_M.csv,843,AvgDialog,Content,熔毁·朵尔NF,你说对吧？,そうでしょう？
AvgDialog_72010_Content_22,apJY,avg星辰章1_AvgDialog_C_M.csv,844,AvgDialog,Content,,"走廊的尽头，缓缓步出一个一模一样的身影。
两人隔着整个实验室对望着，仿佛望向巨大玻璃镜面里的自己的倒影。",廊下の奥から、瓜二つの人影がゆっくりと歩み出た。\n二人は実験室ごしに向かい合う。巨大な鏡に映されたかのようだ。
AvgDialog_72010_Content_23,apJZ,avg星辰章1_AvgDialog_C_M.csv,845,AvgDialog,Content,熔毁·朵尔NF,「另一个」熔毁·朵尔。,「もう一人の」溶壊・ドール。
AvgDialog_71999_Content_1,apBD,avg星辰章1_AvgDialog_C_M.csv,847,AvgDialog,Content,,未选择的路,選ばなかった道
AvgDialog_71999_Content_2,apBO,avg星辰章1_AvgDialog_C_M.csv,848,AvgDialog,Content,熔毁·朵尔NF,「我」的义体的重启模式是，一旦任何一枚义体与中央大脑失去联系超过24小时，就会自动启动下一具备用义体。,「わたし」の義体には再起動の仕組みがあるの。\nどれか一つが中央の脳と24時間以上連絡を絶つと予備が起動する。
AvgDialog_71999_Content_3,apBZ,avg星辰章1_AvgDialog_C_M.csv,849,AvgDialog,Content,熔毁·朵尔NF,"因此，在实验室事故后，我陷入昏迷，新的义体B-68已经启动。
而这具损失了部分记忆的躯体，是一枚本应投入垃圾站的废弃品。",だから事故後、わたしが昏睡すると新たな義体B-68が起動した。\n記憶の一部を失ったこの躰は、本来なら廃棄場行きの不良品なのよ。
AvgDialog_71999_Content_4,apCk,avg星辰章1_AvgDialog_C_M.csv,850,AvgDialog,Content,熔毁·朵尔NF,换句话说，我们面前的「熔毁·朵尔」才是更完整的「我」。,言い換えれば、目の前にいる「溶壊・ドール」こそ、より完全な「わたし」というわけ。
AvgDialog_71999_Content_5,apCp,avg星辰章1_AvgDialog_C_M.csv,851,AvgDialog,Content,B-68,你很聪明，不愧是「我」，B-67号。,賢いわね。\nさすがは「わたし」ね、B-67号。
AvgDialog_71999_Content_6,apCq,avg星辰章1_AvgDialog_C_M.csv,852,AvgDialog,Content,B-68,已经报废的赝品带着这只逃跑的小狗一同回到这具实验室，总不会是来找我叙旧的吧？,廃棄済みの贋作が、逃げ出した子犬を連れてこの実験室に戻ってくるなんて。まさか旧交を温めに来たわけじゃないでしょう？
AvgDialog_71999_Content_7,apCr,avg星辰章1_AvgDialog_C_M.csv,853,AvgDialog,Content,熔毁·朵尔NF,如果我说我的编号在你之前，所以这座实验室应该归我所有，你肯定不会承认。,わたしの番号があなたより前だから、この実験室はわたしのもの——そう言っても、あなたは認めないのでしょうね。
AvgDialog_71999_Content_8,apCs,avg星辰章1_AvgDialog_C_M.csv,854,AvgDialog,Content,熔毁·朵尔NF,但我们之间未必不能达成和谈。,でも、わたしたちの間で和解できないとは限らない。
AvgDialog_71999_Content_9,apCt,avg星辰章1_AvgDialog_C_M.csv,855,AvgDialog,Content,B-68,那么，你要来加入我吗？,それじゃあ、「あなた」は「わたし」に加わる気があるの？
AvgDialog_71999_Content_10,apBE,avg星辰章1_AvgDialog_C_M.csv,856,AvgDialog,Content,熔毁·朵尔NF,取决于你这段时间在做些什么了。,あなたが今まで、何をしてきたかによるわ。
AvgDialog_71999_Content_11,apBF,avg星辰章1_AvgDialog_C_M.csv,857,AvgDialog,Content,B-68,在做些什么？当然是继续你的伟业，我们的伟业，催化终结的伟业！,何をしてきたか？もちろんあなたの偉業の続きよ。\nわたしたちの偉業、終焉を促進する偉業！
AvgDialog_71999_Content_12,apBG,avg星辰章1_AvgDialog_C_M.csv,858,AvgDialog,Content,B-68,"来吧，亲爱的，与我分享喜悦吧！
在你离开期间，我已经为整整六个维度的卡达斯送去了终焉！",来なさい、愛しいわたし、わたしと喜びを分かち合いましょう！\nあなたが留守の間に、六つもの次元のカダスに終焉を届けたわ！
AvgDialog_71999_Content_13,apBH,avg星辰章1_AvgDialog_C_M.csv,859,AvgDialog,Content,,你和身边的朵尔对望一眼。,あなたは傍らのドールと視線を交わした。
AvgDialog_71999_Content_14,apBI,avg星辰章1_AvgDialog_C_M.csv,860,AvgDialog,Content,熔毁·朵尔NF,看来我们是做不了朋友了。,どうやら、わたしたちは友だちにはなれないようだわ。
AvgDialog_71999_Content_15,apBJ,avg星辰章1_AvgDialog_C_M.csv,861,AvgDialog,Content,B-68,遗憾，遗憾啊！连我自己都无法再理解自我的愿望！,残念、残念だわ！\nこのわたしでさえ、もう自分の願いが理解できないというのに！
AvgDialog_71999_Content_16,apBK,avg星辰章1_AvgDialog_C_M.csv,862,AvgDialog,Content,,刚才仍在歌剧舞台忘情演出的她猝然停步，灼热的目光似要刺穿你和身侧的熔毁·朵尔。,先ほどまで歌劇の舞台で夢中に演じていた彼女がふいに足を止め、灼けつくような視線であなたと傍らの溶壊・ドールを射抜こうとする。
AvgDialog_71999_Content_17,apBL,avg星辰章1_AvgDialog_C_M.csv,863,AvgDialog,Content,B-68,想必，你已经忘记石板上的一切了吧？,きっと、あなたは石板のすべてを忘れてしまったのでしょう？
AvgDialog_71999_Content_18,apBM,avg星辰章1_AvgDialog_C_M.csv,864,AvgDialog,Content,,你们的无言正是对狂妄之人提问的作答。,あなたたちの沈黙こそ、その問いへの答えだった。
AvgDialog_71999_Content_19,apBN,avg星辰章1_AvgDialog_C_M.csv,865,AvgDialog,Content,B-68,果然，果然！那便正好，就当作是一次预演，为终将揭幕的熔毁末路！,やっぱり、やっぱりね！\n好都合だわ。いずれ幕を開ける溶壊の終末への予行演習とするわ！
AvgDialog_71999_Content_20,apBP,avg星辰章1_AvgDialog_C_M.csv,866,AvgDialog,Content,B-68,你知道吗？我的内心燃烧着一种渴望。,知っているかしら？\nわたしの胸の内には、ある渇望が燃え盛っているの。
AvgDialog_71999_Content_21,apBQ,avg星辰章1_AvgDialog_C_M.csv,867,AvgDialog,Content,B-68,我渴望将石板传授于我的一切告知世人，我渴望让他们知晓自己所求所追逐的荒诞。,石板がわたしに授けたすべてを世に告げたいの。n彼らの追い求めるものが、いかに荒唐無稽かを知らしめたいの。
AvgDialog_71999_Content_22,apBR,avg星辰章1_AvgDialog_C_M.csv,868,AvgDialog,Content,B-68,无人知晓自己因何得到一切，也无人关注世界注定的命运。,誰もが、自分がなぜすべてを手にしたのかを知らず、世界に定められた運命を気に留める者もいない。に目も向けない。
AvgDialog_71999_Content_23,apBS,avg星辰章1_AvgDialog_C_M.csv,869,AvgDialog,Content,B-68,世界的毁灭近在咫尺，每个人的生命都可能在明天终结，他们的存在将被漆黑吞噬，而庸碌之人居然视而不见听而不闻！,世界の滅びは目前、誰の命も明日には尽きて、漆黒に呑まれそうだというのに、凡庸な者どもは見ようとも聞こうともしない！
AvgDialog_71999_Content_24,apBT,avg星辰章1_AvgDialog_C_M.csv,870,AvgDialog,Content,B-68,而我看见了！我看见了！,でも、わたしは見たわ！\nわたしは見た！
AvgDialog_71999_Content_25,apBU,avg星辰章1_AvgDialog_C_M.csv,871,AvgDialog,Content,,她的神色愈发癫狂，粗壮的螯足砸在地面上，击穿木制地板的瘆人踩踏声令人毛骨悚然。,彼女の表情はますます狂気を帯び、太く逞しい鋏の脚が地面を打つ。木の床を貫くその足音は、身の毛もよだつほどおぞましかった。
AvgDialog_71999_Content_26,apBV,avg星辰章1_AvgDialog_C_M.csv,872,AvgDialog,Content,B-68,所以，以死亡的形式，我将同等的荒诞赐予麻木的庸人，赐予他们醒觉的特权。,だからわたしは、死という形で、同じような荒唐無稽を無自覚な凡人どもに授けるの。目覚めるという特権を授けるのよ。
AvgDialog_71999_Content_27,apBW,avg星辰章1_AvgDialog_C_M.csv,873,AvgDialog,Content,B-68,我授予他们足以抵抗火焰和电力的装甲，然后用尖锐锋利的螯足将他们胸膛刺穿；,わたしは火焔や電撃にも耐える装甲を彼らに与えて、それから鋭く尖った鋏の脚で胸を貫いてやったわ。
AvgDialog_71999_Content_28,apBX,avg星辰章1_AvgDialog_C_M.csv,874,AvgDialog,Content,B-68,我将数以千计的地震采矿机随意赠予路人，贪婪之人争夺开采领域，共振诱发的地震竟比我亲手引爆的更多。,何千もの地震を起こす採掘機をばらまいてあげた。欲深い連中は採掘区域を奪い合い、誘発した地震はわたしが起こした数を上回ったわ。
AvgDialog_71999_Content_29,apBY,avg星辰章1_AvgDialog_C_M.csv,875,AvgDialog,Content,B-68,我将你们这些吠叫的家伙装入大脑收容筒，让你们只能枯坐着目睹噩梦的降临。,あなたたちのように吠え立てる連中は、脳缶に詰め込んで、ただただ何もできずに悪夢の到来するのを見届けさせてあげる。
AvgDialog_71999_Content_30,apCa,avg星辰章1_AvgDialog_C_M.csv,876,AvgDialog,Content,熔毁·朵尔NF,这便是「我」的选择吗？,これが「わたし」の選択？
AvgDialog_71999_Content_31,apCb,avg星辰章1_AvgDialog_C_M.csv,877,AvgDialog,Content,熔毁·朵尔NF,真是孱弱啊。本以为链接本源的存在能够通晓更多智慧，没想到科学的陷阱竟将你引向了荒诞的末路。,なんて脆弱。本源に繋がる存在なら、もっと多くを悟れるはず。\n科学の罠が、あなたを荒唐無稽な末路に導くなんて。
AvgDialog_71999_Content_32,apCc,avg星辰章1_AvgDialog_C_M.csv,878,AvgDialog,Content,熔毁·朵尔NF,你知道生物装甲的价值吗？无论是火焰还是电力都无法击穿，穿着它足够我们迈入岩浆层探索地底的奥秘。,生体装甲の価値が分かる？火炎にも電撃にも貫かれない。\nこれを身にまとえば、マグマ層に潜って地底の謎を探るには十分よ。
AvgDialog_71999_Content_33,apCd,avg星辰章1_AvgDialog_C_M.csv,879,AvgDialog,Content,熔毁·朵尔NF,地震采矿机……可以深入地层，并通过高速震荡挖掘和分离银芯。,あなたのばらまいた採掘機は……本来なら地層深くまで潜って、高速の振動でシルバーコアを掘り出して分離できる。
AvgDialog_71999_Content_34,apCe,avg星辰章1_AvgDialog_C_M.csv,880,AvgDialog,Content,熔毁·朵尔NF,至于大脑收容筒……那是用来保存一些无价的大脑与其中容纳的知识和思考的，并非任性妄为随意收容渣滓的产物。,その脳缶は……貴重な脳と、その中の知識や思考を保存するもの。\n気まぐれにくだらないゴミを詰め込む道具じゃないわ。
AvgDialog_71999_Content_35,apCf,avg星辰章1_AvgDialog_C_M.csv,881,AvgDialog,Content,熔毁·朵尔NF,将他们仅作乐趣之用，简直和那个叫N的家伙一样，无知且暴殄天物。,それらをただ娯楽に使うなんて、Nとかいう輩と同じね。\n無知で、宝の持ち腐れも甚だしい。
AvgDialog_71999_Content_36,apCg,avg星辰章1_AvgDialog_C_M.csv,882,AvgDialog,Content,熔毁·朵尔NF,你陷在另一种疯狂里太久了，另一个「我」。,あなたは、別の狂気に浸り過ぎたのよ、nもう一人の「わたし」。
AvgDialog_71999_Content_37,apCh,avg星辰章1_AvgDialog_C_M.csv,883,AvgDialog,Content,熔毁·朵尔NF,人类本就在求索中开辟通往未来的道路，你却武断地斩断了所有可能性和希望。,人類は本来、探求の中で未来への道を切り拓くもの。\nなのにあなたは独断で、あらゆる可能性と希望を断ち切った。
AvgDialog_71999_Content_38,apCi,avg星辰章1_AvgDialog_C_M.csv,884,AvgDialog,Content,B-68,不存在可能性，也不存在希望！,可能など存在しないわ、希望も存在しないの！
AvgDialog_71999_Content_39,apCj,avg星辰章1_AvgDialog_C_M.csv,885,AvgDialog,Content,B-68,所有答案都被永恒的黑色淹没，所有相似或不同的维度只会走向唯一的结局！,すべての答えは永遠の黒に呑まれ、似た次元も異なる次元も、ただ一つの結末へ向かうのみよ！
AvgDialog_71999_Content_40,apCl,avg星辰章1_AvgDialog_C_M.csv,886,AvgDialog,Content,B-68,%player%。希望只会是让人更加痛苦的毒药。只有在彻底、迅速的毁灭中，所有人才能获得真正的解脱。,%player%。希望なんて人々を苦しめる毒でしかないわ。徹底した、迅速な滅びの中でこそ、すべての者が真の解脱を得られるの。
AvgDialog_71999_Content_41,apCm,avg星辰章1_AvgDialog_C_M.csv,887,AvgDialog,Content,,闪着寒光的螯足高高举起，下一秒就要刺穿你的头颅。,冷たい光を放つ鋏の脚が高々と振り上げられ、次の瞬間にはあなたの頭を貫こうとしていた。
AvgDialog_71999_Content_42,apCn,avg星辰章1_AvgDialog_C_M.csv,888,AvgDialog,Content,B-68,既然你不愿意放弃那粗陋的希望……,どうしても、その粗末な希望を捨てる気がないのなら……
AvgDialog_71999_Content_43,apCo,avg星辰章1_AvgDialog_C_M.csv,889,AvgDialog,Content,B-68,那就准备迎接我赐予你们的完美高效的死亡吧！,わたしが授けましょう。\n完璧かつ効率的な死を受け入れなさい！
AvgDialog_71995_Content_1,apAJ,avg星辰章1_AvgDialog_C_M.csv,891,AvgDialog,Content,,混沌的空间伴随扭曲的轮廓，霎时间吞噬了整座实验室。,混沌とした空間が歪んだ輪郭を伴って現れ、瞬く間に実験室全体を呑み込んだ。
AvgDialog_71995_Content_2,apAK,avg星辰章1_AvgDialog_C_M.csv,892,AvgDialog,Content,,失控的光影在你们面前展开，被黑色淹没而不可辨识的兽群将你们二人包围。,制御を失った光と影が目の前に広がり、黒に塗り潰されて姿を見分けられない獣の群れが、二人を取り囲む。
AvgDialog_71995_Content_3,apAL,avg星辰章1_AvgDialog_C_M.csv,893,AvgDialog,Content,B-68,欢迎来到我的实验田，我的屠宰场。,ようこそ。わたしの実験農場へ。\n……ようこそ、わたしの屠殺場へ。
AvgDialog_71995_Content_4,bLRL,avg星辰章1_AvgDialog_C_M.csv,894,AvgDialog,Content,B-68,上吧，亲爱的孩子们。给这些不知好歹的家伙们一个教训。,行きなさい。愛しい我が子たち。\nこの身のほど知らずどもに、思い知らせなさい。
AvgDialog_71994_Content_1,apAE,avg星辰章1_AvgDialog_C_M.csv,896,AvgDialog,Content,,意识空间彻底溃散了，幻象的烟尘簌簌而落，浮现在你们面前的仍是最初的实验室。,意識の空間は完全に崩れ去り、幻影の残塵がはらはらと舞い落ちる。\n眼前に現れたのは、やはり最初の実験室だった。
AvgDialog_71994_Content_2,apAF,avg星辰章1_AvgDialog_C_M.csv,897,AvgDialog,Content,B-68,为什么不愿意接纳呢？能够葬身在维度的罅隙之中，永远不必承受「祂」的目光的洗礼。,なぜ受け入れようとしないの？次元の狭間に葬られれば、二度と「あの存在」の眼差しに晒されることもないというのに。
AvgDialog_71994_Content_3,apAG,avg星辰章1_AvgDialog_C_M.csv,898,AvgDialog,Content,B-68,这是怎样的荣幸，怎样的恩赐啊！,これほどの栄誉、これほどの恩寵が他にあるかしら！
AvgDialog_71994_Content_4,apAH,avg星辰章1_AvgDialog_C_M.csv,899,AvgDialog,Content,B-68,可惜，可惜，现在只能由我亲自动手……让这业已湮灭的冰冷城市……,惜しいわ、実に惜しい。。今やわたし自らの手て動くほかない……\nこの、すでに滅び去った冷たい都市を……
AvgDialog_71994_Content_5,apAI,avg星辰章1_AvgDialog_C_M.csv,900,AvgDialog,Content,B-68,成为你们的葬身之所！,あなたたちの墓場としてあげるわ！
AvgDialog_78100_Content_1,aqyv,avg星辰章1_AvgDialog_C_M.csv,902,AvgDialog,Content,B-68,呼、呼……坚持了这么久，我都有点疲惫了。,はぁ、はぁ……\nずいぶん長く耐えたせいで、さすがのわたしも少々疲れたわ。
AvgDialog_78100_Content_2,aqyw,avg星辰章1_AvgDialog_C_M.csv,903,AvgDialog,Content,玩家,球形关节已经无法支撑你的肢体，脑缸里的营养液也几近沸腾。你失败了，B-68。,その球体関節はもう君の体を支えられない。\n脳槽の培養液もほとんど沸騰している。君の負けだよ、B-68.
AvgDialog_78100_Content_3,aqyx,avg星辰章1_AvgDialog_C_M.csv,904,AvgDialog,Content,B-68,哈哈哈哈，哈哈哈！,はははは、あははは！
AvgDialog_78100_Content_4,aqyy,avg星辰章1_AvgDialog_C_M.csv,905,AvgDialog,Content,B-68,亲爱的小狗，我从不会畏惧失败……因为毁灭的钥匙、绝对的真理掌握在我的手中……,愛しい子犬ちゃん、わたしは敗北を恐れたことはないわ……\n破滅の鍵も、絶対の真理も、この手の中にあるのだから……
AvgDialog_78100_Content_5,aqyz,avg星辰章1_AvgDialog_C_M.csv,906,AvgDialog,Content,,B-68眼中闪烁着危险警报似的红光。,B-68の瞳に、危険を告げる警報のような赤い光が瞬いた。
AvgDialog_78100_Content_6,aqyA,avg星辰章1_AvgDialog_C_M.csv,907,AvgDialog,Content,B-68,你可别忘了……这是我的实验室，而这里的一切都为引致终末，由我亲手缔造而成……,忘れないで……ここはわたしの実験室よ。そのすべてが終末を招くために、自らの手で作り上げたものだということを……
AvgDialog_78100_Content_7,aqyB,avg星辰章1_AvgDialog_C_M.csv,908,AvgDialog,Content,B-68,听见了吗？这来自地壳深层的震颤……,聞こえる？\nこの地殻の深層からの伝わる振動が……
AvgDialog_78100_Content_8,aqyC,avg星辰章1_AvgDialog_C_M.csv,909,AvgDialog,Content,B-68,永恒的漆黑深渊将会包容你们胆敢挑衅终末的狂妄，在祂的注视下悲鸣吧！,永遠の深淵が、終末に挑む不遜なあなたたちを呑み込むわ。\n「あれ」の眼差しの下で悲鳴を上げなさい！
AvgDialog_78099_Content_1,aqyk,avg星辰章1_AvgDialog_C_M.csv,910,AvgDialog,Content,熔毁·朵尔NF,顶不住了吗？也对，让你对抗另一个「我」，简直是螳臂当车。,持ちこたえられないの？まあ、当然ね。\nもう一人の「わたし」に立ち向かうなんて、カマキリが車を阻むようなものよ。
AvgDialog_78099_Content_2,aqyn,avg星辰章1_AvgDialog_C_M.csv,911,AvgDialog,Content,熔毁·朵尔NF,可惜，我掌握的也不比她更多。,残念ながら、わたしが知っていることも彼女と大して変わらないわ。
AvgDialog_78099_Content_3,aqyo,avg星辰章1_AvgDialog_C_M.csv,912,AvgDialog,Content,B-68,你不至于要出手帮%heorshe%吧？B-67？,まさか%heorshe%に手を貸すつもり？B-67？
AvgDialog_78099_Content_4,aqyp,avg星辰章1_AvgDialog_C_M.csv,913,AvgDialog,Content,熔毁·朵尔NF,不，我和你一样，并非路见不平的慈善家。,いいえ、わたしもあなたと同じ。\n不正を見過ごせない慈善家じゃないわ。
AvgDialog_78099_Content_5,aqyq,avg星辰章1_AvgDialog_C_M.csv,914,AvgDialog,Content,熔毁·朵尔NF,不过，我可不能坐视夺走了我的身份、我的实验室、我的小狗的人在我面前宣扬她那不堪一击的理念。,でも、わたしの身分も、実験室も、子犬も奪った相手が、目の前であの脆弱な理念を振りかざすのを黙って見ていられないの。
AvgDialog_78099_Content_6,aqyr,avg星辰章1_AvgDialog_C_M.csv,915,AvgDialog,Content,熔毁·朵尔NF,世界将会变成什么样子，世界需要变成什么样子……等我知晓了你所絮叨的那个真相，再由我来定义。,世界がどうなるか、どうなるべきか……あなたが語るその真相をわたしが知ったとき、わたし自身が定義するわ。
AvgDialog_78099_Content_7,aqys,avg星辰章1_AvgDialog_C_M.csv,916,AvgDialog,Content,熔毁·朵尔NF,在那之前，弥萨格的小狗也是我的助力。,それまでは、ミサゴ大学の子犬ちゃんも、わたしの手駒よ。
AvgDialog_78099_Content_8,aqyt,avg星辰章1_AvgDialog_C_M.csv,917,AvgDialog,Content,熔毁·朵尔NF,接下来，我会利用义体的共鸣让B-68和我同时陷入短暂的瘫痪，将你解放出来……,これから、義体の共鳴を使ってB-68とわたしを同時に痺れさせて、あなたを解放するわ……
AvgDialog_78099_Content_9,aqyu,avg星辰章1_AvgDialog_C_M.csv,918,AvgDialog,Content,,一阵刺耳的电流声令你的大脑嗡鸣，两具相似的义体同时机械地跪倒在地。,耳をつんざく電流音があなたの脳を震わせ、よく似た二体の義体が、機械のように同時に膝をついた。
AvgDialog_78099_Content_10,aqyl,avg星辰章1_AvgDialog_C_M.csv,919,AvgDialog,Content,,你感觉周身的重压稍稍减轻了，麻痹的指尖也渐渐恢复了知觉。,全身の重みがわずかに和らぎ、しびれた指先にも感覚が戻ってくる。
AvgDialog_78099_Content_11,aqym,avg星辰章1_AvgDialog_C_M.csv,920,AvgDialog,Content,熔毁·朵尔NF,弥萨格的小狗，之后就看你的表演咯？,ミサゴ大学の子犬ちゃん、あとはあなたの御手並みを拝見ね？
AvgDialog_74373_Content_1,aqqU,avg星辰章1_AvgDialog_C_M.csv,921,AvgDialog,Content,熔毁·朵尔NF,怎么处理这个「我」？,この「わたし」をどう始末するの？
AvgDialog_74373_Content_2,aqrf,avg星辰章1_AvgDialog_C_M.csv,922,AvgDialog,Content,熔毁·朵尔NF,请吧，你自己来。,どうぞ、あなた自身の手で。
AvgDialog_74373_Content_3,aqrg,avg星辰章1_AvgDialog_C_M.csv,923,AvgDialog,Content,玩家,B-68，请你告诉我……这个世界到底发生了什么？你在那块石板上，究竟看见了什么？,B-68、教えて……この世界に一体何が起きたの？\nあの石板に、君は何を見たの？
AvgDialog_74373_Content_4,aqrh,avg星辰章1_AvgDialog_C_M.csv,924,AvgDialog,Content,B-68,哈哈哈，哈哈哈哈！面对落败的敌人，你问出的居然是这个问题吗？,ははは、あははは！\n敗れた敵を前にして、そんなことを問うだなんて！
AvgDialog_74373_Content_5,aqri,avg星辰章1_AvgDialog_C_M.csv,925,AvgDialog,Content,B-68,太过傲慢，近乎无耻！,あまりに傲慢で、恥知らずね！
AvgDialog_74373_Content_6,aqrj,avg星辰章1_AvgDialog_C_M.csv,926,AvgDialog,Content,B-68,别以为你们这就算最终胜利了！,これで最後の勝利を手にしたなんて思わないことね！
AvgDialog_74373_Content_7,aqrk,avg星辰章1_AvgDialog_C_M.csv,927,AvgDialog,Content,B-68,无论是这个世界的密斯卡托尼克，还是你所在的弥萨格大学，他们所做的一切在那位「祂」的眼中都不过是蝼蚁的挣扎。,この世界のミスカトニック大学もあなたのいるミサゴ大学も、その営みすべては、「あの存在」の眼から見れば蟻の足掻きにすぎないわ。
AvgDialog_74373_Content_8,aqrl,avg星辰章1_AvgDialog_C_M.csv,928,AvgDialog,Content,B-68,你们短暂的存续既非你个人牺牲的结果，也不是他一时的开恩，仅仅只是因为他对自己的碎片产生了一丝可有可无的好奇罢了。,あなたたちの存続の理由は、あなたの犠牲でも、あれ慈悲でもない。彼がただ、自らの欠片に気まぐれな好奇心を抱いただけのことよ。
AvgDialog_74373_Content_9,aqrm,avg星辰章1_AvgDialog_C_M.csv,929,AvgDialog,Content,B-68,他屏息凝神，去看一眼自己的碎片，在那个刹那忘记了呼吸……,あれが息を詰めて、自分の欠片を一目見ようとして、その刹那、ほんの少し呼吸を忘れただけ……
AvgDialog_74373_Content_10,aqqV,avg星辰章1_AvgDialog_C_M.csv,930,AvgDialog,Content,B-68,你们就以为危机结束了，故事完结了，王子和公主过上幸福的生活了。,それをあなたたちは、危機は去った、物語は終わった、王子と姫は幸せに暮らしましたと思い込んだのよ。
AvgDialog_74373_Content_11,aqqW,avg星辰章1_AvgDialog_C_M.csv,931,AvgDialog,Content,B-68,愚蠢可笑！愚蠢可笑！,愚かで滑稽！\nおかしくて笑っちゃうわ！
AvgDialog_74373_Content_12,aqqX,avg星辰章1_AvgDialog_C_M.csv,932,AvgDialog,Content,B-68,你根本不明白我知道了什么！这一切都是——,あなたにはわたしが何を知ったのかなんて分かりはしないわ！\nこれはすべて——
AvgDialog_74373_Content_13,aqqY,avg星辰章1_AvgDialog_C_M.csv,933,AvgDialog,Content,,她的声音变成了恐惧的音符，扎根腐败的空气中。她的嘴唇张合，试图咆哮超越理解的真相，但每个音节都远超人类的知性。,彼女の声が恐怖の音節へと変わり、腐敗した空気に根を下ろす。理解を越えた真実を叫ぼうとするが、その音は人の知性を超えていた。
AvgDialog_74373_Content_14,aqqZ,avg星辰章1_AvgDialog_C_M.csv,934,AvgDialog,Content,,扭曲、扭曲，如同来自未知的呐喊。恐惧和绝望也像浓雾般弥漫开来，悄然填满了房间的每一寸角落。,歪み、また歪む。未知の彼方からの叫びのように。恐怖と絶望が濃い霧のように広がり、部屋の隅々まで埋め尽くしていく。
AvgDialog_74373_Content_15,aqra,avg星辰章1_AvgDialog_C_M.csv,935,AvgDialog,Content,B-68,是这样吗……世界在拒绝真相的传递……,そう……世界が真実の伝達を拒んでいるのね……
AvgDialog_74373_Content_16,aqrb,avg星辰章1_AvgDialog_C_M.csv,936,AvgDialog,Content,B-68,那么就让我看看，你可怜的希望到底能坚持多久。在这场终结的狂欢中，你能靠希望坚持多久！,なら、見せてもらいましょう。この終焉の狂乱の中で、あなたの哀れな希望がどこまで持ちこたえられるか！
AvgDialog_74373_Content_17,aqrc,avg星辰章1_AvgDialog_C_M.csv,937,AvgDialog,Content,B-68,你们可以杀死我。,あなたたちは、わたしを殺してもいいのよ。
AvgDialog_74373_Content_18,aqrd,avg星辰章1_AvgDialog_C_M.csv,938,AvgDialog,Content,B-68,但毁灭必将降临。,でも、滅びは必ず訪れるわ。
AvgDialog_74373_Content_19,aqre,avg星辰章1_AvgDialog_C_M.csv,939,AvgDialog,Content,,不可一世的人偶的眼瞳黯淡下去，原本严丝合缝的机械义体溃散崩裂，不知曾毁灭几个世界的大脑就此停止了运转。,傲岸不遜の瞳から光が失われる。緻密に組まれた機械の義体は崩れ落ちた。いくつの世界を滅ぼしたか知れぬ脳は、ついに動きを止めた。
AvgDialog_71992_Content_1,apxL,avg星辰章1_AvgDialog_C_M.csv,941,AvgDialog,Content,,雨幕之中,雨の帳の中で
AvgDialog_71992_Content_2,apyd,avg星辰章1_AvgDialog_C_M.csv,942,AvgDialog,Content,,三天后,三日後
AvgDialog_71992_Content_3,apyo,avg星辰章1_AvgDialog_C_M.csv,943,AvgDialog,Content,熔毁·朵尔,"我检索了目前所有留存的笔记，很遗憾地告诉你两件事。
首先，B-68所说的那块石板已经不知所踪了。",残った手記をすべて調べたわ。残念だけど、伝えることが二つある。\nまず、B-68が言っていたあの石板は、すでに行方知れずよ。
AvgDialog_71992_Content_4,apyz,avg星辰章1_AvgDialog_C_M.csv,944,AvgDialog,Content,熔毁·朵尔,其次，虽然我发现了当时的我跳跃至你的维度所用的方法，但它并不能通用于你。,次に、あの頃のわたしがあなたの次元へ跳んだ方法は見つけたけど、それはあなたには使えない。
AvgDialog_71992_Content_5,apyK,avg星辰章1_AvgDialog_C_M.csv,945,AvgDialog,Content,熔毁·朵尔,简单来说，义体之间的高度相似性让意识的转移得以成为可能，但在那个世界已经不存在足够契合你的躯体。,簡単に言えば、義体同士がよく似ていたから意識の転移ができたの。でもあの世界には、あなたに十分適合する肉体がもう存在しない。
AvgDialog_71992_Content_6,apyV,avg星辰章1_AvgDialog_C_M.csv,946,AvgDialog,Content,熔毁·朵尔,还有一种方式是通过脑缸和再造躯体，但这需要你的意识的频谱数据，相应实验报告已经遗失了。,脳缶で肉体を再生する方法もあるわ。でもそれに必要なあなたの意識データは、報告文書ごと失われている。
AvgDialog_71992_Content_7,apzg,avg星辰章1_AvgDialog_C_M.csv,947,AvgDialog,Content,玩家,还有办法找回吗？,取り戻す方法はあるの？
AvgDialog_71992_Content_8,apzr,avg星辰章1_AvgDialog_C_M.csv,948,AvgDialog,Content,熔毁·朵尔,有，但同样有着不可接受的风险——我必须冒险将自己的思维与完整版本的熔毁·朵尔同调。,あるわ。でも同時に、受け入れがたい危険を伴う——わたし自身の思考を、完全版の溶壊・ドールと同調させなければならないの。
AvgDialog_71992_Content_9,apzC,avg星辰章1_AvgDialog_C_M.csv,949,AvgDialog,Content,熔毁·朵尔,换句话说，我会变成那个与你为敌的本源存在。,言い換えれば、わたしはあなたと敵対していたあの本源の存在なってしまうということ。
AvgDialog_71992_Content_10,apxM,avg星辰章1_AvgDialog_C_M.csv,950,AvgDialog,Content,玩家,她也不会将实验数据交给我。,彼女も実験データを私に渡さないだろうね。
AvgDialog_71992_Content_11,apxU,avg星辰章1_AvgDialog_C_M.csv,951,AvgDialog,Content,熔毁·朵尔,正是如此。,その通りよ。
AvgDialog_71992_Content_12,apxV,avg星辰章1_AvgDialog_C_M.csv,952,AvgDialog,Content,熔毁·朵尔,你记不记得，我在最初的时候，并没有提供这条返回实验室的「捷径」给你？,覚えてる？わたしは最初、実験室へ戻る「近道」をあなたに教えなかったでしょう？
AvgDialog_71992_Content_13,apxW,avg星辰章1_AvgDialog_C_M.csv,953,AvgDialog,Content,熔毁·朵尔,因为选择捷径，就必须付出选择捷径的代价。,近道を選べば、その近道なりの代償を払わなくてはならないからよ。
AvgDialog_71992_Content_14,apxX,avg星辰章1_AvgDialog_C_M.csv,954,AvgDialog,Content,熔毁·朵尔,只要确认了这条「捷径」，我就必然踏上应循的道路，不得不变回追求毁灭的自己。,この「近道」を確かめてしまえば、わたしは必ず定められた道を歩み、破滅を求める自分に戻るしかなくなる。
AvgDialog_71992_Content_15,apxY,avg星辰章1_AvgDialog_C_M.csv,955,AvgDialog,Content,熔毁·朵尔,和「自己」的对抗……如今听来依然很愚蠢，愚蠢得根本不符合孤注一掷的「天才」的名号。,「自分」との闘い……今になって聞いても、やはり愚かね。\nすべてを賭ける「天才」の名には、あまりにも似つかわしくないわ。
AvgDialog_71992_Content_16,apxZ,avg星辰章1_AvgDialog_C_M.csv,956,AvgDialog,Content,熔毁·朵尔,但如果，我先读过了这份报告，或许就不能那么坚定地站在你的身边了。,でも、もし先にこの報告書を読んでいたら、わたしはあれほど迷わずあなたの側に立てなかったかもしれない。
AvgDialog_71992_Content_17,apya,avg星辰章1_AvgDialog_C_M.csv,957,AvgDialog,Content,熔毁·朵尔,总之，这份手稿交给你。,とにかく、このメモはあなたに預けるわ。
AvgDialog_71992_Content_18,apyb,avg星辰章1_AvgDialog_C_M.csv,958,AvgDialog,Content,熔毁·朵尔,评估好自己的精神状态再进行阅读吧。,自分の精神状態をよく見定めてから読むこと。
AvgDialog_71992_Content_19,apyc,avg星辰章1_AvgDialog_C_M.csv,959,AvgDialog,Content,,你镇定心神，展开那份边缘泛黄的手稿。,あなたは心を落ち着けて、黄ばんだメモを広げた。
AvgDialog_71992_Content_20,apye,avg星辰章1_AvgDialog_C_M.csv,960,AvgDialog,Content,,《托乎瓦波的目光协同性运动研究》,《トオワボの視線協同運動に関する研究》
AvgDialog_71992_Content_21,apyf,avg星辰章1_AvgDialog_C_M.csv,961,AvgDialog,Content,,"实验目的：
通过定量和定性的方式，观察和记录托乎瓦波对视野中高灵性目标的反应，验证它们的目光追踪移动的高灵性目标的规律。
本实验旨在揭示托乎瓦波的视觉特征及其对特定灵性目标的反应机制。",実験目的：\n定量・定性の両面から、視界内の高霊性目標へのトオワボの反応を観察・記録し、その視線が高霊性目標を追跡する法則を検証する。\n本実験はトオワボの視覚特性と、特定の霊性目標への反応機構の解明を目的とする。
AvgDialog_71992_Content_22,apyg,avg星辰章1_AvgDialog_C_M.csv,962,AvgDialog,Content,,"实验背景：
根据历史文献及往期实验记录（见《融蚀现象的成因探究》）托乎瓦波的目光能够造成融蚀现象，但托乎瓦波捕捉目标的原理尚未解明。
研究托乎瓦波的目光协同性运动原理，可以帮助我们更好地寻求当前世界的存续方式。",実験背景：\n歴史文献と過去の実験記録（《融蝕現象の成因探求》参照）によれば、トオワボの視線は融蝕現象を引き起こせるが、目標を捕捉する原理は未解明である。\n視線協同運動の原理を研究すれば、この世界の存続のあり方をより良く探る助けとなる。
AvgDialog_71992_Content_23,apyh,avg星辰章1_AvgDialog_C_M.csv,963,AvgDialog,Content,,"实验材料：
1.7种强度的灵性材料各1份；
2.维度穿越器材及燃料9份；
3.实验数据记录表",実験材料：\n１．強度の異なる7種の霊性材料を各1点\n２．次元横断装置および燃料9点\n３．実験データ記録表
AvgDialog_71992_Content_24,apyi,avg星辰章1_AvgDialog_C_M.csv,964,AvgDialog,Content,,"实验方法：
1、设定实验环境：筛选灵性数值波动相对稳定且接近的维度；
2、实验程序：
①轮流向各维度投放不同灵性数值的实验材料。
②潜入当地融蚀对抗组织，通常为弥萨格大学，获取各维度的融蚀爆发频率资料。
③以低灵性银芯为载体将数据传输至279号义体。
④整理数据并进行分析。",実験方法：\n１．実験環境の設定：霊性数値が比較的安定し近い次元を選別する。\n２．実験手順：\n①各次元へ順番に異なる霊性数値の実験材料を投入する。\n②現地の融蝕対抗組織、多くはミサゴ大学に潜入し、各次元の融蝕爆発頻度の資料を入手する。\n③低霊性のシルバーコアを媒体としてデータを279号義体へ送る。\n④データを整理し、分析を行う。
AvgDialog_71992_Content_25,apyj,avg星辰章1_AvgDialog_C_M.csv,965,AvgDialog,Content,,……,……
AvgDialog_71992_Content_26,apyk,avg星辰章1_AvgDialog_C_M.csv,966,AvgDialog,Content,,第二份报告中，轮流向各维度投放的实验材料变成了启动七个人工义体同时进行投放。,2つ目の報告では、各次元へ順番に投入する実験材料が、七体の人工義体を同動して同時に投入する方式に変わっていた。
AvgDialog_71992_Content_27,apyl,avg星辰章1_AvgDialog_C_M.csv,967,AvgDialog,Content,,第三份报告中，携带的灵性材料数值设定发生了变化。,3つ目の報告では、携行する霊性材料の数値設定が変化していた。
AvgDialog_71992_Content_28,apym,avg星辰章1_AvgDialog_C_M.csv,968,AvgDialog,Content,,……,……
AvgDialog_71992_Content_29,apyn,avg星辰章1_AvgDialog_C_M.csv,969,AvgDialog,Content,,最后的手稿，字迹变得异常凌乱。,最後のメモは、筆跡が異様なほど乱れていた。
AvgDialog_71992_Content_30,apyp,avg星辰章1_AvgDialog_C_M.csv,970,AvgDialog,Content,,"没有意义。
我在探究的是毫无意义的结果。
灵性生物本身就是祂的捕捉目标，诺斯指数大于21的生物就会招致祂的注视，并波及周遭的其他存在。
这份报告的流出最终只会导致更恐怖的结局：诺斯指数的测定、筛选、诱捕和追杀。",意味がない。\nわたしが探求しているのは、何の意味もない結果だ。\n霊性生物はそれ自体があの存在の捕捉対象であり、霊性指数が21を超える生物はあれの視線を招き、周囲の他の存在にまで波及する。\nこの報告書が流出すれば、最後にはより恐ろしい結末を招くだけだ。\n霊性指数の測定、選別、誘い込み、そして排除を。
AvgDialog_71992_Content_31,apyq,avg星辰章1_AvgDialog_C_M.csv,971,AvgDialog,Content,,"更可怕的是，能够检测出诺斯指数的并非只有人类——诸多海洋生物整个种群的诺斯指数都高于21。
除非核平全部海域……但那同样是无人生还的结局。",さらに恐ろしいのは、霊性指数を測定できるのが人間だけではないことだ——多くの海洋生物は、種全体で霊性指数が21を超えている。\n全海域を核攻撃でもしない限り……だがそれも。誰一人生き残れない結末だ。
AvgDialog_71992_Content_32,apyr,avg星辰章1_AvgDialog_C_M.csv,972,AvgDialog,Content,,一切解法都是虚妄，祂的目光永恒诞临。,あらゆる解法は虚構であり、あの存在の視線は永遠に降臨する。
AvgDialog_71992_Content_33,apys,avg星辰章1_AvgDialog_C_M.csv,973,AvgDialog,Content,,没有人能够得到拯救。,誰も救われることはない。
AvgDialog_71992_Content_34,apyt,avg星辰章1_AvgDialog_C_M.csv,974,AvgDialog,Content,B-68,你们短暂的存续既非你个人牺牲的结果，也不是他一时的开恩，仅仅只是因为他对自己的碎片产生了一丝可有可无的好奇罢了。,あなたたちの存続の理由は、あなたの犠牲でも、あれ慈悲でもない。彼がただ、自らの欠片に気まぐれな好奇心を抱いただけのことよ。
AvgDialog_71992_Content_35,apyu,avg星辰章1_AvgDialog_C_M.csv,975,AvgDialog,Content,B-68,他屏息凝神，去看一眼自己的碎片，在那个刹那忘记了呼吸……,あれが息を詰めて、自分の欠片を一目見ようとして、その刹那、ほんの少し呼吸を忘れただけ……
AvgDialog_71992_Content_36,apyv,avg星辰章1_AvgDialog_C_M.csv,976,AvgDialog,Content,B-68,你们就以为危机结束了，故事完结了，王子和公主过上幸福的生活了。,それをあなたたちは、危機は去った、物語は終わった、王子と姫は幸せに暮らしましたと思い込んだのよ。
AvgDialog_71992_Content_37,apyw,avg星辰章1_AvgDialog_C_M.csv,977,AvgDialog,Content,B-68,愚蠢可笑！愚蠢可笑！,愚かで滑稽！\nおかしくて笑っちゃうわ！
AvgDialog_71992_Content_38,apyx,avg星辰章1_AvgDialog_C_M.csv,978,AvgDialog,Content,B-68,你根本不明白我知道了什么！这一切都是——,あなたにはわたしが何を知ったのかなんて分かりはしないわ！\nこれはすべて——
AvgDialog_71992_Content_39,apyy,avg星辰章1_AvgDialog_C_M.csv,979,AvgDialog,Content,,你从实验报告的阅读中惊醒，发觉自己已经冷汗涔涔。,あなたは実験報告を詠みながらはっと目を覚まし、自分が冷や汗にまみれていることに気づいた。
AvgDialog_71992_Content_40,apyA,avg星辰章1_AvgDialog_C_M.csv,980,AvgDialog,Content,,在你面前狂妄不可一世的熔毁·朵尔，曾经也只是弥萨格一名谨小慎微的研究员。,目の前で傲慢に振る舞う溶壊・ドールも、かつてはミサゴ大学の慎重で控えめな一研究員にすぎなかった。
AvgDialog_71992_Content_41,apyB,avg星辰章1_AvgDialog_C_M.csv,981,AvgDialog,Content,,只是她比你所在的世界更早窥视到融蚀的秘密，以及无解的残酷真相。,ただ彼女は、あなたのいる世界よりも早く融蝕の秘密と、答えのない残酷な真実を覗き見てしまっただけなのだ。
AvgDialog_71992_Content_42,apyC,avg星辰章1_AvgDialog_C_M.csv,982,AvgDialog,Content,,你壮烈的牺牲并不能换来世界的长治久安。,あなたの壮烈な犠牲も、世界の長き安寧とは引き換えにならない。
AvgDialog_71992_Content_43,apyD,avg星辰章1_AvgDialog_C_M.csv,983,AvgDialog,Content,,你们的战斗还没有结束，必须让弥萨格、让拉蒙娜知晓这一事实——,あなたたちの戦いはまだ終わっていない。\nミサゴ大学に、ラモンナに、この事実を知らせなければ——
AvgDialog_71992_Content_44,apyE,avg星辰章1_AvgDialog_C_M.csv,984,AvgDialog,Content,,你必须回去。,あなたは帰らなければならない。
AvgDialog_71992_Content_45,apyF,avg星辰章1_AvgDialog_C_M.csv,985,AvgDialog,Content,,送别日，霏霏细雨。,見送りの日、雨がしとしとと降っていた。
AvgDialog_71992_Content_46,apyG,avg星辰章1_AvgDialog_C_M.csv,986,AvgDialog,Content,,你人生的关键时刻似乎总是有如丝雨幕作陪。,あなたの人生の岐路には、いつも糸のような雨の帳が寄り添っているようだった。
AvgDialog_71992_Content_47,apyH,avg星辰章1_AvgDialog_C_M.csv,987,AvgDialog,Content,,在阿库特睁开眼睛的那天也好，授钥仪式那天也好，决意成为门扉的守护者那天也好……,アクートで目を開いたあの日も、鍵の授与式のあの日も、門の守り手になると決めたあの日も……
AvgDialog_71992_Content_48,apyI,avg星辰章1_AvgDialog_C_M.csv,988,AvgDialog,Content,,每个风平浪静的雨夜，你都会担忧你的人生是否会突如其来地迎来新的转折点。,穏やかな雨の夜のたびに、あなたは自分の人生がまた突如として新たな転機を迎えるのではと案じてしまう。
AvgDialog_71992_Content_49,apyJ,avg星辰章1_AvgDialog_C_M.csv,989,AvgDialog,Content,,你回忆起与熔毁·朵尔的告别。,あなたは溶壊・ドールとの別れを思い返す。
AvgDialog_71992_Content_50,apyL,avg星辰章1_AvgDialog_C_M.csv,990,AvgDialog,Content,熔毁·朵尔,我会留在实验室中。停下不会是答案，或许有一天我会重复同样的疯狂。,わたしは実験室に留まるわ。立ち止まることは答えにならない。\nいつかまた同じ狂気を繰り返すかもしれない。
AvgDialog_71992_Content_51,apyM,avg星辰章1_AvgDialog_C_M.csv,991,AvgDialog,Content,熔毁·朵尔,但，在抵达绝对的真理之前，即便毗邻毁灭的污染，我也必须孤注一掷地继续我的研究。,でも、絶対の真理に辿り着くまでは、たとえ破滅の汚染が隣り合わせでも、わたしは一か八かに賭けて研究を続けるしかないの。
AvgDialog_71992_Content_52,apyN,avg星辰章1_AvgDialog_C_M.csv,992,AvgDialog,Content,玩家,"这才像是我认识的朵尔……
不，还是有些不一样的。",それでこそ私の知っているドール……\nいや、やっぱり少し違うのかも。
AvgDialog_71992_Content_53,apyO,avg星辰章1_AvgDialog_C_M.csv,993,AvgDialog,Content,玩家,你们拥有着表面截然不同，内核却完全一致的偏执。,君たちは表向きはまるで正反対なのに、芯にあるものは同じように頑固なものを抱えている。
AvgDialog_71992_Content_54,apyP,avg星辰章1_AvgDialog_C_M.csv,994,AvgDialog,Content,温柯尔,但至少，现在的她，不会像之前那么狂躁和恐怖了。,でも少なくとも、今の彼女は、前みたいに荒れ狂って恐ろしくはならないよ。
AvgDialog_71992_Content_55,apyQ,avg星辰章1_AvgDialog_C_M.csv,995,AvgDialog,Content,温柯尔,这枚胸针，她让我交给你。我给你别上吧。,このブローチ、彼女が君に渡してくれって。\n私がつけてあげるよ。
AvgDialog_71992_Content_56,apyR,avg星辰章1_AvgDialog_C_M.csv,996,AvgDialog,Content,,温柯尔将一枚胸针扣在你的胸口。,ウインクルは一つのブローチをあなたの胸元に留めた。
AvgDialog_71992_Content_57,apyS,avg星辰章1_AvgDialog_C_M.csv,997,AvgDialog,Content,玩家,温柯尔……这一路而来，你帮助了我很多。而我甚至还没来得及跟你说一声谢谢。,ウインクル……ここまでの道のり、君には本当に助けられたよ。\nなのに私はまだお礼も言えてなかったね。
AvgDialog_71992_Content_58,apyT,avg星辰章1_AvgDialog_C_M.csv,998,AvgDialog,Content,玩家,谢谢你，温柯尔。谢谢你成为我在这里的第一个朋友。,ありがとう、ウインクル。\n私のここでの最初の友達になってくれて。
AvgDialog_71992_Content_59,apyU,avg星辰章1_AvgDialog_C_M.csv,999,AvgDialog,Content,温柯尔,不用这么客气，我已经从朵尔口中听说了很多有关你的事情。在我无法与你对话的时候，你也已经认识另一个我了，不是吗？,そんなに気を遣わないで。君のことはドールから聞いてるよ。私が話せなかった間に、君はもう一人の私と知り合っていたんでしょ？
AvgDialog_71992_Content_60,apyW,avg星辰章1_AvgDialog_C_M.csv,1000,AvgDialog,Content,温柯尔,"虽然我还是很恐惧……
但冥冥中有个声音告诉我，你会给我、给这个世界带来光的。",まだとても怖いけど……\nでも心の中で、君が私とこの世界に光をくれるって声がするよ。
AvgDialog_71992_Content_61,apyX,avg星辰章1_AvgDialog_C_M.csv,1001,AvgDialog,Content,温柯尔,看那边，送行的队伍来了。,ほら、あっち。\n見送りの人たちが来たよ。
AvgDialog_71992_Content_62,apyY,avg星辰章1_AvgDialog_C_M.csv,1002,AvgDialog,Content,,……,……
AvgDialog_71992_Content_63,apyZ,avg星辰章1_AvgDialog_C_M.csv,1003,AvgDialog,Content,詹金新,"不去，我不去感谢那家伙！
那家伙是我从碎石堆里挖出来的，我救了%heorshe%的命才对！",行かない。あたしはあいつに感謝なんてしないから！\nあいつはあたしが瓦礫から掘り出して、命を救ったんだぞ！
AvgDialog_71992_Content_64,apza,avg星辰章1_AvgDialog_C_M.csv,1004,AvgDialog,Content,梅森,听话，詹金。,おとなしくしてね、ジェンキン。
AvgDialog_71992_Content_65,apzb,avg星辰章1_AvgDialog_C_M.csv,1005,AvgDialog,Content,梅森,"谢谢您帮助我的妹妹……抱歉的是，我和詹金没有多少“所有物”。
这条缎带，就由我转赠您作为纪念吧。",妹を助けてくれて感謝するわ……私たちには大した物がなくて。\nこのリボンを、記念に贈るわね。
AvgDialog_71992_Content_66,apzc,avg星辰章1_AvgDialog_C_M.csv,1006,AvgDialog,Content,,她将一枚殷红的丝绸缎带系在你的手腕上。,彼女は深紅の絹のリボンをあなたの手首に結んだ。
AvgDialog_71992_Content_67,apzd,avg星辰章1_AvgDialog_C_M.csv,1007,AvgDialog,Content,詹金新,姐姐！,姉ちゃん！
AvgDialog_71992_Content_68,apze,avg星辰章1_AvgDialog_C_M.csv,1008,AvgDialog,Content,玩家,我不能收……,これは、受け取れないよ……
AvgDialog_71992_Content_69,apzf,avg星辰章1_AvgDialog_C_M.csv,1009,AvgDialog,Content,梅森,不必推辞，我知道您和朵尔女士为圣堂提供了大量银芯资源，足够让萨尔瓦多主教再支撑很长很长时间。,遠慮しないで。あなたとドールさんが大量のシルバーコアを提供してくれたおかげで、司教はをまた支えられるわ。
AvgDialog_71992_Content_70,apzh,avg星辰章1_AvgDialog_C_M.csv,1010,AvgDialog,Content,萨尔瓦多,我能看见你灵魂的光辉，如同苍白的摇焰，虽然尚不稳固，但明亮而温暖。,あなたの魂の輝きが見えます。蒼白く揺れる炎のように、まだ確かではないですが、明るく温かい。
AvgDialog_71992_Content_71,apzi,avg星辰章1_AvgDialog_C_M.csv,1011,AvgDialog,Content,玩家,萨尔瓦多主祭……如果我找到能解决危机的方式，一定会第一时间赶来圣堂。,サルバドル司教……危機を解決する手立てを見つけたら、すぐにでも聖堂へ駆けつけます。
AvgDialog_71992_Content_72,apzj,avg星辰章1_AvgDialog_C_M.csv,1012,AvgDialog,Content,萨尔瓦多,我相信你，苍白的使者。有朝一日，你必将为圣堂中遭受苦难之人带来救赎与希望。,信じていますよ、蒼白の使者。\nいつかきっと、苦しむ者たちに救いと希望をもたらすでしょう。
AvgDialog_71992_Content_73,apzk,avg星辰章1_AvgDialog_C_M.csv,1013,AvgDialog,Content,,……,……
AvgDialog_71992_Content_74,apzl,avg星辰章1_AvgDialog_C_M.csv,1014,AvgDialog,Content,,"辞别众人，你深深呼吸了一口清凉的雨丝。
街巷的一角，余光中陡然闪现的身影攫住了你的注意。",皆に別れを告げ、あなたは冷たい雨の糸を深く吸い込んだ。\n路地の片隅、視界の端に不意に閃いた人影が、あなたの注意を引く。
AvgDialog_71992_Content_75,apzm,avg星辰章1_AvgDialog_C_M.csv,1015,AvgDialog,Content,玩家,！,！
AvgDialog_71992_Content_76,apzn,avg星辰章1_AvgDialog_C_M.csv,1016,AvgDialog,Content,玩家,那边那位先生，请等一下！,そこの人、ちょっと待って！
AvgDialog_71992_Content_77,apzo,avg星辰章1_AvgDialog_C_M.csv,1017,AvgDialog,Content,,那衣袍一抖，金发男人仿佛在躲避你的追随，竟加快了脚步。,その衣がひるがえり、金髪の男はあなたの追跡を避けるように、足を速めた。
AvgDialog_71992_Content_78,apzp,avg星辰章1_AvgDialog_C_M.csv,1018,AvgDialog,Content,玩家,……威廉，是你吗……威廉！,……ウィリアム、君なの……ウィリアム！
AvgDialog_71992_Content_79,apzq,avg星辰章1_AvgDialog_C_M.csv,1019,AvgDialog,Content,,你来不及多想，脚步从快走加速至疾奔，一个又一个街区的侧影接连从眼前掠过。,考える間もなく、あなたは足は速足から失踪へと変わり、いくつもの街の影が次々と目の前を過ぎていった。
AvgDialog_71992_Content_80,apzs,avg星辰章1_AvgDialog_C_M.csv,1020,AvgDialog,Content,,……,……
AvgDialog_71992_Content_81,apzt,avg星辰章1_AvgDialog_C_M.csv,1021,AvgDialog,Content,,…………,…………
AvgDialog_71992_Content_82,apzu,avg星辰章1_AvgDialog_C_M.csv,1022,AvgDialog,Content,玩家,哈、哈……,はぁ、はぁ……
AvgDialog_71992_Content_83,apzv,avg星辰章1_AvgDialog_C_M.csv,1023,AvgDialog,Content,,稀薄的氧气不足以供给肺部缺氧的需求，你大口喘息着，血流的涌动让大脑恢复了些许思考能力。,薄い空気では酸素を求める肺を満たせず、あなたは大きく喘いだ。\n血のめぐりが、脳にわずかな思考を取り戻させる。
AvgDialog_71992_Content_84,apzw,avg星辰章1_AvgDialog_C_M.csv,1024,AvgDialog,Content,,……天什么时候黑了下去？,……いつの間に、そらはこんなに暗くなったのだろう。
AvgDialog_71992_Content_85,apzx,avg星辰章1_AvgDialog_C_M.csv,1025,AvgDialog,Content,玩家,南华克大街……44号……,サザーク・ストリート……44番地……
AvgDialog_71992_Content_86,apzy,avg星辰章1_AvgDialog_C_M.csv,1026,AvgDialog,Content,,上一次，在这个时刻，你身边是你最重要的搭档。,前にこの時刻、あなたの傍らには最も大切な相棒がいた。
AvgDialog_71992_Content_87,apzz,avg星辰章1_AvgDialog_C_M.csv,1027,AvgDialog,Content,拉蒙娜,"南华克大街就在西区。
看来这次，我们可以亲眼见证名牌调查员威廉的风采了。",サザーク・ストリートがあるのは西区よね。\nどうやら今回は、名調査員ウィリアムのお手並みを拝見できそう。
AvgDialog_71992_Content_88,apzA,avg星辰章1_AvgDialog_C_M.csv,1028,AvgDialog,Content,玩家,他都出动了吗……,彼まで動き出したなんて……
AvgDialog_71992_Content_89,apzB,avg星辰章1_AvgDialog_C_M.csv,1029,AvgDialog,Content,,但如今，你身侧空无一人。,だが今、あなたの傍には、誰一人いない。
AvgDialog_71992_Content_90,apzD,avg星辰章1_AvgDialog_C_M.csv,1030,AvgDialog,Content,拉蒙娜,这就是与融蚀对抗的旅程。,これが融蝕との戦いなのよ。
AvgDialog_71992_Content_91,apzE,avg星辰章1_AvgDialog_C_M.csv,1031,AvgDialog,Content,拉蒙娜,守密人，你是特殊的。所以，你不能在此止步不前。,守秘者、あなたは特別なの。\nだから、ここで立ち止まってほしくない。
AvgDialog_71992_Content_92,apzF,avg星辰章1_AvgDialog_C_M.csv,1032,AvgDialog,Content,拉蒙娜,"我们要去拯救，去改变。
但，即使最终什么也没能实现……",私たちはこの世界を救い、変えるために進むの。\nたとえ最終的に何も成し遂げられなかったとしても……
AvgDialog_71992_Content_93,apzG,avg星辰章1_AvgDialog_C_M.csv,1033,AvgDialog,Content,拉蒙娜,在那个万物都被遗忘的深夜来临之前，也请你用你的双眼去见证、去记忆发生过的一切。,一切が忘れ去られる深い夜が訪れる前に、起きたことのすべてをその目で見て、覚えていてほしい。
AvgDialog_71992_Content_94,apzH,avg星辰章1_AvgDialog_C_M.csv,1034,AvgDialog,Content,玩家,"我会做到的。
拉蒙娜，等我回去。",必ずやり遂げてみせるよ。\nラモンナ、待っていて。
AvgDialog_71992_Content_95,apzI,avg星辰章1_AvgDialog_C_M.csv,1035,AvgDialog,Content,,从回忆中汲取了支撑内心的力量后，你已经准备好直面这一路孤身一人的旅途。,思い出から心を支える力を汲み取り、あなたは孤独な旅路に独り立ち向かう覚悟を決めた。
AvgDialog_71992_Content_96,apzJ,avg星辰章1_AvgDialog_C_M.csv,1036,AvgDialog,Content,玩家,前进吧。,進もう。
AvgDialog_71992_Content_97,apzK,avg星辰章1_AvgDialog_C_M.csv,1037,AvgDialog,Content,玩家,愿银钥指引前路。,銀の鍵が道を照らさんことを。
AvgDialog_71992_Content_98,apzL,avg星辰章1_AvgDialog_C_M.csv,1038,AvgDialog,Content,,滴滴，滴滴——,ピッ、ピッ——
AvgDialog_71992_Content_99,apzM,avg星辰章1_AvgDialog_C_M.csv,1039,AvgDialog,Content,,熔毁·朵尔制作、温柯尔为你在胸口别上的胸针突然鸣响起来。,溶壊・ドールが作り、ウインクルがあなたの胸につけてくれたブローチが、突然鳴り出した。
AvgDialog_71992_Content_100,apxN,avg星辰章1_AvgDialog_C_M.csv,1040,AvgDialog,Content,,你点按胸针，一声轻响，传来通讯接通的声音。,あなたがブローチに触れると、小さな音とともに、通信が繋がる気配が伝わってきた。
AvgDialog_71992_Content_101,apxO,avg星辰章1_AvgDialog_C_M.csv,1041,AvgDialog,Content,熔毁·朵尔,喂喂，链接稳定吗？,もしもし、通信は安定してるかしら？
AvgDialog_71992_Content_102,apxP,avg星辰章1_AvgDialog_C_M.csv,1042,AvgDialog,Content,玩家,熔毁·朵尔，你……,溶融・ドール、君……
AvgDialog_71992_Content_103,apxQ,avg星辰章1_AvgDialog_C_M.csv,1043,AvgDialog,Content,熔毁·朵尔,感恩戴德吧。,ありがたく思いなさい。
AvgDialog_71992_Content_104,apxR,avg星辰章1_AvgDialog_C_M.csv,1044,AvgDialog,Content,熔毁·朵尔,为了让你这可怜的淋雨小狗不至于太过孤单，之后的旅程里需要支持的时候，你可以通过这个通讯器联络我。,雨に濡れた可哀想な子犬が寂しくならないように、ね。これからの旅で助けが必要なときは、この通信機でわたしに連絡できるわ。
AvgDialog_71992_Content_105,apxS,avg星辰章1_AvgDialog_C_M.csv,1045,AvgDialog,Content,熔毁·朵尔,踏上旅程吧。,旅立ちなさい。
AvgDialog_71992_Content_106,apxT,avg星辰章1_AvgDialog_C_M.csv,1046,AvgDialog,Content,熔毁·朵尔,这一次……毁灭是你的伙伴。,今度は……破滅があなたの味方よ。
AvgDialog_65479_Content_1,aoCs,avg章9_AvgDialog_C_M.csv,8,AvgDialog,Content,,引路人,案内人
AvgDialog_65479_Content_2,aoCD,avg章9_AvgDialog_C_M.csv,9,AvgDialog,Content,,祂做了一场漫长的梦。,それは長い夢を見ていた。
AvgDialog_65479_Content_3,aoCO,avg章9_AvgDialog_C_M.csv,10,AvgDialog,Content,,祂梦见神与星辰，梦见尘埃衍化文明，文明化为尘埃。,それは神と星々の夢を見た。\n塵が文明に、文明が再び塵へと還る夢を見た。
AvgDialog_65479_Content_4,aoCY,avg章9_AvgDialog_C_M.csv,11,AvgDialog,Content,,祂梦见恨与爱，梦见欢愉与恐惧。,それは憎しみと愛の夢を見た。\n歓びと恐怖の夢を見た。
AvgDialog_65479_Content_5,aoCZ,avg章9_AvgDialog_C_M.csv,12,AvgDialog,Content,,祂从睡梦中惊醒。梦境中的一切，从未存在。,それは眠りから目覚め、驚いた。\n夢のすべては、元より存在していなかった。
AvgDialog_65479_Content_6,aoDa,avg章9_AvgDialog_C_M.csv,13,AvgDialog,Content,,原初的混沌……盲目痴愚的神明……,原初の混沌……盲目で愚かな神……
AvgDialog_65479_Content_7,aoDb,avg章9_AvgDialog_C_M.csv,14,AvgDialog,Content,？？？,@2……,@2……
AvgDialog_65479_Content_8,aoDc,avg章9_AvgDialog_C_M.csv,15,AvgDialog,Content,,宇宙的造物主……宇宙的毁灭者……,宇宙の創造主……宇宙の破壊者……
AvgDialog_65479_Content_9,aoDd,avg章9_AvgDialog_C_M.csv,16,AvgDialog,Content,？？？,@3……,@3……
AvgDialog_65479_Content_10,aoCt,avg章9_AvgDialog_C_M.csv,17,AvgDialog,Content,,苏醒吧。,目覚めよ。
AvgDialog_65479_Content_11,aoCu,avg章9_AvgDialog_C_M.csv,18,AvgDialog,Content,？？？,@4！……,@4……！
AvgDialog_65479_Content_12,aoCv,avg章9_AvgDialog_C_M.csv,19,AvgDialog,Content,玩家,双子神像明明已经被破坏……为什么……,双子の神像は確かに破壊されたのに……どうして……
AvgDialog_65479_Content_13,aoCw,avg章9_AvgDialog_C_M.csv,20,AvgDialog,Content,,无数道涟漪在你的精神维度中泛起。从世界各地传来的震荡，清晰地映入你的脑海。,無数の波紋があなたの精神次元に広がる。\n世界各地から伝わる震動が脳裏に映る。
AvgDialog_65479_Content_14,aoCx,avg章9_AvgDialog_C_M.csv,21,AvgDialog,Content,玩家,这是……融蚀裂隙！……,これは……融蝕の裂け目……！
AvgDialog_65479_Content_15,aoCy,avg章9_AvgDialog_C_M.csv,22,AvgDialog,Content,,你曾见过蜡像馆粘稠的炼狱，见过拉伊狰狞的深渊，也刚刚经历黑池恐怖的震荡。,あなたは蝋人形館の粘ついた煉獄や、ライの町の恐ろしい深淵を見て、昏き海の恐怖の震動を経験した。
AvgDialog_65479_Content_16,aoCz,avg章9_AvgDialog_C_M.csv,23,AvgDialog,Content,,你了解所有人类已知的关于融蚀的知识，但从未有任何记录告诉你，融蚀裂隙会如邪恶的黑色花朵，在同一时间绽放于世界的每一个角落。,あなたは融蝕に関する人間の知識をすべて理解している。だが融蝕の裂け目が世界中で同時に開くと告げる記録を見たことは一度もない。
AvgDialog_65479_Content_17,aoCA,avg章9_AvgDialog_C_M.csv,24,AvgDialog,Content,,"无数个世纪，无数个文明，人类前赴后继地探索，牺牲生命与热情。
但在真正的混沌面前，人类换来的只有脆弱与无知。",無数の世紀、無数の文明、人類は探求し、命と情熱を犠牲にした。\nしかし真の混沌の前では、抑圧と無知だけが残った。
AvgDialog_65479_Content_18,aoCB,avg章9_AvgDialog_C_M.csv,25,AvgDialog,Content,奈亚,"啧啧啧，真是壮观呐……
祂就快要苏醒。再这样愣着就来不及了，守密人。",はっ、これは壮観ですね……彼が目覚めようとしている。\n急がないと間に合いませんよ、守秘者。
AvgDialog_65479_Content_19,aoCC,avg章9_AvgDialog_C_M.csv,26,AvgDialog,Content,玩家,N……不是你？,N……お前の仕業じゃないの？
AvgDialog_65479_Content_20,aoCE,avg章9_AvgDialog_C_M.csv,27,AvgDialog,Content,奈亚,我？哈。,私ですか？はっ。
AvgDialog_65479_Content_21,aoCF,avg章9_AvgDialog_C_M.csv,28,AvgDialog,Content,,N深深嗅了一口手里的玫瑰，发出一声满足的叹息。,Nは手に持ったバラの香りを深く吸い、満足げにため息をついた。
AvgDialog_65479_Content_22,aoCG,avg章9_AvgDialog_C_M.csv,29,AvgDialog,Content,奈亚,自己下场，哪有看乐子有趣。,私が舞台で演じるより、見物の方が面白いものです。
AvgDialog_65479_Content_23,aoCH,avg章9_AvgDialog_C_M.csv,30,AvgDialog,Content,玩家,弥萨格的内鬼另有其人……,ミサゴ大学の内通者は別にいる……
AvgDialog_65479_Content_24,aoCI,avg章9_AvgDialog_C_M.csv,31,AvgDialog,Content,玩家,"没错……双子神像已经被击败，一定是那个内鬼在唤醒祂。
朵尔在查这件事，需要尽快找到她！",双子の神像は破壊された……そうか、内通者があの存在を目覚めさせているんだ。ドールが内通者を調べているはず。早く彼女に連絡を！
AvgDialog_65479_Content_25,aoCJ,avg章9_AvgDialog_C_M.csv,32,AvgDialog,Content,,你快速地按上了校徽的通讯键。,あなたは急いで校章の通信ボタンを押した。
AvgDialog_65479_Content_26,aoCK,avg章9_AvgDialog_C_M.csv,33,AvgDialog,Content,阿利斯泰尔彩色,朵尔已经失去了联络。,ドールとの連絡は途絶えました。
AvgDialog_65479_Content_27,aoCL,avg章9_AvgDialog_C_M.csv,34,AvgDialog,Content,玩家,！！！,！！！
AvgDialog_65479_Content_28,aoCM,avg章9_AvgDialog_C_M.csv,35,AvgDialog,Content,,在通讯器空白的回音里，阿利斯泰尔的身影从黑池的阴影中现出。,通信機の反響の中、アリステアの姿が昏き海の影から現れた。
AvgDialog_65479_Content_29,aoCN,avg章9_AvgDialog_C_M.csv,36,AvgDialog,Content,阿利斯泰尔彩色,看看这个。,これを見てください。
AvgDialog_65479_Content_30,aoCP,avg章9_AvgDialog_C_M.csv,37,AvgDialog,Content,,轮椅的扶手上，躺着一小块零件。,車椅子の肘掛けに、小さな部品が転がっている。
AvgDialog_65479_Content_31,aoCQ,avg章9_AvgDialog_C_M.csv,38,AvgDialog,Content,,朵尔的人工躯体,ドールの人工胴体
AvgDialog_65479_Content_32,aoCR,avg章9_AvgDialog_C_M.csv,39,AvgDialog,Content,玩家,这是……朵尔身体上的零件……,これは……ドールの体のパーツ……
AvgDialog_65479_Content_33,aoCS,avg章9_AvgDialog_C_M.csv,40,AvgDialog,Content,阿利斯泰尔彩色,她在这具身体里植入了程序，如果出现意外，无法对躯体进行操控，这个躯体会自动来找到我。,彼女はその体にプログラムを仕込んでいました。\n万が一彼女の体が制御不能になれば、自動で私を探すように。
AvgDialog_65479_Content_34,aoCT,avg章9_AvgDialog_C_M.csv,41,AvgDialog,Content,玩家,"朵尔她……失去了意识？！
这一定和那个内鬼有关系……！",ドールが……意識を失った！？\nこれは絶対に内通者と関係が……！
AvgDialog_65479_Content_35,aoCU,avg章9_AvgDialog_C_M.csv,42,AvgDialog,Content,,阿利斯泰尔凝重地点了点头。,アリステアは重々しくうなずいた。
AvgDialog_65479_Content_36,aoCV,avg章9_AvgDialog_C_M.csv,43,AvgDialog,Content,阿利斯泰尔彩色,朵尔的人工躯体上，有一道很微弱的气息。这是她留给我们的线索。,ドールの人工胴体に、かすかな気配が残っています。\n彼女が私たちに残した手がかりです。
AvgDialog_65479_Content_37,aoCW,avg章9_AvgDialog_C_M.csv,44,AvgDialog,Content,阿利斯泰尔彩色,"我已经感知到那道气息的存在。
它就位于黑池之中。",私はすでに、その気配の存在を感知しています。\nそれは昏き海の中にいます。
AvgDialog_65479_Content_38,aoCX,avg章9_AvgDialog_C_M.csv,45,AvgDialog,Content,玩家,他正在唤醒托乎瓦波……我们要尽快找到他！,内通者がトオワボを目覚めさせている……急いで見つけないと！
AvgDialog_65480_Content_1,aoDe,avg章9_AvgDialog_C_M.csv,49,AvgDialog,Content,拉蒙娜,在那里！,あそこよ！
AvgDialog_65480_Content_2,aoDp,avg章9_AvgDialog_C_M.csv,50,AvgDialog,Content,本源朵尔？？？,比我想象的慢了五分钟。五分钟，已经可以做到很多事了。,わたしの想定時刻より5分遅れね。\n5分あればできることはいくらでもあるわ。
AvgDialog_65480_Content_3,aoDA,avg章9_AvgDialog_C_M.csv,51,AvgDialog,Content,,「朵尔」？！！,「ドール」！？
AvgDialog_65480_Content_4,aoDL,avg章9_AvgDialog_C_M.csv,52,AvgDialog,Content,玩家,「朵尔」……是你？！,「ドール」……君なの！？
AvgDialog_65480_Content_5,aoDW,avg章9_AvgDialog_C_M.csv,53,AvgDialog,Content,,你看着这个长相和朵尔一般无二的唤醒体。她冰冷的声音里，散发着浓烈得抹不开的黏稠憎恶。,あなたはドールとそっくりな覚醒体を見る。\n彼女の冷たい声からは、拭い去れない濃厚な憎悪が感じ取れる。
AvgDialog_65480_Content_6,aoEh,avg章9_AvgDialog_C_M.csv,54,AvgDialog,Content,,——你认得这张脸。在一个多月以前，她潜入弥萨格，伪装成朵尔，制造了数起恶性案件，甚至差点利用银芯炸弹引发出巨大的融蚀裂隙。,——この顔に見覚えがある。\n1ヶ月前、彼女はドールに成りすましてミサゴ大学に潜入し、数々の凶悪な事件を引き起こした。シルバーコア爆弾を使い、大きな融蝕の裂け目を作り出そうとすらした。
AvgDialog_65480_Content_7,aoEp,avg章9_AvgDialog_C_M.csv,55,AvgDialog,Content,,"在毁灭了自己的维度之后，她的目光盯上了你们。
是你亲手将她封印在黑池深处。",自らの次元を破滅させた後、彼女の視線はあなたたちに向けられた。その後、あなた自身の手で彼女を昏き海の奥深くに封印したのだ。
AvgDialog_65480_Content_8,aoEq,avg章9_AvgDialog_C_M.csv,56,AvgDialog,Content,玩家,伤害无辜的民众，引发新的融蚀……为什么？「朵尔」。,罪のない人を傷つけて、新たな融蝕を引き起こすなんて……\nどうして？「ドール」。
AvgDialog_65480_Content_9,aoEr,avg章9_AvgDialog_C_M.csv,57,AvgDialog,Content,玩家,你在另一个维度对融蚀的研究，是不是出现了新的突破？,君の別次元での融蝕研究が、新たな突破口を見つけたの？
AvgDialog_65480_Content_10,aoDf,avg章9_AvgDialog_C_M.csv,58,AvgDialog,Content,玩家,「朵尔」，看着我，清醒一点！你从来都不是会选择毁灭的人！,「ドール」、私を見て、目を覚まして！\n君は破滅を選ぶような人なんかじゃない！
AvgDialog_65480_Content_11,aoDg,avg章9_AvgDialog_C_M.csv,59,AvgDialog,Content,,脑缸连接上了新的躯壳，关节处发出令人毛骨悚然的摩擦声，仿佛某种深藏于地下的生物正在挣脱束缚。,脳缶が新しい体に接続され、関節から身の毛もよだつ摩擦音が響く。まるで地下に潜む生物が束縛を解こうとしているかのようだ。
AvgDialog_65480_Content_13,aoDi,avg章9_AvgDialog_C_M.csv,61,AvgDialog,Content,,她笑了一声，笑声在寂静的空间中回荡，如同冰冷的利刃划过你的肌肤，仿佛在嘲弄着所有试图对抗她的愚蠢。,彼女はひと声笑った。静寂な空間に響く笑い声は冷たい刃のようで、立ち向かう者を嘲笑うかのようだった。
AvgDialog_65480_Content_14,aoDj,avg章9_AvgDialog_C_M.csv,62,AvgDialog,Content,朵尔（黑化）,这是唯一的出路！,これが唯一の道なのよ！
AvgDialog_65480_Content_15,aoDk,avg章9_AvgDialog_C_M.csv,63,AvgDialog,Content,朵尔（黑化）,在我看见@4的瞬间，我看见了所有可能性都被@2的未来。,わたしは@4を見た瞬間、すべての可能性が@2によって断たれた未来を見た。
AvgDialog_65480_Content_16,aoDl,avg章9_AvgDialog_C_M.csv,64,AvgDialog,Content,朵尔（黑化）,事到如今，希望只会是让人更加痛苦的毒药。只有在彻底、迅速的毁灭中，所有人才能获得真正的解脱。,こうなっては希望など、人を苦しめる毒にすぎないわ。\n徹底的で迅速な破壊のみが、すべての者に真の解放をもたらすの。
AvgDialog_65480_Content_17,aoDm,avg章9_AvgDialog_C_M.csv,65,AvgDialog,Content,玩家,不……不是这样的。我们击败过质体的化身，我们一起创造过奇迹。,違う……違うよ。\n私たちは、神子の化身を倒したんだ。奇跡を起こしたんだ。
AvgDialog_65480_Content_18,aoDn,avg章9_AvgDialog_C_M.csv,66,AvgDialog,Content,朵尔（黑化）,奇迹？,奇跡？
AvgDialog_65480_Content_19,aoDo,avg章9_AvgDialog_C_M.csv,67,AvgDialog,Content,,「朵尔」的眼睛中闪过一丝挣扎，但随即就被疯狂淹没。,「ドール」の目に一瞬迷いが走ったが、すぐに狂気に呑まれてしまった。
AvgDialog_65480_Content_20,aoDq,avg章9_AvgDialog_C_M.csv,68,AvgDialog,Content,朵尔（黑化）,奇迹都是短暂的幻觉，我们什么都没能改变。,奇跡はすべて、一瞬の幻覚にすぎないわ。\nわたしたちには何も変えられない。
AvgDialog_65480_Content_21,aoDr,avg章9_AvgDialog_C_M.csv,69,AvgDialog,Content,朵尔（黑化）,你根本不明白我知道了什么！这一切都是——,あなたはわたしが何を知ったか理解できないでしょう。\nこれはすべて——
AvgDialog_65480_Content_22,aoDs,avg章9_AvgDialog_C_M.csv,70,AvgDialog,Content,,她的声音变成了恐惧的音符，扎根腐败的空气中。她的嘴唇张合，试图咆哮超越理解的真相，但每个音节都远超人类的知性。,彼女の声は恐怖の音符と化し、腐敗した空気に根を下ろす。\n真実を叫ぶ、その音節のすべてが人間の理解を拒絶している。
AvgDialog_65480_Content_23,aoDt,avg章9_AvgDialog_C_M.csv,71,AvgDialog,Content,,扭曲、扭曲，如同来自未知的呐喊。恐惧和绝望也像浓雾般弥漫开来，悄然填满了房间的每一寸角落……,歪んで、歪みきった、未知からの叫びのように。\n恐怖と絶望が霧のように広がり、静かに部屋の隅々までを満たす。
AvgDialog_65480_Content_24,aoDu,avg章9_AvgDialog_C_M.csv,72,AvgDialog,Content,,……,……
AvgDialog_65480_Content_25,aoDv,avg章9_AvgDialog_C_M.csv,73,AvgDialog,Content,阿利斯泰尔彩色,她会尽全力蛊惑、拉拢你，你需要有自己的判断。,彼女は全力であなたを誘惑し、引き込もうとするでしょう。\nあなた自身の判断を持ってください。
AvgDialog_65480_Content_26,aoDw,avg章9_AvgDialog_C_M.csv,74,AvgDialog,Content,,你对老师点了点头，走向了黑池深处。,あなたはアリステアに頷き、昏き海の奥へ向かった。
AvgDialog_65480_Content_27,aoDx,avg章9_AvgDialog_C_M.csv,75,AvgDialog,Content,,「朵尔」被困在了如今这具躯壳中，一个封印法阵在她身后闪着幽暗的光芒。,「ドール」は今の肉体に囚われており、封印の法陣が背後で暗い光を放っている。
AvgDialog_65480_Content_28,aoDy,avg章9_AvgDialog_C_M.csv,76,AvgDialog,Content,,如同野兽般被困在局促的空间里，她的眼神却透露出一种无法被桎梏的疯狂。,狭い空間に閉じ込められていても、その瞳には獣のように束縛されぬ狂気が宿っている。
AvgDialog_65480_Content_29,aoDz,avg章9_AvgDialog_C_M.csv,77,AvgDialog,Content,朵尔（黑化）,哟……弥萨格的小狗来了。,あら……ミサゴ大学の子犬が何の用？
AvgDialog_65480_Content_30,aoDB,avg章9_AvgDialog_C_M.csv,78,AvgDialog,Content,,封印的底部深陷在一池深邃的黑暗之中，那里没有任何光明，只有无底的寂静和未知的恐惧在等待着她的降临。,封印の底は深い闇の縁に沈んでおり、そこには光はなく、底知れぬ静寂と未知の恐怖だけが彼女の到来を待つ。
AvgDialog_65480_Content_31,aoDC,avg章9_AvgDialog_C_M.csv,79,AvgDialog,Content,玩家,「朵尔」，你究竟从门后看见了…唔！,「ドール」、君は門の向こうで一体何を見たの……うっ！
AvgDialog_65480_Content_32,aoDD,avg章9_AvgDialog_C_M.csv,80,AvgDialog,Content,,她像是一道幽影般突然爆发出来，抓住你后脑的头发，把你的脸狠狠压在了她的肩膀上。,彼女は影のように突然襲いかかり、あなたの後頭部の髪を掴むと、顔を彼女の肩に強く押し付けた。
AvgDialog_65480_Content_33,aoDE,avg章9_AvgDialog_C_M.csv,81,AvgDialog,Content,,你吃痛地皱起眉头，身后响起随行人员的惊呼，但你此时只能听见耳畔那过于近的、朵尔饱含笑意的声音。,あなたは痛みで眉をひそめる。\n同行者の驚く声が響くが、耳元のドールの笑い声しか聞こえない。
AvgDialog_65480_Content_34,aoDF,avg章9_AvgDialog_C_M.csv,82,AvgDialog,Content,朵尔（黑化）,我们的@3，尚且看不见我们……,わたしたちの@3、まだわたしたちが見えない……？
AvgDialog_65480_Content_35,aoDG,avg章9_AvgDialog_C_M.csv,83,AvgDialog,Content,玩家,……什么？,……何？
AvgDialog_65480_Content_36,aoDH,avg章9_AvgDialog_C_M.csv,84,AvgDialog,Content,朵尔（黑化）,一旦@3的目光真正降临，所有的一切都将走向终结。,@3の視線が本当に降り注げば、すべてが終焉を迎えるの。
AvgDialog_65480_Content_37,aoDI,avg章9_AvgDialog_C_M.csv,85,AvgDialog,Content,朵尔（黑化）,在终极到来以前，你随时可以摘下弥萨格的项圈，投入我的怀抱。,終焉が訪れる前に、ミサゴの首輪を外して、わたしの胸に身を委ねればいいのよ。
AvgDialog_65480_Content_38,aoDJ,avg章9_AvgDialog_C_M.csv,86,AvgDialog,Content,,她毫不理会你的反应，只是自顾自地诉说病态的邀请，热情而真挚，仿佛附在你耳边悄然吐露情话的情人。,彼女はあなたの反応など気にもせず、熱心で真摯に、それでいて病的な招待を語り続ける。まるで耳元で愛の言葉を囁く恋人のように。
AvgDialog_65480_Content_39,aoDK,avg章9_AvgDialog_C_M.csv,87,AvgDialog,Content,朵尔（黑化）,我会在这里看着你。,ここであなたを見守っているわ。
AvgDialog_65480_Content_40,aoDM,avg章9_AvgDialog_C_M.csv,88,AvgDialog,Content,,随行人员迅速将你们分开，给她加上了更多禁锢。,同行者たちがすぐにあなたを引き離し、彼女にさらに拘束を施した。
AvgDialog_65480_Content_41,aoDN,avg章9_AvgDialog_C_M.csv,89,AvgDialog,Content,,她没有任何反应，温驯如真正的人偶，只有那双眼睛始终注视着你，仿佛会穿透一切，一直跟随你的灵魂。,彼女は何の反応を示さず、本物の人形のように従順だった。\nただその眼は、すべてを見透かすかのようにあなたを見据え続けた。
AvgDialog_65480_Content_42,aoDO,avg章9_AvgDialog_C_M.csv,90,AvgDialog,Content,,就像在等待一场令人期待的重逢。,まるで、待ち望んだ再会を迎えるかのように。
AvgDialog_65480_Content_43,aoDP,avg章9_AvgDialog_C_M.csv,91,AvgDialog,Content,,弥萨格被入侵的真相终于在你心中拼凑成型。,あなたの頭の中で、ミサゴ大学襲撃の真相が次第に形を成していく。
AvgDialog_65480_Content_44,aoDQ,avg章9_AvgDialog_C_M.csv,92,AvgDialog,Content,,是她破除了封印，与于丽埃特取得联系，向她提供了进入弥萨格的方法。,彼女が封印を破り、ジュリエットと連絡を取ってミサゴ大学への侵入方法を教えたのだ。
AvgDialog_65480_Content_45,aoDR,avg章9_AvgDialog_C_M.csv,93,AvgDialog,Content,,在于丽埃特打开门扉之后，也是她在暗中为无上意志的目光指引方向。,ジュリエットが門を開いた後、闇の中で至高の意思の視線に方向を示したのも彼女だった。
AvgDialog_65480_Content_46,aoDS,avg章9_AvgDialog_C_M.csv,94,AvgDialog,Content,,而负责调查内鬼的朵尔……,そして、内通者の調査をしていたドールは……
AvgDialog_65480_Content_47,aoDT,avg章9_AvgDialog_C_M.csv,95,AvgDialog,Content,,朵尔在哪？,ドールはどこ？
AvgDialog_65480_Content_48,aoDU,avg章9_AvgDialog_C_M.csv,96,AvgDialog,Content,玩家,朵尔在哪里……你把她怎么样了？！,ドールはどこ……？\n彼女に何をしたの！？
AvgDialog_65480_Content_49,aoDV,avg章9_AvgDialog_C_M.csv,97,AvgDialog,Content,朵尔（黑化）,她足够聪明，如果不是为了尽快将我逃离的事情告诉你，她不至于误入我设下的陷阱。,彼女はとても賢いけれど、わたしを逃がしたことをすぐにあなたに伝えようとしてしまった。\n簡単に罠にはまるくらい焦っていたみたいね。
AvgDialog_65480_Content_50,aoDX,avg章9_AvgDialog_C_M.csv,98,AvgDialog,Content,朵尔（黑化）,"她信任你。唯独在这件事上，她犯了错。
信任了不该信任的人，就应该付出代价。你说对吗，守密人？",彼女はあなたを信頼していたわ。だから間違いを犯した。信頼すべきでない相手を信頼したら代償を払うべき。そうでしょう、守秘者？
AvgDialog_65480_Content_51,aoDY,avg章9_AvgDialog_C_M.csv,99,AvgDialog,Content,,她转过身。手里随意地抛着一个缸中之脑。,彼女は背を向けて、脳缶をひとつ、手の中で気軽に放り上げていた。
AvgDialog_65480_Content_52,aoDZ,avg章9_AvgDialog_C_M.csv,100,AvgDialog,Content,玩家,那是……！,それは……！
AvgDialog_65480_Content_53,aoEa,avg章9_AvgDialog_C_M.csv,101,AvgDialog,Content,朵尔（黑化）,意识被困在脑缸中，那些备用的身体也就失去了作用。,意識が脳缶に閉じ込められては、予備の身体も無意味ね。
AvgDialog_65480_Content_54,aoEb,avg章9_AvgDialog_C_M.csv,102,AvgDialog,Content,朵尔（黑化）,"放心，她死不了，我也不会让她死。
我要让她亲眼看看，她想守护的东西，是如何被毁灭的。",安心して。彼女は死なない——いいえ、死なせないわ。\n彼女が守りたいものが壊れる様を、彼女自身に見せてあげたいの。
AvgDialog_65480_Content_55,aoEc,avg章9_AvgDialog_C_M.csv,103,AvgDialog,Content,朵尔（黑化）,我会证明，你们错了。,あなたたちミサゴ大学が間違っていることを、わたしが証明する。
AvgDialog_65480_Content_56,aoEd,avg章9_AvgDialog_C_M.csv,104,AvgDialog,Content,玩家,那道封印是弥萨格的创始人和塔薇所创造……你竟然……,ミサゴ大学の創始者とタヴィが創造した封印を……君は……
AvgDialog_65480_Content_57,aoEe,avg章9_AvgDialog_C_M.csv,105,AvgDialog,Content,朵尔（黑化）,弥萨格的封印的确麻烦。不过再麻烦的封印，思考了这么久，也足够我想到解开的办法了。,ミサゴ大学の封印は確かに厄介だったわ。でもね、どれだけ厄介な封印であっても、時間さえあれば解く方法はあるものよ。
AvgDialog_65480_Content_58,aoEf,avg章9_AvgDialog_C_M.csv,106,AvgDialog,Content,朵尔（黑化）,自毁躯体，转移到朵尔的备用身体之中。很简单，不是吗？,自分の体を壊して、ドールの予備の体に移る。簡単なことでしょう？
AvgDialog_65480_Content_59,aoEg,avg章9_AvgDialog_C_M.csv,107,AvgDialog,Content,朵尔（黑化）,下次记得再狠心一些，连我的脑子也一起毁掉——不过很遗憾，没有下次了。,次があるなら、わたしの脳ごと壊すくらいの覚悟を持ちなさい。\n——もっとも、次はないけど。
AvgDialog_65480_Content_60,aoEi,avg章9_AvgDialog_C_M.csv,108,AvgDialog,Content,玩家,破除校外的迷雾，破坏黑池，引来无上意志……这些都是你做的？,校外の霧を破り、昏き海を破壊し、至高の意思を引き寄せた……\nすべて君がやったの？
AvgDialog_65480_Content_61,aoEj,avg章9_AvgDialog_C_M.csv,109,AvgDialog,Content,朵尔（黑化）,是我。现在，只差最后一步。,ええ、わたしが。あとは最後の一手。
AvgDialog_65480_Content_62,aoEk,avg章9_AvgDialog_C_M.csv,110,AvgDialog,Content,,她的嘴角轻轻勾起，露出一颗尖利的牙。,彼女の口元がほころび、鋭い牙が一本覗いた。
AvgDialog_65480_Content_63,aoEl,avg章9_AvgDialog_C_M.csv,111,AvgDialog,Content,朵尔（黑化）,我已放置了信标。祂已经看到了这里，看到了你们。那道门，已无法关闭。,もうすでに目印を設置したわ。あの方はすでにここを、そしてあなたたちを見ている。あの門はもう閉じられない。
AvgDialog_65480_Content_64,aoEm,avg章9_AvgDialog_C_M.csv,112,AvgDialog,Content,朵尔（黑化）,你输了，守密人。,あなたの負けよ、守秘者。
AvgDialog_65480_Content_65,aoEn,avg章9_AvgDialog_C_M.csv,113,AvgDialog,Content,,巨大的声浪从她的身后传来，爆破的骤风扬起她殷红刺目的卷发，昭示胜利的尖锐笑声几乎贯穿你的耳膜。,巨大な爆音が彼女の背後から響き、爆風が深紅の髪を舞い上げる。\n鋭い笑い声があなたの鼓膜を貫いた。
AvgDialog_65480_Content_66,aoEo,avg章9_AvgDialog_C_M.csv,114,AvgDialog,Content,阿利斯泰尔彩色,托乎瓦波的苏醒在加速……阻止她！,トオワボの目覚めが加速しています……\n彼女を阻止してください！
AvgDialog_65478_Content_1,aoBK,avg章9_AvgDialog_C_M.csv,118,AvgDialog,Content,玩家,你的信标已经被毁掉，「朵尔」！,君の目印は破壊されたよ、「ドール」！
AvgDialog_65478_Content_2,aoBV,avg章9_AvgDialog_C_M.csv,119,AvgDialog,Content,玩家,于丽埃特已经看到了真相，那不是你们想要的未来……,ジュリエットの見た真実は、君の望む未来じゃない……
AvgDialog_65478_Content_3,aoCg,avg章9_AvgDialog_C_M.csv,120,AvgDialog,Content,朵尔（黑化）,未来？我和于丽埃特那个单纯的家伙不一样。我想要的，从来就不是什么未来。,未来？ジュリエットとわたしは違うわ。\nわたしが望むのは未来じゃないの。
AvgDialog_65478_Content_4,aoCm,avg章9_AvgDialog_C_M.csv,121,AvgDialog,Content,,零件与浑浊的液体铺满她的脚下，鲜血与浑浊的融蚀液洒满她的全身，她浑然不觉，爆发出一阵与纤瘦身躯极不相符的狂妄兴奋的大笑。,パーツが散乱する足元から、血と混濁した融蝕液が彼女の全身に飛び散る。しかし彼女は気にする様子もなく、痩せた体に似合わぬほど狂ったように笑った。
AvgDialog_65478_Content_5,aoCn,avg章9_AvgDialog_C_M.csv,122,AvgDialog,Content,朵尔（黑化）,来不及了，愚钝的人类。,人間って愚かね。\nもう間に合わないわ。
AvgDialog_65478_Content_6,aoCo,avg章9_AvgDialog_C_M.csv,123,AvgDialog,Content,朵尔（黑化）,"战斗的胜负，已经无关紧要……
最终的赢家是我，守密人。",戦闘の勝敗にも意味はないわ……\n最後に勝つのはわたしよ、守秘者。
AvgDialog_65478_Content_7,aoCp,avg章9_AvgDialog_C_M.csv,124,AvgDialog,Content,玩家,！！！,！！！
AvgDialog_65478_Content_8,aoCq,avg章9_AvgDialog_C_M.csv,125,AvgDialog,Content,,「朵尔」脸上带着满足的笑意，双手微微张开，如同一朵虔诚腐败的花束。,「ドール」は顔に満足そうな笑みを浮かべ、両手をそっと広げた。\nまるで信仰と腐敗が混在した花束のようだ。
AvgDialog_65478_Content_9,aoCr,avg章9_AvgDialog_C_M.csv,126,AvgDialog,Content,,她缓缓跪倒在地，在她身后，那扇巨大的门扉，已完全打开。,彼女はゆっくりと地面にひざまずいた。\nその背後で巨大な門が完全に開かれていた。
AvgDialog_65478_Content_10,aoBL,avg章9_AvgDialog_C_M.csv,127,AvgDialog,Content,？？？,@2……,@2……
AvgDialog_65478_Content_11,aoBM,avg章9_AvgDialog_C_M.csv,128,AvgDialog,Content,玩家,这是……不！……,これは……いや……！
AvgDialog_65478_Content_12,aoBN,avg章9_AvgDialog_C_M.csv,129,AvgDialog,Content,玩家,这是……不！……,これは……いや……！
AvgDialog_65478_Content_13,aoBO,avg章9_AvgDialog_C_M.csv,130,AvgDialog,Content,,空洞，液化，粉末，消失。融蚀发展的流程你烂熟于心。,空っぽになり、液化し、粉となり、消える。\n融蝕の過程と結末をあなたは熟知している。
AvgDialog_65478_Content_14,aoBP,avg章9_AvgDialog_C_M.csv,131,AvgDialog,Content,,但在这道目光下，你对于融蚀的一切认知已完全失效。,しかしその視線の下では、あなたの融蝕の知識もすべて無となる。
AvgDialog_65478_Content_15,aoBQ,avg章9_AvgDialog_C_M.csv,132,AvgDialog,Content,,墙壁在消失。台阶在消失。甚至黑池本身也在消失。,壁が消えている。階段が消えている。昏き海さえも消えている。
AvgDialog_65478_Content_16,aoBR,avg章9_AvgDialog_C_M.csv,133,AvgDialog,Content,,你忘记了墙壁的颜色。你忘记了台阶的位置。那道目光之下，万事万物化作永恒的虚无，连空白的概念都不曾遗留。,あなたは壁の色を忘れた。階段の位置を忘れた。その視線の下、万物は永遠の虚無と化し、空白という概念すら残されなかった。
AvgDialog_65478_Content_17,aoBS,avg章9_AvgDialog_C_M.csv,134,AvgDialog,Content,,那道目光逡巡着，最终定格在你的身上。,その視線はさまよった後、ついにあなたへと注がれる。
AvgDialog_65478_Content_18,aoBT,avg章9_AvgDialog_C_M.csv,135,AvgDialog,Content,玩家,！！！,！！！
AvgDialog_65478_Content_20,aoBW,avg章9_AvgDialog_C_M.csv,137,AvgDialog,Content,塔薇,睁开眼，守密人。,目を開け、守秘者。
AvgDialog_65478_Content_21,aoBX,avg章9_AvgDialog_C_M.csv,138,AvgDialog,Content,,那光芒一点也不让你觉得刺眼，只让你感到温和，如同堆满你眼中的银白羽毛。,その光は眩しくなく穏やかで、目に銀白の羽毛が積もったようだった。
AvgDialog_65478_Content_22,aoBY,avg章9_AvgDialog_C_M.csv,139,AvgDialog,Content,,"在你面前的，是塔薇的脸。
一如初见那日，神圣，温和，不可侵犯。",あなたの前にあるのは、タヴィの顔。\n初めて会ったあの日のように温和で、不可侵の神聖を纏う。
AvgDialog_65478_Content_23,aoBZ,avg章9_AvgDialog_C_M.csv,140,AvgDialog,Content,,祂的六翼舒展开来，挡在你与那道毁灭一切的目光之间。超越常理的圣洁光芒在背后闪烁。每一次翕动，都是一次维度的变化，将那毁灭一切的目光转移向那不存在的奇点。,タヴィが六翼を広げ、あなたと破滅の視線の間に立ちはだかる。\n羽ばたくたび次元が変わり、視線を存在しない特異点へと逸らす。
AvgDialog_65478_Content_24,aoCa,avg章9_AvgDialog_C_M.csv,141,AvgDialog,Content,,融蚀的黑液沿着她的羽翼滑落，觊觎着每一寸不可亵渎的圣体。每一个瞬间，祂的身躯无数次化为枯骨，祂的面容无数次被融蚀殆尽，又无数次恢复如初。,黒い融蝕液が彼女の翼を伝い、聖なる体を侵す。\nその身は朽ち果てては再生して抗い、それを絶え間なく繰り返す。
AvgDialog_65478_Content_25,aoCb,avg章9_AvgDialog_C_M.csv,142,AvgDialog,Content,,——祂以维度对抗那道目光，对抗那毁灭一切、无可违逆的意志。,次元を操り、すべてを滅ぼすその眼差しに、逆らいようのない意志に抗い続けた。
AvgDialog_65478_Content_26,aoCc,avg章9_AvgDialog_C_M.csv,143,AvgDialog,Content,,在这场纯净与污秽的战争里，祂们在每个瞬间进行着无数次交锋。每一次交锋，都让塔薇的脸色变得虚弱一分。,純潔と汚濁の戦いで、神々は無数の交戦を繰り返し、タヴィの顔色は一撃ごとに青ざめていく。
AvgDialog_65478_Content_27,aoCd,avg章9_AvgDialog_C_M.csv,144,AvgDialog,Content,塔薇,祂的目光，将暂时停留在我藏身的维度。你还有时间，守密人。,奴の視線が、我の隠れし次元に一時、留まるであろう。\n時はまだある、守秘者よ。
AvgDialog_65478_Content_28,aoCe,avg章9_AvgDialog_C_M.csv,145,AvgDialog,Content,玩家,塔薇，你……！,タヴィ、君は……！
AvgDialog_65478_Content_29,aoCf,avg章9_AvgDialog_C_M.csv,146,AvgDialog,Content,塔薇,听我说，守密人。,聞け、守秘者よ。
AvgDialog_65478_Content_30,aoCh,avg章9_AvgDialog_C_M.csv,147,AvgDialog,Content,塔薇,跨入门扉。去找到答案。去想起，关于你自己的一切。,門を超え、答えを見つけよ。\nそなた自身のすべてを思い出すのだ。
AvgDialog_65478_Content_31,aoCi,avg章9_AvgDialog_C_M.csv,148,AvgDialog,Content,,她望着你。那张温和圣洁的脸上，有着不可违逆的威严。,彼女があなたを見つめている。\n穏やかで清らかな顔に、逆らうことのできない威厳がある。
AvgDialog_65478_Content_32,aoCj,avg章9_AvgDialog_C_M.csv,149,AvgDialog,Content,塔薇,你打败了我们。你做到了。,そなたは我らを倒した。成し遂げたのだ。
AvgDialog_65478_Content_33,aoCk,avg章9_AvgDialog_C_M.csv,150,AvgDialog,Content,塔薇,现在，去拯救他们。,此度は、彼らを救いに行くのだ。
AvgDialog_65478_Content_34,aoCl,avg章9_AvgDialog_C_M.csv,151,AvgDialog,Content,塔薇,你还会再做到一次的。对吗，守密人？,そなたはきっと、また成し遂げるであろう。\nそうではないのか、守秘者よ？
AvgDialog_65481_Content_1,aoEs,avg章9_AvgDialog_C_M.csv,153,AvgDialog,Content,,祭礼,儀式
AvgDialog_65481_Content_2,aoED,avg章9_AvgDialog_C_M.csv,154,AvgDialog,Content,,开启的门扉静静伫立在你面前，如同一道诡丽的邀请。,開かれた門があなたの前に静かに立つ。\n不気味な招待状のように。
AvgDialog_65481_Content_3,aoEO,avg章9_AvgDialog_C_M.csv,155,AvgDialog,Content,,那只被转移到其他维度的眼睛暂时消失不见，奇异的光彩透过门缝，映照着你犹疑的脸。,他次元へ転移したあの眼は一時的に消えた。\n異様な光が門の隙間から漏れ、あなたの困惑した顔を照らしている。
AvgDialog_65481_Content_4,aoEZ,avg章9_AvgDialog_C_M.csv,156,AvgDialog,Content,拉蒙娜,守密人……,守秘者……
AvgDialog_65481_Content_5,aoFk,avg章9_AvgDialog_C_M.csv,157,AvgDialog,Content,,看到你回头，她略微低下头，但拉住你衣角的手没有丝毫放下的意思。,あなたが振り返るのを見て、彼女は少しうつむいた。\nあなたの服の裾を掴むを離そうとはしない。
AvgDialog_65481_Content_6,aoFv,avg章9_AvgDialog_C_M.csv,158,AvgDialog,Content,玩家,拉蒙娜？,ラモンナ？
AvgDialog_65481_Content_7,aoFD,avg章9_AvgDialog_C_M.csv,159,AvgDialog,Content,拉蒙娜,我有种不好的预感……,嫌な予感がするの……
AvgDialog_65481_Content_8,aoFE,avg章9_AvgDialog_C_M.csv,160,AvgDialog,Content,拉蒙娜,另一个我，曾经见证过无数的选择。我没有她的记忆，可……,もう一人の私は、無数の選択を見てきた。\n私に彼女の記憶はないけれど……
AvgDialog_65481_Content_9,aoFF,avg章9_AvgDialog_C_M.csv,161,AvgDialog,Content,拉蒙娜,我知道，这道门扉之后的结果，不会是我想要见到的……,分かってるの。\nこの扉の向こうにあるものは、私が見たい結果じゃないって……
AvgDialog_65481_Content_10,aoEt,avg章9_AvgDialog_C_M.csv,162,AvgDialog,Content,玩家,拉蒙娜……,ラモンナ……
AvgDialog_65481_Content_11,aoEu,avg章9_AvgDialog_C_M.csv,163,AvgDialog,Content,,你拍了拍她的手，尽量地掩饰下自己的不安，温和地对她扬起嘴角。,あなたは彼女の手を軽く握り、自分の不安をできるだけ押し隠しながら、穏やかに微笑みかけた。
AvgDialog_65481_Content_12,aoEv,avg章9_AvgDialog_C_M.csv,164,AvgDialog,Content,玩家,为了你，为了你们……我必须进去。这是我的责任。,君たち、君のために……私は扉の中に入る。\nこれは私の責任だよ。
AvgDialog_65481_Content_13,aoEw,avg章9_AvgDialog_C_M.csv,165,AvgDialog,Content,拉蒙娜,守密人，你会回来，你会一直和我并肩作战，直到我们消灭融蚀的那一天……记得你答应过我的话！,守秘者、あなたを信じてる。融蝕を消し去るその日まで、ずっと一緒に……私と交わした約束、忘れないでね。
AvgDialog_65481_Content_14,aoEx,avg章9_AvgDialog_C_M.csv,166,AvgDialog,Content,,你郑重地点了点头。拉开她的手，你转身面对门扉。,あなたは深くうなずいた。\n彼女の手をそっとほどき、扉と向き合う。
AvgDialog_65481_Content_15,aoEy,avg章9_AvgDialog_C_M.csv,167,AvgDialog,Content,,叮——,リーン——
AvgDialog_65481_Content_16,aoEz,avg章9_AvgDialog_C_M.csv,168,AvgDialog,Content,,胸前传来震荡。银钥匙似乎受到某种感召，漂浮在你的身前。,胸元に震動が走る。\n銀の鍵が何かに呼応し、あなたの前に浮かび上がった。
AvgDialog_65481_Content_17,aoEA,avg章9_AvgDialog_C_M.csv,169,AvgDialog,Content,,强烈的银色光芒，从银钥匙上散发出来，然后消失。,強烈な銀色の光が銀の鍵から放たれ、そして消えた。
AvgDialog_65481_Content_18,aoEB,avg章9_AvgDialog_C_M.csv,170,AvgDialog,Content,,你听见低沉的轰鸣声。两道望不到边际、也触碰不到实体的门，缓缓向后打开。,低い轟音が聞こえる。果ての見えない、実態に触れることすらできない二枚の門扉がゆっくりと開く。
AvgDialog_65481_Content_19,aoEC,avg章9_AvgDialog_C_M.csv,171,AvgDialog,Content,,黑色的光芒从门内涌出，包围着你。,黒い輝きが門の奥から溢れ出し、あなたを包み込む。
AvgDialog_65481_Content_20,aoEE,avg章9_AvgDialog_C_M.csv,172,AvgDialog,Content,,门、双子、身影……身周的一切都消失了。黑色光芒带你进入到一个新的维度。,門、双子、影……周囲のすべてが消失した。\n黒い輝きがあなたを新たな次元へと導く。
AvgDialog_65481_Content_21,aoEF,avg章9_AvgDialog_C_M.csv,173,AvgDialog,Content,,一切都从这个维度中消失。只有纯粹的黑暗。,すべてがこの次元から消え失せた。あとに残るのは、純粋な闇だけ。
AvgDialog_65481_Content_22,aoEG,avg章9_AvgDialog_C_M.csv,174,AvgDialog,Content,,……,……
AvgDialog_65481_Content_23,aoEH,avg章9_AvgDialog_C_M.csv,175,AvgDialog,Content,？？？,@2@3……,@2@3……
AvgDialog_65481_Content_24,aoEI,avg章9_AvgDialog_C_M.csv,176,AvgDialog,Content,,……,……
AvgDialog_65481_Content_26,aoEK,avg章9_AvgDialog_C_M.csv,178,AvgDialog,Content,,一个光球出现在你面前。第二个，第三个……,光球が一つあなたの前に現れた。二つ、三つと増えていく。
AvgDialog_65481_Content_27,aoEL,avg章9_AvgDialog_C_M.csv,179,AvgDialog,Content,,陆离的色彩在无数光球表面流动闪烁，如同繁复的花朵，在这个黑暗的空间中一个个盛开，又一个个破灭。,色とりどりの光が無数の光球の表面を流れ煌めき、幾重にも重なる花のように暗闇で咲いては散る。
AvgDialog_65481_Content_28,aoEM,avg章9_AvgDialog_C_M.csv,180,AvgDialog,Content,,在那些生灭不息的泡沫中，你看见色彩的概念在你眼前舞动、循环；,生まれては消えゆく無数の光の泡の中で、あなたは「色」という概念が目の前で踊り、巡っていくのを見た。
AvgDialog_65481_Content_29,aoEN,avg章9_AvgDialog_C_M.csv,181,AvgDialog,Content,,你看见所有的文字在泡沫中叠加成一个点，一篇宏伟、无限的史诗；,あなたは泡沫の中ですべての文字が一点に重なり、壮大で無限の叙事詩を成すのを見た。
AvgDialog_65481_Content_30,aoEP,avg章9_AvgDialog_C_M.csv,182,AvgDialog,Content,,你看见过去、现在、未来的画面。你看见存在与毁灭的所有时空。,あなたは過去、現在、未来の情景を見た。\n存在と消滅の、すべての時空を見た。
AvgDialog_65481_Content_31,aoEQ,avg章9_AvgDialog_C_M.csv,183,AvgDialog,Content,,似乎有一道光在你体内绽放，穿过你的脏腑与脑海。,体の奥で光がきらめき、内臓と脳を貫いていく。
AvgDialog_65481_Content_32,aoER,avg章9_AvgDialog_C_M.csv,184,AvgDialog,Content,玩家,智之质体……契诃玛……达阿特……,知識の神子……チェヘマ……ダアト……
AvgDialog_65481_Content_33,aoES,avg章9_AvgDialog_C_M.csv,185,AvgDialog,Content,玩家,请告诉我，我要如何才能打败无上意志。我要如何，才能保护他们……,教えてほしい。どうすれば至高の意思を倒せるのか。\nどうすれば、みんなを守れるのか……
AvgDialog_65481_Content_34,aoET,avg章9_AvgDialog_C_M.csv,186,AvgDialog,Content,,契诃玛-达阿特。这个名字清晰地在这个空间里响起。,チェヘマ・ダアト。\nこの名前がこの空間にはっきりと響き渡る。
AvgDialog_65481_Content_35,aoEU,avg章9_AvgDialog_C_M.csv,187,AvgDialog,Content,,一个泡泡漂浮到你面前，你伸出手指，虔诚地触碰它。,一つの泡があなたの前まで漂ってきた。\nあなたは指を伸ばし、祈るようにそれに触れる。
AvgDialog_65481_Content_36,aoEV,avg章9_AvgDialog_C_M.csv,188,AvgDialog,Content,,啪——,パッ——
AvgDialog_65481_Content_37,aoEW,avg章9_AvgDialog_C_M.csv,189,AvgDialog,Content,,泡泡在你面前破碎成无数个细微的光点。那些光点环绕着你，如同纱幔般，轻轻覆盖在你身上。,泡が、無数の細やかな光の粒へと散る。\nその光の粒たちはあなたの周りを巡り、薄い砂のように、\nそっとあなたの身を包み込んだ。
AvgDialog_65481_Content_38,aoEX,avg章9_AvgDialog_C_M.csv,190,AvgDialog,Content,契诃玛-达阿特,祂是开端，是终结……祂是一切……,それは始まりにして、終わり……それはすべて……
AvgDialog_65481_Content_39,aoEY,avg章9_AvgDialog_C_M.csv,191,AvgDialog,Content,契诃玛-达阿特,无上意志，不可战胜。,至高の意思、打ち倒すこと能わず。
AvgDialog_65481_Content_40,aoFa,avg章9_AvgDialog_C_M.csv,192,AvgDialog,Content,,浑浊遥远的声音，从每一个泡泡的内部、从你的脑内响起。,遠く濁った声が、泡の一つ一つからあなたの脳内に響いてくる。
AvgDialog_65481_Content_41,aoFb,avg章9_AvgDialog_C_M.csv,193,AvgDialog,Content,玩家,不……生命，文明，情感……我们的世界，不能就这样毁掉！,ダメだ……命、文明、感情……\n私たちの世界を、こんなふうに滅ぼさせはしない！
AvgDialog_65481_Content_42,aoFc,avg章9_AvgDialog_C_M.csv,194,AvgDialog,Content,契诃玛-达阿特,看着我。倾听我。无目之瞳的碎片。无目之瞳的意识。无目之瞳的暗面……,我を見よ。聞け。目のない瞳の欠片よ、目のない瞳の意識よ、目のない瞳の暗き側面よ……
AvgDialog_65481_Content_43,aoFd,avg章9_AvgDialog_C_M.csv,195,AvgDialog,Content,玩家,意识、暗面……您的意思是？,意識、暗き側面……\nそれは、どういう意味？
AvgDialog_65481_Content_44,aoFe,avg章9_AvgDialog_C_M.csv,196,AvgDialog,Content,,你抬起头，望着眼前无数的虚幻泡沫。,あなたは顔を上げ、目の前に漂う無数の虚ろな泡沫を見上げた。
AvgDialog_65481_Content_45,aoFf,avg章9_AvgDialog_C_M.csv,197,AvgDialog,Content,契诃玛-达阿特,在祂苏醒之前，关闭门扉。让无上意志，再度陷入沉睡。你的世界，将暂时解脱。,あの存在が目覚める前に、門を閉ざせ。至高の意思を、再び眠りに就かせよ。さすれば汝の世界は、しばしの解放を得る。
AvgDialog_65481_Content_46,aoFg,avg章9_AvgDialog_C_M.csv,198,AvgDialog,Content,契诃玛-达阿特,当你恢复暗面的权柄，你将得到关闭门扉的力量。,汝が暗き側面の権能を取り戻したとき、門を閉ざす力を得るだろう。
AvgDialog_65481_Content_47,aoFh,avg章9_AvgDialog_C_M.csv,199,AvgDialog,Content,契诃玛-达阿特,你的世界，你在意之人……他们无法承受无上意志碎片的力量。,汝の世界、汝の想う者たち……\n彼らに、至高の意思の力は欠片でも耐えられぬ。
AvgDialog_65481_Content_48,aoFi,avg章9_AvgDialog_C_M.csv,200,AvgDialog,Content,契诃玛-达阿特,"你将抛弃一切，永世镇守于门扉之前。
你将死去，在无意识的黑暗中，度过漫长到无限的时光……",ゆえに汝はすべてを捨て去り、永久に門の前を守らねばならぬ。\n汝は死に、意識なき暗闇の中で果てなき悠久の時を過ごすのだ……
AvgDialog_65481_Content_49,aoFj,avg章9_AvgDialog_C_M.csv,201,AvgDialog,Content,契诃玛-达阿特,无目之瞳的碎片，这些……是你将付出的代价。,目のない瞳の欠片よ、これらが……汝が払う代価になる。
AvgDialog_65481_Content_50,aoFl,avg章9_AvgDialog_C_M.csv,202,AvgDialog,Content,,在面前的泡泡上，你看到了自己的脸。,目の前の泡に、自分の顔が映った。
AvgDialog_65481_Content_51,aoFm,avg章9_AvgDialog_C_M.csv,203,AvgDialog,Content,,冷汗从那张脸上滑落。它在颤抖，因为寒冷，因为恐惧。,冷や汗が顔を伝って流れ落ちる。\n寒さと恐怖で震えていた。
AvgDialog_65481_Content_52,aoFn,avg章9_AvgDialog_C_M.csv,204,AvgDialog,Content,,你想象着那不彻底的、漫长的死亡，那将令一切生命陷入疯狂的永恒的孤寂。,あなたは、暗闇の中で果てのない死を想像した。\nそれはすべての生命を発狂させる永遠の孤独に思えた。
AvgDialog_65481_Content_53,aoFo,avg章9_AvgDialog_C_M.csv,205,AvgDialog,Content,玩家,没有其他办法了吗……我答应过拉蒙娜，我答应过他们……,他に方法はないの？\n……ラモンナと、皆と約束したのに……
AvgDialog_65481_Content_54,aoFp,avg章9_AvgDialog_C_M.csv,206,AvgDialog,Content,契诃玛-达阿特,祂的眼已睁开。抵抗祂的力量，关闭门扉，让祂再度陷入沉睡。这是唯一的道路。,彼の目は、すでに開かれた。彼の力に抗い、門を閉ざし、彼を再び眠りへと沈めるのだ。これこそが、唯一の道。
AvgDialog_65481_Content_55,aoFq,avg章9_AvgDialog_C_M.csv,207,AvgDialog,Content,契诃玛-达阿特,选择吧。,選べ。
AvgDialog_65481_Content_56,aoFr,avg章9_AvgDialog_C_M.csv,208,AvgDialog,Content,,时间似乎停滞了。你终于看清了身边那些虚幻的色彩。,時が止まったかのようだ。あなたはついに、身の回りに揺らめく虚ろな色彩をはっきりと捉えた。
AvgDialog_65481_Content_57,aoFs,avg章9_AvgDialog_C_M.csv,209,AvgDialog,Content,,那上面流淌着的，是你记忆里的一切画面。,そこに流れているのは、あなたの記憶にあるすべての光景だった。
AvgDialog_65481_Content_58,aoFt,avg章9_AvgDialog_C_M.csv,210,AvgDialog,Content,,第一次握住银钥匙……第一次链接唤醒体……第一次关闭融蚀裂隙……,初めてシルバーキーを握ったとき……\n初めて覚醒体とリンクしたとき……\n初めて融蝕の裂け目を閉じたとき……
AvgDialog_65481_Content_59,aoFu,avg章9_AvgDialog_C_M.csv,211,AvgDialog,Content,,那无数的画面，那无数的脸，望向你。,その無数の光景、無数の顔が、あなたを見つめている。
AvgDialog_65481_Content_60,aoFw,avg章9_AvgDialog_C_M.csv,212,AvgDialog,Content,,你深吸了一口气，抬起头。,あなたは深く息を吸い、顔を上げた。
AvgDialog_65481_Content_61,aoFx,avg章9_AvgDialog_C_M.csv,213,AvgDialog,Content,,我……愿意。,私は……それでかまわない。
AvgDialog_65481_Content_62,aoFy,avg章9_AvgDialog_C_M.csv,214,AvgDialog,Content,玩家,我……愿意。,私は……それでかまわない。
AvgDialog_65481_Content_63,aoFz,avg章9_AvgDialog_C_M.csv,215,AvgDialog,Content,契诃玛-达阿特,"与你的一切告别吧，无目之瞳的碎片。
你的身边，将只剩下用权柄与记忆创造出的无意识体。",汝の一切と決別せよ、目のない瞳の欠片よ。\n汝のかたわらに残るは、権能と記憶で創られた無意識体のみ。
AvgDialog_65481_Content_64,aoFA,avg章9_AvgDialog_C_M.csv,216,AvgDialog,Content,契诃玛-达阿特,"将你与唤醒体的链接，亲手斩断。
让你的身体，孤独地归于纯粹的混沌与黑暗。",汝と覚醒体との繋がりを、自らの手で断ち切れ。\n汝の身を、ただ一人で純粋なる混沌と暗闇へ還すのだ。
AvgDialog_65481_Content_65,aoFB,avg章9_AvgDialog_C_M.csv,217,AvgDialog,Content,契诃玛-达阿特,在这之后，我将帮助你，吸纳三质体之权柄。,そののち、我は何時に、三大神子の権能を取り込ませよう。
AvgDialog_65481_Content_66,aoFC,avg章9_AvgDialog_C_M.csv,218,AvgDialog,Content,契诃玛-达阿特,我将帮助你，成为神。,我は汝を導こう。\n汝が神となるために。
AvgDialog_65475_Content_1,aoAH,avg章9_AvgDialog_C_M.csv,221,AvgDialog,Content,萝坦的幻影,斩断一切，需要锋利的剑刃，需要强大的力量，更需要一颗一往无前的心。,すべてを断ち切るには、鋭き刃に強き力がいる。\n何より、迷わず突き進む澄んだ心がなければ。
AvgDialog_65475_Content_2,aoAI,avg章9_AvgDialog_C_M.csv,222,AvgDialog,Content,萝坦的幻影,这些，你都准备好了吗？,それらすべてを、お前はもう揃えたか？
AvgDialog_65475_Content_3,aoAJ,avg章9_AvgDialog_C_M.csv,223,AvgDialog,Content,,我……准备好了……,準備は……できている。
AvgDialog_65475_Content_4,aoAK,avg章9_AvgDialog_C_M.csv,224,AvgDialog,Content,萝坦的幻影,放弃并不是一件容易的事。我欣赏你的答案。,捨て去ることは容易きことではない。\nお前のその答え、見事だ。
AvgDialog_65475_Content_5,aoAL,avg章9_AvgDialog_C_M.csv,225,AvgDialog,Content,萝坦的幻影,拔剑吧，%player%。,剣を抜くがよい、%player%。
AvgDialog_65475_Content_6,aoAM,avg章9_AvgDialog_C_M.csv,226,AvgDialog,Content,萝坦的幻影,最后一堂剑术课，现在开始——,最後の剣術の授業、今より始めようぞ——
AvgDialog_65474_Content_1,aoAz,avg章9_AvgDialog_C_M.csv,230,AvgDialog,Content,奥吉尔的幻影,主君，您真的……要抛弃我们了吗？,主君、本当に……僕たちをお見捨てになるのですか？
AvgDialog_65474_Content_2,aoAA,avg章9_AvgDialog_C_M.csv,231,AvgDialog,Content,奥吉尔的幻影,抱歉，主君……我不该这样说。,申し訳ありません、主君……\nこのような物言いをすべきではありませんでした。
AvgDialog_65474_Content_3,aoAB,avg章9_AvgDialog_C_M.csv,232,AvgDialog,Content,奥吉尔的幻影,我明白，您是为了保护我们，才不得已这样做……但我曾经立下誓言，要永远挡在主君身前。,分かっています。主君は僕たちを守るためにそうされたのだと……\nですが僕は、永遠に主君の盾になると、かつて誓いを立てたのです。
AvgDialog_65474_Content_4,aoAC,avg章9_AvgDialog_C_M.csv,233,AvgDialog,Content,奥吉尔的幻影,主君，若您已下定决心……请宣布解除我的效忠吧。,主君、もしお心を決められたのであれば……\nどうか、僕の忠誠を解くと宣告してください。
AvgDialog_65474_Content_5,aoAD,avg章9_AvgDialog_C_M.csv,234,AvgDialog,Content,,我……已下定决心，奥吉尔。,私は……心を決めたよ、オジール。
AvgDialog_65474_Content_6,aoAE,avg章9_AvgDialog_C_M.csv,235,AvgDialog,Content,奥吉尔的幻影,主君，和我一样，您也有想要守护的东西。,主君、僕と同じく、あなたにも守りたいものがおありでしょう。
AvgDialog_65474_Content_7,aoAF,avg章9_AvgDialog_C_M.csv,236,AvgDialog,Content,奥吉尔的幻影,在您亲手解除这份誓言之后，我会在背后看着您的背影。,あなたがこの誓いを解いた後でも、僕は後ろから、あなたの背中を見守りましょう。
AvgDialog_65474_Content_8,aoAG,avg章9_AvgDialog_C_M.csv,237,AvgDialog,Content,奥吉尔的幻影,我会看着您，向神明宣告您的骑士之道！,あなたが神々の御前に、その騎士道を宣告される。\nその瞬間を、僕はこの目で見届けます！
AvgDialog_65473_Content_1,aoAq,avg章9_AvgDialog_C_M.csv,240,AvgDialog,Content,朵尔的幻影,在我的预设里，我没有想到你能走得这样远。,わたしの予測の中では、あなたがここまで辿り着けるとは思っていなかった。
AvgDialog_65473_Content_2,aoAr,avg章9_AvgDialog_C_M.csv,241,AvgDialog,Content,朵尔的幻影,放弃自己所拥有的东西，这并不是一件容易的事。,抱えてきたものを手放すこと。\nそれは、決して容易なことではないから。
AvgDialog_65473_Content_3,aoAs,avg章9_AvgDialog_C_M.csv,242,AvgDialog,Content,朵尔的幻影,你在犹豫。犹豫是正常的。犹豫是人性中最腐朽与光辉的部分。,あなたは迷っている。迷うことは正常だわ。\n迷いは、人間の中で最も愚かで、最も尊い部分なのだから。
AvgDialog_65473_Content_4,aoAt,avg章9_AvgDialog_C_M.csv,243,AvgDialog,Content,朵尔的幻影,但你已走到了这里。你已经没有了犹豫的资格，%player%。,でも、あなたはもうここまで来た。\nもはや迷う資格はないわ、%player%。
AvgDialog_65473_Content_5,aoAu,avg章9_AvgDialog_C_M.csv,244,AvgDialog,Content,朵尔的幻影,能够阻挡神明的，只能是神明。所有的人性，将与你无关。,神に対抗できるのは、神だけ。\nすべての人間性、「心」を、あなたは捨てることになるの。
AvgDialog_65473_Content_6,aoAv,avg章9_AvgDialog_C_M.csv,245,AvgDialog,Content,朵尔的幻影,告诉我，你准备好了吗？,答えなさい。あなたにその覚悟ができている？
AvgDialog_65473_Content_7,aoAw,avg章9_AvgDialog_C_M.csv,246,AvgDialog,Content,,我准备好了，朵尔教授。,覚悟はできました、ドール教授。
AvgDialog_65473_Content_8,aoAx,avg章9_AvgDialog_C_M.csv,247,AvgDialog,Content,朵尔的幻影,在这条道路的尽头，她在等待你。,この道の果てで、彼女があなたを待っているわ。
AvgDialog_65473_Content_9,aoAy,avg章9_AvgDialog_C_M.csv,248,AvgDialog,Content,朵尔的幻影,斩断与我的链接，然后勇敢地面对她吧。,私とのリンクを断ち切り、そして……勇気をもって彼女と向き合ってあげて。
AvgDialog_65477_Content_1,aoBm,avg章9_AvgDialog_C_M.csv,252,AvgDialog,Content,,她站在道路的尽头，凝望着你。,彼女は道の果てに立ち、あなたを見つめていた。
AvgDialog_65477_Content_2,aoBx,avg章9_AvgDialog_C_M.csv,253,AvgDialog,Content,,你想起阿库特之春第一次睁开眼时，她脸上凌乱的发丝。,あなたは思い出す。アクートの春、初めて目を開けた時、彼女の顔にかかっていた乱れた髪を。
AvgDialog_65477_Content_3,aoBD,avg章9_AvgDialog_C_M.csv,254,AvgDialog,Content,,你想起弥萨格求学的时光里，她时常皱起的眉头。,あなたは思い出す。ミサゴ大学で学んだ日々、彼女がよく眉をひそめていた、その表情を。
AvgDialog_65477_Content_4,aoBE,avg章9_AvgDialog_C_M.csv,255,AvgDialog,Content,,你想起第一次握住她的手时，那道隐秘流淌的电流。,あなたは思い出す。初めて彼女の手を握ったとき、密やかに通い合った、あの電流を。
AvgDialog_65477_Content_5,aoBF,avg章9_AvgDialog_C_M.csv,256,AvgDialog,Content,,"电流穿透手套、指尖、神经，在你的精神深处，汇聚成第一个清晰的影子。
你想起与那道影子一起，走过的漫长艰难的道路。",電流は手袋を、指先を、神経を貫き、精神の奥深くで、最初の影を結ぶ。あなたは思い出す。その影と歩んだ、長く険しい道のりを。
AvgDialog_65477_Content_6,aoBG,avg章9_AvgDialog_C_M.csv,257,AvgDialog,Content,,如今，你再次站在影子面前，手中握着那把不存在的、名为割弃的刀刃。,今、あなたは再びその影の前に立つ。\n手に握るのは、実体のない「決別」と名付けられた刃。
AvgDialog_65477_Content_7,aoBH,avg章9_AvgDialog_C_M.csv,258,AvgDialog,Content,拉蒙娜的幻影,还记得钥冢仪式上第一次链接时，我对你说了什么吗，守密人？,鍵塚の儀式で初めてリンクしたとき、私があなたに何と言ったか、覚えているかしら、守秘者？
AvgDialog_65477_Content_8,aoBI,avg章9_AvgDialog_C_M.csv,259,AvgDialog,Content,,我记得。每一个字。,覚えているよ。一言一句、すべて。
AvgDialog_65477_Content_9,aoBJ,avg章9_AvgDialog_C_M.csv,260,AvgDialog,Content,玩家,你说，从一年前开始，你就在期待那一天。我们的精神链接非常稳定，精神与生命力从未如今天一般强韧。,君は言った。一年前から、ずっとあの日を心待ちにしていた、と。\n精神リンクはとても安定していて、私の精神と生命力は、あの日ほど強靭だったことはないと。
AvgDialog_65477_Content_10,aoBn,avg章9_AvgDialog_C_M.csv,261,AvgDialog,Content,玩家,你说，我不能轻易倒下。我是唯一的守密人，我将负责调查和记录所有被融蚀抹消的历史……,君は言った。私は簡単に倒れてはいけない、と。\n私は唯一の守秘者で、融蝕に消されたすべての歴史を調査し、記録する責任を負っていると……
AvgDialog_65477_Content_11,aoBo,avg章9_AvgDialog_C_M.csv,262,AvgDialog,Content,拉蒙娜的幻影,你做到了。你已经做到的、你将要做到的事，远超于此。,あなたはやり遂げたのよ。これまで成してきたこと、これから成すことは、その言葉では語り尽くせないほど大きいの。
AvgDialog_65477_Content_12,aoBp,avg章9_AvgDialog_C_M.csv,263,AvgDialog,Content,,我有些累了，拉蒙娜。,少し、疲れたよ……ラモンナ。
AvgDialog_65477_Content_13,aoBq,avg章9_AvgDialog_C_M.csv,264,AvgDialog,Content,拉蒙娜的幻影,我知道，守密人。,分かってる、守秘者。
AvgDialog_65477_Content_14,aoBr,avg章9_AvgDialog_C_M.csv,265,AvgDialog,Content,拉蒙娜的幻影,我是你的助手和搭档。我一直在你身边，与你经历每一件事，见证你与每一个敌人战斗，听你说每一句话……,私はあなたの助手であり、パートナー。\nずっとあなたのそばで、すべての出来事を経験し、あなたの戦いを見届け、あなたの言葉のひとつひとつを聞いてきた……
AvgDialog_65477_Content_15,aoBs,avg章9_AvgDialog_C_M.csv,266,AvgDialog,Content,拉蒙娜的幻影,我知道，这一路上，你很累，尤其是在今天、现在……,分かってるわ。この道のりすっと、あなたは疲れていた。\n特に……今日、この瞬間は……
AvgDialog_65477_Content_16,aoBt,avg章9_AvgDialog_C_M.csv,267,AvgDialog,Content,,晶莹的泪滴从她眼中落下。她微笑着，凝视着你的眼。,透き通った涙が彼女の眼から零れ落ちる。\n彼女は微笑みを浮かべ、あなたの眼をじっと見つめる。
AvgDialog_65477_Content_17,aoBu,avg章9_AvgDialog_C_M.csv,268,AvgDialog,Content,拉蒙娜的幻影,这是最后一次选择了。很简单，就和我教你的那些题一样，就和我们第一次链接时一样……,これが、最後の選択よ。とても簡単。私があなたに教えた問題と同じ、私たちが初めてリンクした、あの瞬間と同じ……
AvgDialog_65477_Content_18,aoBv,avg章9_AvgDialog_C_M.csv,269,AvgDialog,Content,拉蒙娜的幻影,断开和我的链接吧，守密人。,私とのリンクを切って、守秘者。
AvgDialog_65477_Content_19,aoBw,avg章9_AvgDialog_C_M.csv,270,AvgDialog,Content,玩家,……,……
AvgDialog_65477_Content_20,aoBy,avg章9_AvgDialog_C_M.csv,271,AvgDialog,Content,,断开和拉蒙娜的链接,ラモンナとのリンクを断ち切る
AvgDialog_65477_Content_21,aoBz,avg章9_AvgDialog_C_M.csv,272,AvgDialog,Content,玩家,你以前也说，微积分很简单。你骗了我两次，拉蒙娜。,君は前、微積分よりも簡単だって言ったよ。\n……嘘つきだね、ラモンナ。
AvgDialog_65477_Content_22,aoBA,avg章9_AvgDialog_C_M.csv,273,AvgDialog,Content,玩家,这道题目，比微积分难多了。,この問題は、微積分よりずっと難しいよ。
AvgDialog_65477_Content_23,aoBB,avg章9_AvgDialog_C_M.csv,274,AvgDialog,Content,拉蒙娜的幻影,"很抱歉，这次没有答案让你抄了……
这是属于你一个人的题目，我相信，你一定能解开它。",ごめんなさい、今度は答えを写させてあげられない……これは、あなただけの問題。信じてるわ。あなたなら必ず解けるって。
AvgDialog_65477_Content_24,aoBC,avg章9_AvgDialog_C_M.csv,275,AvgDialog,Content,拉蒙娜的幻影,……再见了，守密人。,……さよなら、守秘者。
AvgDialog_65482_Content_1,aoFG,avg章9_AvgDialog_C_M.csv,279,AvgDialog,Content,萝坦,弥萨格曾许诺我，会与我一起战斗……战斗至这个星球的末日。,ミサゴはかつて我に誓った。共に戦うと……\nこの惑星の終わりまで、一緒に戦うと。
AvgDialog_65482_Content_2,aoFR,avg章9_AvgDialog_C_M.csv,280,AvgDialog,Content,萝坦,早知如此，绝不与你们定下约定……,こんなことなら……約束しなかった……
AvgDialog_65482_Content_3,aoGc,avg章9_AvgDialog_C_M.csv,281,AvgDialog,Content,萝坦,就让我来见证一下吧——弥萨格的未来，究竟寄托在了怎样的指挥上。,では見せてもらおうか——\nミサゴの未来が、どんな指揮官に託されたのかを。
AvgDialog_65482_Content_4,aoGn,avg章9_AvgDialog_C_M.csv,282,AvgDialog,Content,萝坦,就让我来见证一下吧——弥萨格的未来，究竟寄托在了怎样的指挥上。,では見せてもらおうか——\nミサゴの未来が、どんな指揮官に託されたのかを。
AvgDialog_65482_Content_5,aoGy,avg章9_AvgDialog_C_M.csv,283,AvgDialog,Content,奥吉尔,没关系的，守密人。,問題ありません、守秘者。
AvgDialog_65482_Content_6,aoGJ,avg章9_AvgDialog_C_M.csv,284,AvgDialog,Content,奥吉尔,骑士就是为了守护大家而存在的，奥吉尔可以撑住！,騎士はみんなを守るために存在するのです。\n僕はまだ耐えられます！
AvgDialog_65482_Content_7,aoGT,avg章9_AvgDialog_C_M.csv,285,AvgDialog,Content,奥吉尔,骑士就是为了守护大家而存在的，奥吉尔可以撑住！,騎士はみんなを守るために存在するのです。\n僕はまだ耐えられます！
AvgDialog_65482_Content_8,aoGU,avg章9_AvgDialog_C_M.csv,286,AvgDialog,Content,艾继丝,我害怕极了，怕我自己即将成为的东西。但这一切都不再重要了。,自分がどんな怪物になってしまうのか、怖くてたまらないんです。\nでも、もう……そんなこと、どうだっていい。
AvgDialog_65482_Content_9,aoGV,avg章9_AvgDialog_C_M.csv,287,AvgDialog,Content,艾继丝,我将不会再被控制，不会再伤害任何人，不会再让朋友因我而死。,もう支配されない、もう誰も傷つけない、もう友達を私のせいで死なせない。
AvgDialog_65482_Content_10,aoFH,avg章9_AvgDialog_C_M.csv,288,AvgDialog,Content,艾继丝,我将不会再被控制，不会再伤害任何人，不会再让朋友因我而死。,もう支配されない、もう誰も傷つけない、もう友達を私のせいで死なせない。
AvgDialog_65482_Content_11,aoFI,avg章9_AvgDialog_C_M.csv,289,AvgDialog,Content,詹金,还记得你那时对我说的话吗？,あのとき言ってくれた言葉を覚えてる？
AvgDialog_65482_Content_12,aoFJ,avg章9_AvgDialog_C_M.csv,290,AvgDialog,Content,詹金,你说……我从来都不是孤单一人，我还有你，还有你们。,あたしは独りぼっちじゃない。\n姉ちゃんたちもいる、って言ってくれたよね。
AvgDialog_65482_Content_13,aoFK,avg章9_AvgDialog_C_M.csv,291,AvgDialog,Content,詹金,从那一刻起，我就知道了……,その瞬間から、決めてたんだ……
AvgDialog_65482_Content_14,aoFL,avg章9_AvgDialog_C_M.csv,292,AvgDialog,Content,詹金,我什么都愿意做，只要是为了你们。,姉ちゃんたちのためなら、何でもしようって。
AvgDialog_65482_Content_15,aoFM,avg章9_AvgDialog_C_M.csv,293,AvgDialog,Content,詹金,谢谢你，谢谢你们……我还有最后一个请求……,ありがとう姉ちゃん、ありがとうみんな……\n最後のお願いがあるんだ……
AvgDialog_65482_Content_16,aoFN,avg章9_AvgDialog_C_M.csv,294,AvgDialog,Content,詹金,别忘了我哦。,あたしのこと、忘れないで。
AvgDialog_65482_Content_17,aoFO,avg章9_AvgDialog_C_M.csv,295,AvgDialog,Content,詹金,别忘了我哦。,あたしのこと、忘れないで。
AvgDialog_65482_Content_18,aoFP,avg章9_AvgDialog_C_M.csv,296,AvgDialog,Content,,女孩突然直勾勾看向了你，看向静坐在礁石上的你。,少女はふとまっすぐにあなたを見た。\n岩に腰掛けているあなたを。
AvgDialog_65482_Content_19,aoFQ,avg章9_AvgDialog_C_M.csv,297,AvgDialog,Content,,光斑在眼中跃动，而那张稚嫩的脸上，带着格外灿烂的笑。,光の粒が瞳に踊り、その幼い顔にはひときわ輝かしい笑みが浮かんでいた。
AvgDialog_65482_Content_20,aoFS,avg章9_AvgDialog_C_M.csv,298,AvgDialog,Content,,被时间禁锢的，错过花期的百合——,時間に縛られ、咲く時期を逃した百合——
AvgDialog_65482_Content_21,aoFT,avg章9_AvgDialog_C_M.csv,299,AvgDialog,Content,,终于迎来了绽放的时刻。,ついに咲き誇る瞬間を迎えた。
AvgDialog_65482_Content_22,aoFU,avg章9_AvgDialog_C_M.csv,300,AvgDialog,Content,,终于迎来了绽放的时刻。,ついに咲き誇る瞬間を迎えた。
AvgDialog_65482_Content_23,aoFV,avg章9_AvgDialog_C_M.csv,301,AvgDialog,Content,墨菲,做到了……我做到了。,やったわ……できたのね。
AvgDialog_65482_Content_24,aoFW,avg章9_AvgDialog_C_M.csv,302,AvgDialog,Content,墨菲,我……刺穿了……祂不会出生了……,刺してやったの……あいつはもう、生まれないわ……
AvgDialog_65482_Content_25,aoFX,avg章9_AvgDialog_C_M.csv,303,AvgDialog,Content,墨菲,这样一来……,これで……
AvgDialog_65482_Content_26,aoFY,avg章9_AvgDialog_C_M.csv,304,AvgDialog,Content,,紧握刀柄的手无力垂下，鲜红的、粘稠的、深黑的液体从刀口涌出，顺着指间淌入大海。,握っていた刃が手から滑り落ちる。赤く、粘り気を帯びた黒い液体が指の隙間から滴り、海へと流れ落ちた。
AvgDialog_65482_Content_27,aoFZ,avg章9_AvgDialog_C_M.csv,305,AvgDialog,Content,,血液快速从身躯里流失，墨菲肤色苍白无比，浑身却散发着一股异样的生命力。,血がどんどん失われていく。マーフィーの顔は青白くなったが、その全身からは、異様なほど強い生命の気配が漂っていた。
AvgDialog_65482_Content_28,aoGa,avg章9_AvgDialog_C_M.csv,306,AvgDialog,Content,,血液快速从身躯里流失，墨菲肤色苍白无比，浑身却散发着一股异样的生命力。,血がどんどん失われていく。マーフィーの顔は青白くなったが、その全身からは、異様なほど強い生命の気配が漂っていた。
AvgDialog_65482_Content_29,aoGb,avg章9_AvgDialog_C_M.csv,307,AvgDialog,Content,泰旖丝,即便长夜难明，即便光芒微弱，他们永不言弃的精神，才真正能改变那个被注定的未来。,たとえ長い夜が明けなくとも、たとえ微かな光であっても。決して諦めないその精神だけが、定められた未来を本当に変えられる。
AvgDialog_65482_Content_30,aoGd,avg章9_AvgDialog_C_M.csv,308,AvgDialog,Content,泰旖丝,现在，我已经有了新的答案了。,今、私は新しい答えを得た。
AvgDialog_65482_Content_31,aoGe,avg章9_AvgDialog_C_M.csv,309,AvgDialog,Content,泰旖丝,所以，你也要大方一点，把你的传承者借给我哦？,だからあなたも、ここは気前よく、あなたの継承者を貸してくれないかしら？
AvgDialog_65482_Content_32,aoGf,avg章9_AvgDialog_C_M.csv,310,AvgDialog,Content,泰旖丝,我愿意信任眼前这个人，将火种托付予%heorshe%。,私はこの人を信じ、希望の種を%heorshe%に託します。
AvgDialog_65482_Content_33,aoGg,avg章9_AvgDialog_C_M.csv,311,AvgDialog,Content,泰旖丝,这枚种子终有一天会生根发芽，长出参天大树，,この種はいつの日か根を張り、芽を出し、やがて天を衝く大珠になるでしょう。
AvgDialog_65482_Content_34,aoGh,avg章9_AvgDialog_C_M.csv,312,AvgDialog,Content,泰旖丝,正如最初的母树诞生的那天。,最初の母樹が生まれた、あの日のように。
AvgDialog_65482_Content_35,aoGi,avg章9_AvgDialog_C_M.csv,313,AvgDialog,Content,,……,……
AvgDialog_65482_Content_36,aoGj,avg章9_AvgDialog_C_M.csv,314,AvgDialog,Content,泰旖丝,这是最后的种子，我将它留在你的体内。,これは最後の種。あなたの体の中に残していくわ。
AvgDialog_65482_Content_37,aoGk,avg章9_AvgDialog_C_M.csv,315,AvgDialog,Content,泰旖丝,在它将我的血脉传播至大地之前，你，不准死去……,私の血脈をあまねく大地に広げるそのときまで、あなたは死んではなりませんよ……
AvgDialog_65482_Content_38,aoGl,avg章9_AvgDialog_C_M.csv,316,AvgDialog,Content,泰旖丝,永远记得我，不要忘了我。,私を覚えていてね。決して忘れないで。
AvgDialog_65482_Content_39,aoGm,avg章9_AvgDialog_C_M.csv,317,AvgDialog,Content,,潮水汹涌。,潮が激しく荒れ狂う。
AvgDialog_65482_Content_40,aoGo,avg章9_AvgDialog_C_M.csv,318,AvgDialog,Content,,那温热的怀抱推开了你。,その温かい抱擁が、あなたを押し戻した。
AvgDialog_65482_Content_41,aoGp,avg章9_AvgDialog_C_M.csv,319,AvgDialog,Content,,你在被水流冲击的浮沉中，见她往河的更深处飘去。,水の流れに打たれ、浮き沈む中で、あなたは彼女が川のさらに深い方へ漂っていくのを見た。
AvgDialog_65482_Content_42,aoGq,avg章9_AvgDialog_C_M.csv,320,AvgDialog,Content,,你在被水流冲击的浮沉中，见她往河的更深处飘去。,水の流れに打たれ、浮き沈む中で、あなたは彼女が川のさらに深い方へ漂っていくのを見た。
AvgDialog_65482_Content_43,aoGr,avg章9_AvgDialog_C_M.csv,321,AvgDialog,Content,玩家,现在？就在这里？,今？ここで？
AvgDialog_65482_Content_44,aoGs,avg章9_AvgDialog_C_M.csv,322,AvgDialog,Content,拉蒙娜,稍微提前了一点点，不过没关系，不是吗？,少し早いだけじゃない。\n大丈夫よね？
AvgDialog_65482_Content_45,aoGt,avg章9_AvgDialog_C_M.csv,323,AvgDialog,Content,拉蒙娜,从一年前开始，我就在期待今天了。,一年前から、今日という日を楽しみにしていたのよ。
AvgDialog_65482_Content_46,aoGu,avg章9_AvgDialog_C_M.csv,324,AvgDialog,Content,,细雨将指尖濡湿，微弱的电流穿透手套，顺着你的皮肤和她的指尖隐秘流淌。,優しい雨が指先を濡らす。\n手袋越しに、微かな電流があなたと彼女の肌をそっと流れていった。
AvgDialog_65482_Content_47,aoGv,avg章9_AvgDialog_C_M.csv,325,AvgDialog,Content,,莫名的情绪顺着电流触动了你的神经，那是欣喜、雀跃、不安和……,電流とともに、さまざまな感情が込み上げてくる。\n喜び、期待、不安、それに……
AvgDialog_65482_Content_48,aoGw,avg章9_AvgDialog_C_M.csv,326,AvgDialog,Content,,……<Yellow:希望>。,……<Yellow:希望>。
AvgDialog_65482_Content_49,aoGx,avg章9_AvgDialog_C_M.csv,327,AvgDialog,Content,拉蒙娜,多么温暖……精神链接非常稳定，你的精神与生命力从未如今天一般强韧。,なんて温かいの……精神リンクはすごく安定しているわ。\nあなたの精神力と生命力がこんなに強かったことはないわよ。
AvgDialog_65482_Content_50,aoGz,avg章9_AvgDialog_C_M.csv,328,AvgDialog,Content,拉蒙娜,"你可不能轻易倒下哦，<Yellow:世界唯一>的守密人。

我们还指望靠你来调查和记录所有被融蚀抹消的历史呢。",<Yellow:世界でただ一人>の守秘者なんだから、簡単には倒れないでね。\nあなたには融蝕に消された歴史を調査、記録す使命があるんだから。
AvgDialog_65482_Content_51,aoGA,avg章9_AvgDialog_C_M.csv,329,AvgDialog,Content,,眼底的担忧散去，拉蒙娜半开玩笑地在嘴角勾起一个令人安心的弧度。,ラモンナは冗談めかしてそう言うと、瞳に浮かんでいた不安を消し去るように、柔らかな笑みを浮かべた。
AvgDialog_65482_Content_52,aoGB,avg章9_AvgDialog_C_M.csv,330,AvgDialog,Content,,淅沥的雨声填满天地。,しとしと降り続く雨の音が世界に満ちている。
AvgDialog_65482_Content_53,aoGC,avg章9_AvgDialog_C_M.csv,331,AvgDialog,Content,,淅沥的雨声填满天地。,しとしと降り続く雨の音が世界に満ちている。
AvgDialog_65482_Content_54,aoGD,avg章9_AvgDialog_C_M.csv,332,AvgDialog,Content,玩家,拉……拉蒙娜……,ラ……ラモンナ……
AvgDialog_65482_Content_55,aoGE,avg章9_AvgDialog_C_M.csv,333,AvgDialog,Content,,一段一段记忆在消失。一张一张面孔被抹除。,一つ、また一つと、記憶が消えていく。\n一つ、また一つと、顔が消されていく。
AvgDialog_65482_Content_56,aoGF,avg章9_AvgDialog_C_M.csv,334,AvgDialog,Content,,过往的故事被流放至脑海的边际，你从故事的主角变为了旁观者。,過ぎ去りし物語は、脳裏の片隅へと追いやられ、あなたは物語の主人公から、傍観者へと変わっていく。
AvgDialog_65482_Content_57,aoGG,avg章9_AvgDialog_C_M.csv,335,AvgDialog,Content,,刚开始如刀割般的心脏，渐渐变得麻木起来。,刃で切り裂かれるように痛んだ心臓が、次第に麻痺していった。
AvgDialog_65482_Content_58,aoGH,avg章9_AvgDialog_C_M.csv,336,AvgDialog,Content,,你看见自己离开地面，来到星辰深处。,あなたは、自分が地を離れ、星々の奥深くへと至るのを見る。
AvgDialog_65482_Content_59,aoGI,avg章9_AvgDialog_C_M.csv,337,AvgDialog,Content,,曾经身边的那些东西，离自己越来越远，直至消失不见。,かつて身近にあったすべてのものが、自分から遠ざかり、ついには姿を消していった。
AvgDialog_65482_Content_60,aoGK,avg章9_AvgDialog_C_M.csv,338,AvgDialog,Content,契诃玛-达阿特,没有拉蒙娜。也没有守密人。,ここにラモンナはおりませぬ。\n守秘者もおりませぬ。
AvgDialog_65482_Content_61,aoGL,avg章9_AvgDialog_C_M.csv,339,AvgDialog,Content,契诃玛-达阿特,在您离开这里的时候，您与他们，便不再有任何关系。,あなたがこの地を去られるとき、あなたと彼らとの間に、もはやいかなるつながりも存在せぬのです。
AvgDialog_65482_Content_62,aoGM,avg章9_AvgDialog_C_M.csv,340,AvgDialog,Content,玩家,……我明白，契诃玛-达阿特。,……分かった、チェヘマ・ダアト。
AvgDialog_65482_Content_63,aoGN,avg章9_AvgDialog_C_M.csv,341,AvgDialog,Content,,你抬起头。在这无尽的泡沫世界中，与那位虚无的神明对话。,あなたは顔を上げる。\nこの果てしない泡の世界の中で、かの虚無の神格と対話する。
AvgDialog_65482_Content_64,aoGO,avg章9_AvgDialog_C_M.csv,342,AvgDialog,Content,契诃玛-达阿特,请告诉我，您的名字。,どうか、お聞かせください。あなたの御名を。
AvgDialog_65482_Content_65,aoGP,avg章9_AvgDialog_C_M.csv,343,AvgDialog,Content,玩家,我是%player%。我是守密人。我是……无目之瞳。,私は%player%。私は守秘者。\nそして私は…目のない瞳。
AvgDialog_65482_Content_66,aoGQ,avg章9_AvgDialog_C_M.csv,344,AvgDialog,Content,玩家,你的任务已经完成了。离开这个维度吧，契诃玛-达阿特。,君の役目は終わった。\nこの次元を去るんだ、チェヘマ・ダアト。
AvgDialog_65482_Content_67,aoGR,avg章9_AvgDialog_C_M.csv,345,AvgDialog,Content,玩家,我将阻止祂。,私は、あれを阻止する。
AvgDialog_65482_Content_68,aoGS,avg章9_AvgDialog_C_M.csv,346,AvgDialog,Content,玩家,我将阻止……我自己。,私は……私自身を、阻止する。
AvgDialog_65471_Content_1,aoxH,avg章9_AvgDialog_C_M.csv,348,AvgDialog,Content,,梦的崩析,夢の崩壊
AvgDialog_65471_Content_2,aoxS,avg章9_AvgDialog_C_M.csv,349,AvgDialog,Content,塔薇,唔——,うっ——
AvgDialog_65471_Content_3,aoyd,avg章9_AvgDialog_C_M.csv,350,AvgDialog,Content,拉蒙娜,塔薇？你……,タヴィ？\nあなた……
AvgDialog_65471_Content_4,aoyo,avg章9_AvgDialog_C_M.csv,351,AvgDialog,Content,塔薇,智之质体的力量已经耗尽……祂回来了。,知識の神子の力が尽き果てた……\n彼が、戻ってきた。
AvgDialog_65471_Content_5,aoyz,avg章9_AvgDialog_C_M.csv,352,AvgDialog,Content,,塔薇的身躯微微颤抖。在拉蒙娜的搀扶下，祂虚弱地抬起头。,タヴィの身体が微かに震える。\nラモンナに支えられながら、彼女は弱々しく顔を上げた。
AvgDialog_65471_Content_6,aoyK,avg章9_AvgDialog_C_M.csv,353,AvgDialog,Content,,门扉内繁杂的色彩之中，那只眼睛破开塔薇编织的谎言，再度降临在众人面前。,門の内側に渦巻く色彩の中、その瞳がタヴィの紡いだ偽りの次元を引き裂き、再び人々の前に降臨した。
AvgDialog_65471_Content_7,aoyV,avg章9_AvgDialog_C_M.csv,354,AvgDialog,Content,？？？,@2……,@2……
AvgDialog_65471_Content_8,aozf,avg章9_AvgDialog_C_M.csv,355,AvgDialog,Content,,随着低沉的笛声再度响起，刚刚平静的黑池开始猛然翻涌。,低い笛の音が再び響き渡り、静まり返っていた昏き海が、再び激しく波立ち始める。
AvgDialog_65471_Content_9,aozg,avg章9_AvgDialog_C_M.csv,356,AvgDialog,Content,,塔薇的吟诵如同一道微薄的墙壁，在这道磅礴的力量下轰然垮塌。,タヴィの詠唱は、薄い壁のように、その圧倒的な力の前で轟音とともに崩れ去った。
AvgDialog_65471_Content_10,aoxI,avg章9_AvgDialog_C_M.csv,357,AvgDialog,Content,阿利斯泰尔彩色,小心！,危ない！
AvgDialog_65471_Content_11,aoxJ,avg章9_AvgDialog_C_M.csv,358,AvgDialog,Content,,在阿利斯泰尔开口的瞬间，哈姆林挥下指挥棒，乐符护着塔薇与拉蒙娜后退去。,アリステアが声を上げた瞬間、ハムリンが指揮棒を振り下ろす。\n音符がタヴィとラモンナを守り、後退させた。
AvgDialog_65471_Content_12,aoxK,avg章9_AvgDialog_C_M.csv,359,AvgDialog,Content,,在她们脚下，托乎瓦波目光所停留的地方，一个巨大的裂隙猛然出现。,彼女たちの足元、トオワボの視線が向けられたその場所に、巨大な裂け目が突如として現れた。
AvgDialog_65471_Content_13,aoxL,avg章9_AvgDialog_C_M.csv,360,AvgDialog,Content,,在她们脚下，托乎瓦波目光所停留的地方，一个巨大的裂隙猛然出现。,彼女たちの足元、トオワボの視線が向けられたその場所に、巨大な裂け目が突如として現れた。
AvgDialog_65471_Content_14,aoxM,avg章9_AvgDialog_C_M.csv,361,AvgDialog,Content,,黑池汇入那突然出现的裂隙，汇入它们的故乡，那原初的深渊。,昏き海はその裂け目へと流れ込み、それらの故郷である、あの原初の深淵へと還ってゆく。
AvgDialog_65471_Content_15,aoxN,avg章9_AvgDialog_C_M.csv,362,AvgDialog,Content,,扭曲的光线在黑暗中跳跃，如同一张没有表情的脸，静静望着这群无能为力的人。,歪んだ光が暗闇の中で踊る。\nその光は無表情のように、静かに無力な人々を見下ろしている。
AvgDialog_65471_Content_16,aoxO,avg章9_AvgDialog_C_M.csv,363,AvgDialog,Content,,在门扉之前，「朵尔」的一部分身躯被裂隙吞噬，但她丝毫不在意。她看着众人脸上的神情，愉悦地咧开嘴。,門の前で、「ドール」の身体の一部が裂け目に飲み込まれたが、彼女はまるで意に介さず、愉しげに口の端を吊り上げた。
AvgDialog_65471_Content_17,aoxP,avg章9_AvgDialog_C_M.csv,364,AvgDialog,Content,朵尔（黑化）,你们还不明白吗？毁灭，脆弱的家伙们。只有毁灭，才是唯一正确的逻辑。,まだ分からないのかしら？\n破滅よ、脆弱な人間。破滅こそが、唯一の正しい論理。
AvgDialog_65471_Content_18,aoxQ,avg章9_AvgDialog_C_M.csv,365,AvgDialog,Content,朵尔（黑化）,宇宙是一个谎言，一个痴愚的小孩做的、毫无意义的梦。,宇宙は偽り。\n愚かな子供が見ている、無意味な夢に過ぎない。
AvgDialog_65471_Content_19,aoxR,avg章9_AvgDialog_C_M.csv,366,AvgDialog,Content,朵尔（黑化）,一切的挣扎，都是徒劳。只有新的开始，才有可能被称之为未来。,足掻いても無駄。\n新たな始まりだけが、未来と呼ぶに値するのよ。
AvgDialog_65471_Content_20,aoxT,avg章9_AvgDialog_C_M.csv,367,AvgDialog,Content,朵尔（黑化）,迎接这一刻吧——,さあ、この瞬間を迎え入れなさい——
AvgDialog_65471_Content_21,aoxU,avg章9_AvgDialog_C_M.csv,368,AvgDialog,Content,？？？,@2！——,@2——！
AvgDialog_65471_Content_22,aoxV,avg章9_AvgDialog_C_M.csv,369,AvgDialog,Content,,似乎受到了某种召唤，混沌的声音从门扉之内响起。,何かに呼び寄せられたかのように、門の内側から混沌の声が響く。
AvgDialog_65471_Content_23,aoxW,avg章9_AvgDialog_C_M.csv,370,AvgDialog,Content,,那是婴儿的啼哭，是古老的咒语，是纯粹的恶意。痴愚的声音仿佛从它的血脉中流出，带着毁灭的气息，从门扉内涌现。,それは赤子の鳴き声であり、古代の呪文であり、純粋な悪意だった。その声は血脈から流れ出るように、破滅の気配を纏って、溢れ出る。
AvgDialog_65471_Content_24,aoxX,avg章9_AvgDialog_C_M.csv,371,AvgDialog,Content,拉蒙娜,塔薇！,タヴィ！
AvgDialog_65471_Content_25,aoxY,avg章9_AvgDialog_C_M.csv,372,AvgDialog,Content,,塔薇挡在众人的前方，巨大的羽翼张开，但那象征着多重维度的色彩越来越暗淡。,タヴィが皆の前に立ちはだかり、巨大な翼を広げる。\nだが、他次元を象徴するその色彩は、次第に暗く褪せていった。
AvgDialog_65471_Content_26,aoxZ,avg章9_AvgDialog_C_M.csv,373,AvgDialog,Content,,裂隙无可控制地扩大，吞噬着祂最后的理智。,裂け目は止めどなく広がり、彼女の最後の理性を呑み込んでいく。
AvgDialog_65471_Content_27,aoya,avg章9_AvgDialog_C_M.csv,374,AvgDialog,Content,阿利斯泰尔彩色,拉蒙娜，你能感知到%heorshe%吗？,ラモンナ、あなたは%heorshe%を感知できますか？
AvgDialog_65471_Content_28,aoyb,avg章9_AvgDialog_C_M.csv,375,AvgDialog,Content,拉蒙娜,"我……找不到……
进入门扉之后，%hisorher%链接便消失不见了……",私には……見つけられない……\n門の中に入ってから、%hisorher%とのリンクが消えてしまった……
AvgDialog_65471_Content_29,aoyc,avg章9_AvgDialog_C_M.csv,376,AvgDialog,Content,,拉蒙娜握紧手中的剑，站起身来。,ラモンナは手にした剣を握りしめ、立ち上がった。
AvgDialog_65471_Content_30,aoye,avg章9_AvgDialog_C_M.csv,377,AvgDialog,Content,拉蒙娜,在%heorshe%回来之前，我一定会帮%heorshe%守护好……,%heorshe%が戻ってくるまで、私が代わりに皆を守ってみせる……
AvgDialog_65471_Content_31,aoyf,avg章9_AvgDialog_C_M.csv,378,AvgDialog,Content,？？？,退后。,下がって。
AvgDialog_65471_Content_32,aoyg,avg章9_AvgDialog_C_M.csv,379,AvgDialog,Content,拉蒙娜,！！！,！！！
AvgDialog_65471_Content_33,aoyh,avg章9_AvgDialog_C_M.csv,380,AvgDialog,Content,,在拉蒙娜准备向塔薇冲去的那一刻，一只无形的手拉住了她。,ラモンナがラヴィに駆け寄ろうとした瞬間、見えない手が彼女を引き止めた。
AvgDialog_65471_Content_34,aoyi,avg章9_AvgDialog_C_M.csv,381,AvgDialog,Content,阿利斯泰尔彩色,裂隙……停下来了？……,裂け目が……止まった……？
AvgDialog_65471_Content_35,aoyj,avg章9_AvgDialog_C_M.csv,382,AvgDialog,Content,阿利斯泰尔彩色,不，它在挣扎……,いや、抗っている……
AvgDialog_65471_Content_36,aoyk,avg章9_AvgDialog_C_M.csv,383,AvgDialog,Content,,塔薇缓缓睁开眼。,タヴィがゆっくりと目を開く。
AvgDialog_65471_Content_37,aoyl,avg章9_AvgDialog_C_M.csv,384,AvgDialog,Content,,吞噬祂的裂隙，正在祂身前以人类无法感知的频率震荡。,彼女を呑み込もうとしていた裂け目が、彼女の眼前で、人の知覚を超えた震動で震えている。
AvgDialog_65471_Content_38,aoym,avg章9_AvgDialog_C_M.csv,385,AvgDialog,Content,,那可怖的创口如同一只瑟缩猛兽，在两股令它畏惧的力量面前颤抖。,その恐ろしい裂け目は、まるで身を縮める猛獣のように、自らを畏れさせる二つの力の前で震えていた。
AvgDialog_65471_Content_39,aoyn,avg章9_AvgDialog_C_M.csv,386,AvgDialog,Content,？？？,我来晚了。,遅くなってごめん。
AvgDialog_65471_Content_40,aoyp,avg章9_AvgDialog_C_M.csv,387,AvgDialog,Content,,门扉之内，巨大的无目之瞳之下，一个瘦削的身影站立于门扉之前。,門の内側、巨大な目のない瞳の下で、痩せた人影が門の前に立っていた。
AvgDialog_65471_Content_41,aoyq,avg章9_AvgDialog_C_M.csv,388,AvgDialog,Content,詹金唤醒体,守密人……是守密人！,守秘者……守秘者じゃん！
AvgDialog_65471_Content_42,aoyr,avg章9_AvgDialog_C_M.csv,389,AvgDialog,Content,莉莉,大%brotherorsister1%！,お%brotherorsister1%！
AvgDialog_65471_Content_43,aoys,avg章9_AvgDialog_C_M.csv,390,AvgDialog,Content,拉蒙娜,你终于……,あなた、やっと……
AvgDialog_65471_Content_44,aoyt,avg章9_AvgDialog_C_M.csv,391,AvgDialog,Content,,拉蒙娜向你走来。你挥了挥手，那双无形的手再次拦住了她。,ラモンナがあなたに歩み寄る。\nあなたが手を振ると、あの見えない手が再び彼女を制した。
AvgDialog_65471_Content_45,aoyu,avg章9_AvgDialog_C_M.csv,392,AvgDialog,Content,玩家,"祂的目光会摧毁你们。
离开这里。",あの視線は、君たちを滅ぼす。\nここを離れて。
AvgDialog_65471_Content_46,aoyv,avg章9_AvgDialog_C_M.csv,393,AvgDialog,Content,拉蒙娜,离开？你……你在说什么？,離れる？\nあなた……何を言っているの？
AvgDialog_65471_Content_47,aoyw,avg章9_AvgDialog_C_M.csv,394,AvgDialog,Content,拉蒙娜,我们是你的唤醒体……我们要和你一起……,私たちはあなたの覚醒体……あなたと一緒に……
AvgDialog_65471_Content_48,aoyx,avg章9_AvgDialog_C_M.csv,395,AvgDialog,Content,,在拉蒙娜准备再次向门扉冲去的时候，阿利斯泰尔的声音从她身后传来。,ラモンナが再び門へ駆け出そうとしたとき、彼女の背後からアリステアの声が聞こえてきた。
AvgDialog_65471_Content_49,aoyy,avg章9_AvgDialog_C_M.csv,396,AvgDialog,Content,阿利斯泰尔彩色,%heorshe%不再需要唤醒体了，拉蒙娜。,%heorshe%にはもう、覚醒体は必要ありません……ラモンナ。
AvgDialog_65471_Content_50,aoyA,avg章9_AvgDialog_C_M.csv,397,AvgDialog,Content,拉蒙娜,您……您说什么？,先生……何を仰っているんですか？
AvgDialog_65471_Content_51,aoyB,avg章9_AvgDialog_C_M.csv,398,AvgDialog,Content,,没等阿利斯泰尔回话，拉蒙娜闭上眼，回溯着她与你的链接。,アリステアの返事を待たず、ラモンナは目を閉じ、あなたとの精神リンクを辿り始めた。
AvgDialog_65471_Content_52,aoyC,avg章9_AvgDialog_C_M.csv,399,AvgDialog,Content,拉蒙娜,！！！,！！！
AvgDialog_65471_Content_53,aoyD,avg章9_AvgDialog_C_M.csv,400,AvgDialog,Content,拉蒙娜,链接……消失了……,精神リンクが……消えて……
AvgDialog_65471_Content_54,aoyE,avg章9_AvgDialog_C_M.csv,401,AvgDialog,Content,詹金唤醒体,拉蒙娜，你在说什么？链接是我们跟守密人最牢固的联系，怎么可能……,ラモンナ、何言ってるんだ？精神リンクはあたしたちと守秘者の一番強い繋がりだぞ、そんなはず……
AvgDialog_65471_Content_55,aoyF,avg章9_AvgDialog_C_M.csv,402,AvgDialog,Content,詹金唤醒体,！！！……,……！？
AvgDialog_65471_Content_56,aoyG,avg章9_AvgDialog_C_M.csv,403,AvgDialog,Content,,每一个唤醒体都闭上眼睛，开始在精神维度中回溯。,覚醒体たちは皆、目を閉じ、精神の次元を辿り始めた。
AvgDialog_65471_Content_57,aoyH,avg章9_AvgDialog_C_M.csv,404,AvgDialog,Content,,可无论他们怎么努力，那个曾和他们朝夕相处、一直引领着他们精神维度的身影，此刻彻底地消失不见。,だがどれほど辿ろうとしても、かつて共に過ごし、彼らの精神次元を導いてきたその存在は、今この瞬間、跡形もなく消え去っていた。
AvgDialog_65471_Content_58,aoyI,avg章9_AvgDialog_C_M.csv,405,AvgDialog,Content,,明明那个人就站在他们面前，明明那个人的模样毫无变化，可他们眼里的这个身影，在此刻变得无比陌生。,その人は目の前に立っている。姿も何も変わっていない。だが、彼らの目に映るその存在は、今、ひどく見知らぬものへと変わっていた。
AvgDialog_65471_Content_59,aoyJ,avg章9_AvgDialog_C_M.csv,406,AvgDialog,Content,塔薇,%heorshe%现在所链接的，是%heorshe%用自己的权柄和记忆重新创造出来的无意识体。,%heorshe%が今リンクしているのは、%heorshe%自身の権能と記憶から創り出した、無意識体。
AvgDialog_65471_Content_60,aoyL,avg章9_AvgDialog_C_M.csv,407,AvgDialog,Content,塔薇,%heorshe%……切断了和我们的链接。,%heorshe%は……我々との精神リンクを断ち切ったのだ。
AvgDialog_65471_Content_61,aoyM,avg章9_AvgDialog_C_M.csv,408,AvgDialog,Content,詹金唤醒体,？！！,！？
AvgDialog_65471_Content_62,aoyN,avg章9_AvgDialog_C_M.csv,409,AvgDialog,Content,莉莉,为什么？莉莉……莉莉可以帮到大%brotherorsister1%……,どうして？\nリリー……リリーはお%brotherorsister1%の力になれるよ……
AvgDialog_65471_Content_63,aoyO,avg章9_AvgDialog_C_M.csv,410,AvgDialog,Content,,塔薇抬起头，望向门内那个孤独的身影。,タヴィは顔を上げ、門の中の孤独な人影を見つめる。
AvgDialog_65471_Content_64,aoyP,avg章9_AvgDialog_C_M.csv,411,AvgDialog,Content,塔薇,%heorshe%是托乎瓦波的碎片，无上意志的代行者。%heorshe%的精神维度里，是无尽的混沌，原初的疯狂……,%heorshe%はトオワボの欠片、至高の意志の代行者。%heorshe%の精神次元には、無限の混沌、原初の狂気が渦巻いている……
AvgDialog_65471_Content_65,aoyQ,avg章9_AvgDialog_C_M.csv,412,AvgDialog,Content,塔薇,如果与现在的%heorshe%链接，我们将陷入失控。,今の%heorshe%と繋がれば、我々は制御を失うだろう。
AvgDialog_65471_Content_66,aoyR,avg章9_AvgDialog_C_M.csv,413,AvgDialog,Content,塔薇,%heorshe%是对的。%heorshe%现在，已经不需要我们了。,%heorshe%は正しい。\n%heorshe%は今、もう我々を必要としていない。
AvgDialog_65471_Content_67,aoyS,avg章9_AvgDialog_C_M.csv,414,AvgDialog,Content,,祂收起被融蚀吞噬殆尽的六翼，露出身后那些唤醒体的面孔。,彼女は融蝕に呑み尽くされた六枚の翼を畳み、その背後の覚醒体たちの顔を露わにした。
AvgDialog_65471_Content_68,aoyT,avg章9_AvgDialog_C_M.csv,415,AvgDialog,Content,塔薇,你成功了，守密人……或许我该叫你，无目之瞳？,成し遂げたか、守秘者よ……\nいや、こう呼ぶべきか、目のない瞳と。
AvgDialog_65471_Content_69,aoyU,avg章9_AvgDialog_C_M.csv,416,AvgDialog,Content,,她的声音传到你的耳边。你感知到了唤醒体们哀伤的目光。你知道，他们在期待着同过往一样的召唤。,彼女の声があなたの耳に届く。覚醒体たちの悲しげな視線を感じる。彼らがかつての呼びかけを待っていることを、あなたは知っていた。
AvgDialog_65471_Content_70,aoyW,avg章9_AvgDialog_C_M.csv,417,AvgDialog,Content,,你笑了笑。一切的解释，都已不再有必要了。,あなたは微笑む。\nもはや、どんな説明も不要だった。
AvgDialog_65471_Content_71,aoyX,avg章9_AvgDialog_C_M.csv,418,AvgDialog,Content,,"你的世界所剩下的，唯有前方那个属于造物主的宏伟的眼瞳。
你的身边，已空无一人。",あなたの世界に残されたのは、目の前に佇む、創造主の壮大な瞳ただひとつ。あなたの傍らには、もう誰一人いない。
AvgDialog_65471_Content_72,aoyY,avg章9_AvgDialog_C_M.csv,419,AvgDialog,Content,玩家,我的记忆是从弥萨格开始的。我的记忆里，全是他们的身影。,私の記憶は、ミサゴ大学から始まった。\n私の記憶のすべてに、彼らの姿がある。
AvgDialog_65471_Content_73,aoyZ,avg章9_AvgDialog_C_M.csv,420,AvgDialog,Content,玩家,他们保护了我很多次。这次，轮到我来保护他们了。,彼らは、何度も私を守ってくれた。今度は、私が彼らを守る番だ。
AvgDialog_65471_Content_74,aoza,avg章9_AvgDialog_C_M.csv,421,AvgDialog,Content,,巨大的瞳孔好奇地圆睁着，死死地盯着你，如同一个婴儿发现了一个斑斓的玩具。,巨大な瞳孔が好奇心に見開かれ、あなたをじっと見据えている。\nまるで、色鮮やかな玩具を見つけた赤子のように。
AvgDialog_65471_Content_75,aozb,avg章9_AvgDialog_C_M.csv,422,AvgDialog,Content,,你深吸一口气，抬起头。你与无上的意志对视。,あなたは深く息を吸い、顔を上げた。至高の意思と、視線を交わす。
AvgDialog_65471_Content_76,aozc,avg章9_AvgDialog_C_M.csv,423,AvgDialog,Content,玩家,我是你遗落的碎片，现在，这块碎片，已经对准了你的眼。,私は、お前が落とした欠片。\n今、その欠片は、お前の瞳に狙いを定めた。
AvgDialog_65471_Content_77,aozd,avg章9_AvgDialog_C_M.csv,424,AvgDialog,Content,玩家,即使是创造者，也没有毁灭的权力。让混沌的归于混沌。让人间的归于人间。,たとえ創造主であろうと、破滅の権利なんて持ってない。\n混沌は混沌に、人の世は人の世に帰す。
AvgDialog_65471_Content_78,aoze,avg章9_AvgDialog_C_M.csv,425,AvgDialog,Content,玩家,在毁灭你的梦境之前，先越过我吧。无上的意志，痴愚的造物主——托乎瓦波。,お前の夢を滅ぼす前に、まず私を超えてみせろ。\n至高の意思、愚かな創造主——トオワボ。
AvgDialog_67773_Content_1,aoPd,avg章9_AvgDialog_C_M.csv,427,AvgDialog,Content,玩家,赢了吗……终于……,勝った……のか……？\nようやく……
AvgDialog_67773_Content_2,aoPe,avg章9_AvgDialog_C_M.csv,428,AvgDialog,Content,玩家,不对，这种感觉……无可违逆的压迫感，比刚才还要强烈……,いや、この感覚……\n抗いようのない圧迫感が、さっきよりもさらに……
AvgDialog_67773_Content_3,aoPf,avg章9_AvgDialog_C_M.csv,429,AvgDialog,Content,玩家,这是？！！……,これは……！？
AvgDialog_65476_Content_1,aoAN,avg章9_AvgDialog_C_M.csv,432,AvgDialog,Content,玩家,唔——,う——
AvgDialog_65476_Content_2,aoAY,avg章9_AvgDialog_C_M.csv,433,AvgDialog,Content,,一切的攻击都落入虚空，一切的防御都不堪一击。,あらゆる攻撃が虚空に呑まれ、あらゆる防御が脆くも崩れていく。
AvgDialog_65476_Content_3,aoBf,avg章9_AvgDialog_C_M.csv,434,AvgDialog,Content,,强烈的震荡在门扉世界中炸开，你跪倒在地，痛苦地捂住自己剧烈跳动的心脏。,強烈な震動が門の世界で炸裂し、あなたは膝をつき、激しく脈打つ心臓を苦しげに押さえた。
AvgDialog_65476_Content_4,aoBg,avg章9_AvgDialog_C_M.csv,435,AvgDialog,Content,拉蒙娜,这是……怎么回事！%heorshe%明明已经赢了……,これは……どういうこと！？\n%heorshe%は、勝ったはずなのに……
AvgDialog_65476_Content_5,aoBh,avg章9_AvgDialog_C_M.csv,436,AvgDialog,Content,塔薇,%heorshe%没有赢，拉蒙娜。,%heorshe%は勝ってなどいない、ラモンナ。
AvgDialog_65476_Content_6,aoBi,avg章9_AvgDialog_C_M.csv,437,AvgDialog,Content,塔薇,%heorshe%所击败的，只是托乎瓦波的一道目光。,%heorshe%が打ち破ったのは、トオワボのひとつの視線に過ぎぬ。
AvgDialog_65476_Content_7,aoBj,avg章9_AvgDialog_C_M.csv,438,AvgDialog,Content,拉蒙娜,……一道？,……ひとつ？
AvgDialog_65476_Content_8,aoBk,avg章9_AvgDialog_C_M.csv,439,AvgDialog,Content,塔薇,托乎瓦波存在于无数的维度。当祂睁开眼时，祂的目光，将在无数的维度之中逡巡。,トオワボは、無数の次元に存在する。\nあれが瞳を開く時、その視線は、無数の次元の中を彷徨うのだ。
AvgDialog_65476_Content_9,aoBl,avg章9_AvgDialog_C_M.csv,440,AvgDialog,Content,塔薇,这道被阻挡的目光，吸引了托乎瓦波的注意。其他的目光，那些真正强大的目光……,阻まれたこの視線が、トオワボの注意を引き寄せた。\n他の視線……真に強大な視線を……
AvgDialog_65476_Content_10,aoAO,avg章9_AvgDialog_C_M.csv,441,AvgDialog,Content,,她望向门内，眉头紧紧皱起。,彼女は門の内側を見つめ、眉をきつく寄せた。
AvgDialog_65476_Content_11,aoAP,avg章9_AvgDialog_C_M.csv,442,AvgDialog,Content,拉蒙娜,守密人！离开那里！！,守秘者！\nそこから離れて！！
AvgDialog_65476_Content_12,aoAQ,avg章9_AvgDialog_C_M.csv,443,AvgDialog,Content,,门外的声音浑浊地传入你耳中。你捂住胸口，抬起头。,門の外の声が、濁って耳に届く。\nあなたは胸を押さえ、顔を上げた。
AvgDialog_65476_Content_13,aoAR,avg章9_AvgDialog_C_M.csv,444,AvgDialog,Content,,眼睛。无数的眼睛。在你费尽全力将一只眼睛击破之后，万千眼睛惺忪睁开，从门内的世界、从宇宙的每一个维度向你望来。,無数の眼。\nあなたが打ち破った一つの眼の先で、無数の眼が眠たげに開いた。\n門の世界の宇宙のあらゆる次元から、あなたを見つめている。
AvgDialog_65476_Content_14,aoAS,avg章9_AvgDialog_C_M.csv,445,AvgDialog,Content,,"那道强烈的震荡搅碎了你的意识，让你的记忆开始变得混乱起来。
在混乱的大脑中，N的话跃动着漂浮在你面前。你自嘲地牵动嘴角。",強烈な震動があなたの意識を砕き、記憶を混乱させていく。混乱する脳裏にNの言葉が浮かび、あなたは自嘲気味に口の端を歪めた。
AvgDialog_65476_Content_15,aoAT,avg章9_AvgDialog_C_M.csv,446,AvgDialog,Content,玩家,你说的没错，N……我根本不知道，我所要面对的究竟是什么……,お前の言う通りだ、N……\n私には分かってなかった。私が向き合うべきものが、何なのか……
AvgDialog_65476_Content_16,aoAU,avg章9_AvgDialog_C_M.csv,447,AvgDialog,Content,玩家,只是一个碎片而已……我根本，没有和祂对视的资格……,ただの欠片に過ぎなかった……\n私には、あれと対峙する資格などなかった……
AvgDialog_65476_Content_17,aoAV,avg章9_AvgDialog_C_M.csv,448,AvgDialog,Content,,你强撑起身体，望着那无数个痴愚的眼瞳。,あなたは体を無理に起こし、無数の愚かな瞳を見つめる。
AvgDialog_65476_Content_18,aoAW,avg章9_AvgDialog_C_M.csv,449,AvgDialog,Content,,愤怒和悲哀的情绪在你心底弥漫翻涌。但你明白，你什么也改变不了。,怒りと悲しみが、あなたの心の底で湧き上がる。\nだが、あなたは知っている。なにひとつ変えられないことを。
AvgDialog_65476_Content_19,aoAX,avg章9_AvgDialog_C_M.csv,450,AvgDialog,Content,？？？,@2……@3……,@2……@3……
AvgDialog_65476_Content_20,aoAZ,avg章9_AvgDialog_C_M.csv,451,AvgDialog,Content,,"无数的目光聚焦在你身上。融蚀如潮水般在你身上涌现。
体内的权柄消弭着融蚀，但远远赶不上融蚀出现的速度。",無数の視線があなたに集まる。\n融蝕が潮のごとく、あなたに湧き出てくる。\n体内の権能が融蝕を打ち消すも、その速度には到底追いつかない。
AvgDialog_65476_Content_21,aoBa,avg章9_AvgDialog_C_M.csv,452,AvgDialog,Content,,"剧烈的痛苦让你浑身颤抖。记忆在融蚀中消解，大脑逐渐变得空白。
你机械性地握住银钥匙，向那令人战栗的目光举起——",激痛に全身が震える。記憶が融蝕に溶け、頭が空白になっていく。\nあなたはとっさに銀の鍵を握り締め、戦慄の視線に向けて掲げた——
AvgDialog_65476_Content_22,aoBb,avg章9_AvgDialog_C_M.csv,453,AvgDialog,Content,？？？,@3！,@3！
AvgDialog_65476_Content_23,aoBc,avg章9_AvgDialog_C_M.csv,454,AvgDialog,Content,,轰——,ドン——
AvgDialog_65476_Content_24,aoBd,avg章9_AvgDialog_C_M.csv,455,AvgDialog,Content,,轰——,ドン——
AvgDialog_65476_Content_25,aoBe,avg章9_AvgDialog_C_M.csv,456,AvgDialog,Content,拉蒙娜,守密人！——,守秘者——！
AvgDialog_65472_Content_1,aozh,avg章9_AvgDialog_C_M.csv,458,AvgDialog,Content,,决胜：原初之影,決戦：原初の影
AvgDialog_65472_Content_2,aozs,avg章9_AvgDialog_C_M.csv,459,AvgDialog,Content,塔薇？,守……,守……
AvgDialog_65472_Content_3,aozD,avg章9_AvgDialog_C_M.csv,460,AvgDialog,Content,塔薇？,守密人……,守秘者よ……
AvgDialog_65472_Content_4,aozO,avg章9_AvgDialog_C_M.csv,461,AvgDialog,Content,玩家,你是……塔薇？,君は……タヴィ？
AvgDialog_65472_Content_5,aozZ,avg章9_AvgDialog_C_M.csv,462,AvgDialog,Content,体内塔薇,"是塔薇，也是你体内智之质体权柄的具现。
你得救了，守密人。",タヴィであり、そなたの内にある知識の神子の権能の具現でもある。そなたは救われた、守秘者よ。
AvgDialog_65472_Content_6,aoAk,avg章9_AvgDialog_C_M.csv,463,AvgDialog,Content,玩家,这里是……,ここは……
AvgDialog_65472_Content_7,aoAn,avg章9_AvgDialog_C_M.csv,464,AvgDialog,Content,体内泰旖丝,智之质体短暂地回溯了时间，我们仍在门扉之内。,知識の神子が一時的に時を遡ったの。\n私たちはまだ門の内にいるわ。
AvgDialog_65472_Content_8,aoAo,avg章9_AvgDialog_C_M.csv,465,AvgDialog,Content,体内泰旖丝,祂看到了你的过去，祂正从你所走过的每一个地方睁开眼。伦蒂尼恩，拉伊，勒姆瓦希……,あの存在はあなたの過去を見ている。あなたが歩んだあらゆる場所で、目を開いているわ。ロンディニウム、ライ、ヴォルムワヒ……
AvgDialog_65472_Content_9,aoAp,avg章9_AvgDialog_C_M.csv,466,AvgDialog,Content,体内泰旖丝,祂的目光，仍在追逐我们。,あの視線は、まだ私たちを追っているの。
AvgDialog_65472_Content_10,aozi,avg章9_AvgDialog_C_M.csv,467,AvgDialog,Content,玩家,泰旖丝……对不起，我……,タイス……ごめん、私は……
AvgDialog_65472_Content_11,aozj,avg章9_AvgDialog_C_M.csv,468,AvgDialog,Content,体内N,啧啧啧。之前放狠话的时候，可不是这种沮丧的表情啊，冒牌货。,チッチッチッ。さっき大口を叩いていたときは、こんなしょぼくれた顔じゃなかったですよね、偽物さん。
AvgDialog_65472_Content_12,aozk,avg章9_AvgDialog_C_M.csv,469,AvgDialog,Content,体内N,你失败了，无目之瞳的碎片。彻彻底底。,目のない瞳の欠片よ。\nあなたは失敗しました……完全にね。
AvgDialog_65472_Content_13,aozl,avg章9_AvgDialog_C_M.csv,470,AvgDialog,Content,玩家,你说的没错，N……我失败了。我无法打败祂……,君の言う通りだよ、N……私は失敗した。\nあれを倒せなかった……
AvgDialog_65472_Content_14,aozm,avg章9_AvgDialog_C_M.csv,471,AvgDialog,Content,玩家,面对真正的造物主，一个碎片，什么也做不到……,真の創造主を前に、欠片一つじゃ、何もできない……
AvgDialog_65472_Content_15,aozn,avg章9_AvgDialog_C_M.csv,472,AvgDialog,Content,玩家,抱歉，我辜负了你们的期望……,ごめん。君たちの期待に応えられなかった……
AvgDialog_65472_Content_16,aozo,avg章9_AvgDialog_C_M.csv,473,AvgDialog,Content,体内N,辜负？不，我很高兴，%player%。这场不自量力的大戏，令人流连忘返。,応えられなかった？いやいや、私は嬉しいですよ。\nこの身の程知らずの大芝居は、目が離せません。
AvgDialog_65472_Content_17,aozp,avg章9_AvgDialog_C_M.csv,474,AvgDialog,Content,体内泰旖丝,你已经做到了你能做的全部，%player%。你从来未曾辜负过我。,あなたはできる限りのことをすべてやったわ、%player%。\nあなたが私を失望させたなんてこと、一度もないの。
AvgDialog_65472_Content_18,aozq,avg章9_AvgDialog_C_M.csv,475,AvgDialog,Content,体内泰旖丝,而且……属于你的战斗，还没有结束。,それに……あなたの戦いは、まだ終わっていない。
AvgDialog_65472_Content_19,aozr,avg章9_AvgDialog_C_M.csv,476,AvgDialog,Content,,泰旖丝抚摸着你的头，温和微笑着望向你。,タイスはあなたの頭を撫で、穏やかに微笑み、あなたを見つめた。
AvgDialog_65472_Content_20,aozt,avg章9_AvgDialog_C_M.csv,477,AvgDialog,Content,玩家,还……没有结束？,まだ……終わっていない？
AvgDialog_65472_Content_21,aozu,avg章9_AvgDialog_C_M.csv,478,AvgDialog,Content,体内塔薇,在无数的失败中，我曾看到过一条属于胜利的道路。,無数の失敗の中で、我はかつて、勝利への道を一つ見たことがある。
AvgDialog_65472_Content_22,aozv,avg章9_AvgDialog_C_M.csv,479,AvgDialog,Content,体内塔薇,一条……和现在一模一样的道路。,一つの……今とまったく同じ道を。
AvgDialog_65472_Content_23,aozw,avg章9_AvgDialog_C_M.csv,480,AvgDialog,Content,,你闭上眼。智之质体的权柄在你体内涌动。属于塔薇的无尽思绪，涌入你的脑海。轻而易举地，你看到了她眼中那条道路。,あなたは目を閉じた。知識の神子の権能が体内で沸き動く。\nタヴィの無尽の思念が脳裏に押し寄せ、その道が見えた。
AvgDialog_65472_Content_24,aozx,avg章9_AvgDialog_C_M.csv,481,AvgDialog,Content,,你猛地睁开眼，望向这个空间的四周。,あなたは勢いよく目を開け、この空間の周囲を見渡した。
AvgDialog_65472_Content_25,aozy,avg章9_AvgDialog_C_M.csv,482,AvgDialog,Content,,门扉之外，你看到存在于物理规则之外的光影，正在维度的边缘影影绰绰地跃动。,門の外。物理の法則の外に存在する光と影が、次元の縁でぼんやりと揺れ動いているのが見える。
AvgDialog_65472_Content_26,aozz,avg章9_AvgDialog_C_M.csv,483,AvgDialog,Content,玩家,那是……维度的边界……你打开了维度之间的界限？,あれは……次元の境界……\n君は次元の間の境界を開いたの？
AvgDialog_65472_Content_27,aozA,avg章9_AvgDialog_C_M.csv,484,AvgDialog,Content,体内塔薇,"在这无数个维度中，存在着无数的你我。
无数个我们，正面对着同一个敌人。",この無数の次元の中に、無数の我らが存在している。\n無数の我らが、同じ一人の敵と向き合っているのだ。
AvgDialog_65472_Content_28,aozB,avg章9_AvgDialog_C_M.csv,485,AvgDialog,Content,体内塔薇,门扉连接着这一切……如今，门扉已完全打开。,門はそのすべてを繋いでいる……\n今や、門は完全に開かれたのだ。
AvgDialog_65472_Content_29,aozC,avg章9_AvgDialog_C_M.csv,486,AvgDialog,Content,玩家,原来如此……我明白了，塔薇！,なるほど……\nわかった、タヴィ！
AvgDialog_65472_Content_30,aozE,avg章9_AvgDialog_C_M.csv,487,AvgDialog,Content,玩家,在这无数个维度中，托乎瓦波是唯一的，但……我们不是。,この無数の次元の中で、トオワボは唯一の存在だ……\nでも、私たちはそうじゃない。
AvgDialog_65472_Content_31,aozF,avg章9_AvgDialog_C_M.csv,488,AvgDialog,Content,,你站起身来，迎上面前这个庞然大物的目光。,あなたは立ち上がり、眼前の巨大な存在の視線を正面から受け止めた。
AvgDialog_65472_Content_32,aozG,avg章9_AvgDialog_C_M.csv,489,AvgDialog,Content,体内N,看呐，我们的冒牌货朋友，又要开始%heorshe%不知死活的戏码了。,ほら、また偽物の私たちのお友達が、身の程知らずにも演目を始めようとしていますよ。
AvgDialog_65472_Content_33,aozH,avg章9_AvgDialog_C_M.csv,490,AvgDialog,Content,玩家,N，你说的没错。一个碎片，根本做不到什么。,Ｎ、君の言う通りだ。\n欠片一つじゃ、何もできない。
AvgDialog_65472_Content_34,aozI,avg章9_AvgDialog_C_M.csv,491,AvgDialog,Content,玩家,可这个崩塌的造物主掉落的碎片，不只一个……,でも、この崩壊した創造主から落ちた欠片は、一つだけじゃない……
AvgDialog_65472_Content_35,aozJ,avg章9_AvgDialog_C_M.csv,492,AvgDialog,Content,,你扫视着门内的这片空间。无数的眼睛，正从无数个维度中向你望来。,あなたは門の内側のこの空間を見渡した。\n無数の目が、無数の次元からあなたは見つめている。
AvgDialog_65472_Content_36,aozK,avg章9_AvgDialog_C_M.csv,493,AvgDialog,Content,,但你知道，它们看的并不是你。,だがあなたには分かる。\nそれらが見ているのはあなたではないということが。
AvgDialog_65472_Content_37,aozL,avg章9_AvgDialog_C_M.csv,494,AvgDialog,Content,,在那些你从不知晓的维度里，有无数个你，正与造物主的眼睛对视。,あなたが知りもしない次元の中で、無数のあなたが、創造主の目と向き合っている。
AvgDialog_65472_Content_38,aozM,avg章9_AvgDialog_C_M.csv,495,AvgDialog,Content,玩家,将维度的界限彻底打开吧，塔薇。,次元の境界を完全に開いて、タヴィ。
AvgDialog_65472_Content_39,aozN,avg章9_AvgDialog_C_M.csv,496,AvgDialog,Content,,塔薇轻轻点头，抬起双手。,タヴィは静かに頷き、両手を持ち上げた。
AvgDialog_65472_Content_40,aozP,avg章9_AvgDialog_C_M.csv,497,AvgDialog,Content,,似乎有一层薄膜被撕破，那无数双眼睛在你的视线中变得清晰起来。,薄い膜が引き裂かれたかのように、その無数の目があなたの視界の中ではっきりと見えた。
AvgDialog_65472_Content_41,aozQ,avg章9_AvgDialog_C_M.csv,498,AvgDialog,Content,,在薄膜被撕去的一瞬间，无数的声音钻进了你的耳朵。,幕が引き裂かれた瞬間、無数の声があなたの耳に飛び込んできた。
AvgDialog_65472_Content_42,aozR,avg章9_AvgDialog_C_M.csv,499,AvgDialog,Content,玩家碎片男,「我失去过一次自己的人生。为守护自己的一切而死，和放弃自己的一切而生，我的选择只有一个。」,「私は一度自分の人生を失った。すべてを護るために死ぬかすべてを捨てて生きるか、私の選択は一つしかない」
AvgDialog_65472_Content_43,aozS,avg章9_AvgDialog_C_M.csv,500,AvgDialog,Content,玩家碎片女,「我可以。无论这场灾难是什么，我会去阻止祂的降临！」,「私にはできる。\nこの災厄が何であれ、その降臨を阻止してみせる！」
AvgDialog_65472_Content_44,aozT,avg章9_AvgDialog_C_M.csv,501,AvgDialog,Content,玩家碎片男,「我一定会救你出去……等着我！」,「必ずあなたを救い出す……待ってて！」
AvgDialog_65472_Content_45,aozU,avg章9_AvgDialog_C_M.csv,502,AvgDialog,Content,玩家碎片女,「唤醒体，列队，迎敌！」,「覚醒体、整列して、迎撃を！」
AvgDialog_65472_Content_46,aozV,avg章9_AvgDialog_C_M.csv,503,AvgDialog,Content,,……,……
AvgDialog_65472_Content_47,aozW,avg章9_AvgDialog_C_M.csv,504,AvgDialog,Content,,男人的声音。女人的声音。激昂的声音。悲伤的声音。,男の声。女の声。激昂した声。悲しみの声。
AvgDialog_65472_Content_48,aozX,avg章9_AvgDialog_C_M.csv,505,AvgDialog,Content,,这些声音让你感到熟悉又陌生，如同一个婴儿第一次从镜子中看见自己的脸。,それらの声はあなたに親しみと違和感を同時に感じさせた——\nまるで赤ん坊が初めて鏡の中で自分の顔を見るような気持ち。
AvgDialog_65472_Content_49,aozY,avg章9_AvgDialog_C_M.csv,506,AvgDialog,Content,,你知道，那镜中的婴孩，此刻也看见了你。,あなたには分かる、鏡の中の赤ん坊も今この瞬間、あなたを見ているということが。
AvgDialog_65472_Content_50,aoAa,avg章9_AvgDialog_C_M.csv,507,AvgDialog,Content,,这些，是我的声音,これらは、私の声だ
AvgDialog_65472_Content_51,aoAb,avg章9_AvgDialog_C_M.csv,508,AvgDialog,Content,玩家,我听见了……这些，是我的声音。,聞こえた……\nこれは全部、私の声。
AvgDialog_65472_Content_52,aoAc,avg章9_AvgDialog_C_M.csv,509,AvgDialog,Content,体内N,精彩，精彩……连我都忍不住，要和你一起登台。,素晴らしい、素晴らしい……\n私も我慢できずに、あなたと一緒に舞台に上がりたくなりますよ。
AvgDialog_65472_Content_53,aoAd,avg章9_AvgDialog_C_M.csv,510,AvgDialog,Content,体内N,继续表演下去吧。让我看看，你们这些碎片，究竟能做到什么？,演じ続けなさい。見せてもらいましょう——\n欠片のみなさんに、一体何ができるというんです？
AvgDialog_65472_Content_54,aoAe,avg章9_AvgDialog_C_M.csv,511,AvgDialog,Content,体内泰旖丝,去吧，守密人……我选择了相信你。无论你做什么样的决定，我都会帮助你。,行って、守秘者……私はあなたを信じると決めたわ。\nあなたがどんな決断をしても、私はあなたを助ける。
AvgDialog_65472_Content_55,aoAf,avg章9_AvgDialog_C_M.csv,512,AvgDialog,Content,,"塔薇，泰旖丝，N……三质体的力量向你涌来。
你站起身，举起银钥匙。",タヴィ、タイス、N……三大神子の力があなたに押し寄せてきた。\nあなたは立ち上がり、銀の鍵を掲げる。
AvgDialog_65472_Content_56,aoAg,avg章9_AvgDialog_C_M.csv,513,AvgDialog,Content,,虚幻的空间，熟悉的场景随着目光出现。无数即将破灭的维度里，无数银色的光点同时燃起。,虚ろな空間に、馴染みのある情景が視線と共に現れた。崩壊しようとしている無数の次元の中で、無数の銀の輝きが同時に浮かび上がる。
AvgDialog_65472_Content_57,aoAh,avg章9_AvgDialog_C_M.csv,514,AvgDialog,Content,,银光照耀伦蒂尼恩的蜡像馆，拉伊的疗养院，布里尔珀特的海面，勒姆瓦希的沙丘。银光照耀你的过往，你所有的劫难与成长。,銀の光がロンディニウムの蝋人形館を、ライの療養院を、ブリルポートの海面を、ヴォルムワヒの砂丘を照らす。\n銀の光があなたの過去を、すべての試練と成長を照らす。
AvgDialog_65472_Content_58,aoAi,avg章9_AvgDialog_C_M.csv,515,AvgDialog,Content,,那些脆弱、渺小的碎片们，将锋刃对准了自己的造物主。,あの脆く、小さな欠片たちが、自らの創造主に刃を向けた。
AvgDialog_65472_Content_59,aoAj,avg章9_AvgDialog_C_M.csv,516,AvgDialog,Content,玩家,一只眼睛，一道伤口，一个划痕，甚至什么都留不下……这些都没关系。,一つの眼、一つの傷、一つの引っかき傷。\n何も残せなくても……それで構わない。
AvgDialog_65472_Content_60,aoAl,avg章9_AvgDialog_C_M.csv,517,AvgDialog,Content,玩家,看着吧，托乎瓦波。我们是你的碎片，我们是弥萨格的守密人……,見ていろ、トオワボ。\n私たちはお前の欠片、私たちはミサゴ大学の守秘者……
AvgDialog_65472_Content_61,aoAm,avg章9_AvgDialog_C_M.csv,518,AvgDialog,Content,玩家,无论付出怎样的代价，我们都会将你留在这里！,どんな代償を払おうとも、私たちはお前をここに留める！
AvgDialog_68328_Content_1,apdY,avg章9_AvgDialog_C_M.csv,520,AvgDialog,Content,玩家,"链接已经断开了，但我似乎……还能够感受到他们……
如此真实的存在，不像是我用权柄创造出的无意识体……",精神リンクは断たれたはず。だけど、まだ彼らの存在を感じる……\nこれほど強烈な感覚が、権能で創った無意識体だとは思えない……
AvgDialog_68328_Content_2,apej,avg章9_AvgDialog_C_M.csv,521,AvgDialog,Content,威廉？？？,卡达斯是你的梦境，守密人。,カダスは君の夢だ、守秘者。
AvgDialog_68328_Content_3,apeo,avg章9_AvgDialog_C_M.csv,522,AvgDialog,Content,玩家,谁？！,誰！？
AvgDialog_68328_Content_4,apep,avg章9_AvgDialog_C_M.csv,523,AvgDialog,Content,,面目模糊不清的来人无视了你的质问。,顔の輪郭も定かでないその来訪者は、あなたの問いを意に介さなかった。
AvgDialog_68328_Content_5,apeq,avg章9_AvgDialog_C_M.csv,524,AvgDialog,Content,威廉？？？,即便融蚀令万千存在消亡，你的记忆也不会磨损。,たとえ融蝕が幾多の存在を滅ぼそうとも、君の記憶が損なわれることはない。
AvgDialog_68328_Content_6,aper,avg章9_AvgDialog_C_M.csv,525,AvgDialog,Content,威廉？？？,那些回忆充盈你的意识，那些你们共同经历的历史会给你对抗祂的注视的力量。,それらの記憶は君の意識を満たし、君たちが共に歩んだ歴史こそが、彼の眼差しに対抗する力を君に与えてくれる。
AvgDialog_68328_Content_7,apes,avg章9_AvgDialog_C_M.csv,526,AvgDialog,Content,,亦真亦幻的熟悉轮廓随着淡薄的银色光辉，逐渐在你的身侧浮现。,見慣れた輪郭たちが、淡い銀色の光とともに、現実とも幻ともいえない姿で、少しずつあなたの傍らに浮かび上がる。
AvgDialog_68328_Content_8,apet,avg章9_AvgDialog_C_M.csv,527,AvgDialog,Content,拉蒙娜,还记得授钥仪式的那天吗？我永远不会忘记，指尖相互触碰的瞬间，那是你我之间珍贵链接的见证。,鍵の授与式のあの日を覚えてる？指先が触れ合ったあの瞬間。\nそれはあなたと私を結ぶ、かけがえのないリンクの証だった。
AvgDialog_68328_Content_9,apeu,avg章9_AvgDialog_C_M.csv,528,AvgDialog,Content,拉蒙娜,即使我们的链接断开，我也是你永远的、唯一的搭档。,たとえ精神リンクが断たれても……\n私はあなたの、永遠の、たったひとりのパートナー。
AvgDialog_68328_Content_10,apdZ,avg章9_AvgDialog_C_M.csv,529,AvgDialog,Content,拉蒙娜,继续向前吧，守密人。为了我们再次牵手。,前へ進み続けて、守秘者。\n私たちがまた、手を繋ぐ日のために。
AvgDialog_68328_Content_11,apea,avg章9_AvgDialog_C_M.csv,530,AvgDialog,Content,本源拉蒙娜,……,……
AvgDialog_68328_Content_12,apeb,avg章9_AvgDialog_C_M.csv,531,AvgDialog,Content,本源拉蒙娜,纵使要跃入黑池，与世界同归虚无，我也会握住你的手。,たとえ昏き海に身を投じ、世界と共に虚無へ還ろうとも、私はあなたの手を握り続ける。
AvgDialog_68328_Content_13,apec,avg章9_AvgDialog_C_M.csv,532,AvgDialog,Content,奥吉尔,奥吉尔的长枪，也会为守护主公而战！,オジールの槍も、主君を守るために戦います！
AvgDialog_68328_Content_14,aped,avg章9_AvgDialog_C_M.csv,533,AvgDialog,Content,艾继丝,如果可以的话，艾继丝……也想帮守密人的忙……可以吗？,もしできるなら……\nアイギスも、守秘者の力になりたいんです……いいですか？
AvgDialog_68328_Content_15,apee,avg章9_AvgDialog_C_M.csv,534,AvgDialog,Content,奥吉尔,站在我身后，放心睁开你的眼睛吧！如果遇到危急情况，我会为你张开护盾的。,僕の後ろに立って、安心して目を開けていてください！\n危ない時は、僕があなたの盾になります！
AvgDialog_68328_Content_16,apef,avg章9_AvgDialog_C_M.csv,535,AvgDialog,Content,奥吉尔,主君，您的身后就交给我，美德骑士，为您献上守护者的意志！,主君、お背中はこの僕にお任せを！\n美徳の騎士が、あなたに守護者の意志を捧げます！
AvgDialog_68328_Content_17,apeg,avg章9_AvgDialog_C_M.csv,536,AvgDialog,Content,萨尔瓦多,苍白的使者啊，我已亲眼见证，你面对至高存在时一往无前的身姿。,蒼白の使者よ、私はこの目で見届けました。\n至高の存在の前でも、一歩も退かぬ、あなたの御姿を。
AvgDialog_68328_Content_18,apeh,avg章9_AvgDialog_C_M.csv,537,AvgDialog,Content,萨尔瓦多,你的灵魂燃起的火焰如此明亮，祂将祝福你，开辟通往无有苦难之地的道路。,あなたの魂が燃やす炎は、これほどまでに明るく輝いている。\n父なる神はあなたを祝福し、苦難なき地への道を開かれるでしょう。
AvgDialog_68328_Content_19,apei,avg章9_AvgDialog_C_M.csv,538,AvgDialog,Content,萨尔瓦多,到那一天，父神的光辉会平等地照耀在每个人身上。,その日には、父なる神の光が、すべての人を等しく照らすのです。
AvgDialog_68328_Content_20,apek,avg章9_AvgDialog_C_M.csv,539,AvgDialog,Content,奥尔拉,无需悲伤，无需畏惧火焰，也无需畏惧漆黑的病痛与无上的贪婪。,悲しむことはありません。炎を恐れることも、漆黒の病も、無上の貪欲も、何も恐れることはないのです。
AvgDialog_68328_Content_21,apel,avg章9_AvgDialog_C_M.csv,540,AvgDialog,Content,奥尔拉,我会将伦蒂尼恩的故事记录成诗篇，你的身影会随着诗句隽永流传。,ロンディニウムの物語を、わたくしが詩篇に書き留めます。\nあなたの姿は、詩句とともに永遠に語りづがれるでしょう。
AvgDialog_68328_Content_22,apem,avg章9_AvgDialog_C_M.csv,541,AvgDialog,Content,奥尔拉,走吧，守密人。,お行きなさい、守秘者。
AvgDialog_68328_Content_23,apen,avg章9_AvgDialog_C_M.csv,542,AvgDialog,Content,奥尔拉,我们的诗行……还没书写到最后一句呢。,わたくしたちの詩篇は……\nまだ、最後の一行を、書き終えてはいないのですから。
AvgDialog_68334_Content_1,aphZ,avg章9_AvgDialog_C_M.csv,544,AvgDialog,Content,詹金唤醒体,吵死了吵死了！那些听到就让人脑子乱七八糟的声音能不能快点消失啊！,うるさいうるさい！聞いてるだけで頭ぐちゃぐちゃになる！\nこの声、はやく消えろっつーの！
AvgDialog_68334_Content_2,apik,avg章9_AvgDialog_C_M.csv,545,AvgDialog,Content,詹金唤醒体,好不容易才能吃饱饭，和姐姐在一起，这些都是守密人带来的改变……,やっとお腹いっぱい食べられて、姉ちゃんとも一緒にいられて……\n全部、お前がくれたものなんだ……
AvgDialog_68334_Content_3,apiq,avg章9_AvgDialog_C_M.csv,546,AvgDialog,Content,詹金唤醒体,所以、所以哪怕再害怕，我也……不会退缩的。,だから、だから……\nどんなに怖くても、あたしは絶対、逃げないんだ。
AvgDialog_68334_Content_4,apir,avg章9_AvgDialog_C_M.csv,547,AvgDialog,Content,尤乌哈希,小老鼠害怕了？哈哈哈，没什么好怕的。,ちびネズミ、ビビったか？\nはっはっは、怖がるほどのことじゃない。
AvgDialog_68334_Content_5,apis,avg章9_AvgDialog_C_M.csv,548,AvgDialog,Content,尤乌哈希,只要燃尽一切，沉沦杀戮，就连恐惧本身也可以被杀死。,すべてを燃やし尽くし、殺戮に身を委ねればいい。\nそうすれば恐怖そのものでさえ、殺せる。
AvgDialog_68334_Content_6,apit,avg章9_AvgDialog_C_M.csv,549,AvgDialog,Content,尤乌哈希,我活了上千年，还从没遇到这样令人热血沸腾的对手。何况，还有守密人并肩作战。,俺は千年以上生きてきたが、これほど血が沸き立つ相手は初めてだ。ましてや、守秘者と肩を並べて戦えるとはな。
AvgDialog_68334_Content_7,apiu,avg章9_AvgDialog_C_M.csv,550,AvgDialog,Content,雷娅,是的，只要在守密人身边，什么疼痛我都可以忍受。,そうよ、守秘者のそばにいられるのなら、私はどんな痛みでも耐えられるの。
AvgDialog_68334_Content_8,apiv,avg章9_AvgDialog_C_M.csv,551,AvgDialog,Content,雷娅,因为无论是什么样的恐惧和黑暗，温柔的骑士都会把我拉出来。,だって、どんな恐怖や闇でも、優しい騎士様が、私を引き上げてくれるんだもの。
AvgDialog_68334_Content_9,apiw,avg章9_AvgDialog_C_M.csv,552,AvgDialog,Content,雷娅,因为……我是属于%player%的。,だって……私は%player%のものだから。
AvgDialog_68334_Content_10,apia,avg章9_AvgDialog_C_M.csv,553,AvgDialog,Content,潘狄娅,其实，人家也有些害怕，需要守密人用甜蜜的疼痛来驱散恐惧~,実はね、あたしもちょっと怖いの。\n守秘者の甘い痛みで、恐怖を散らしてほしいわ～
AvgDialog_68334_Content_11,apib,avg章9_AvgDialog_C_M.csv,554,AvgDialog,Content,潘狄娅,开玩笑的~这次，人家要认真起来了。,なんてね、冗談よ～\n今回ばかりは、あたしも本気を出すわ。
AvgDialog_68334_Content_12,apic,avg章9_AvgDialog_C_M.csv,555,AvgDialog,Content,潘狄娅,托乎瓦波的目光还是其他什么，都无法浇灭我对守密人滚烫燃烧的爱情火苗~,トオワボの視線だろうと、何だろうと、あたしの守秘者への、燃え滾る愛の炎は、決して消せやしないわ～
AvgDialog_68334_Content_13,apid,avg章9_AvgDialog_C_M.csv,556,AvgDialog,Content,珈伦,珈伦想起了故乡，故乡的月亮、石头城，跳舞的祭祀，珈伦都很喜欢，绝不容许谁把它毁掉！,カレン、故郷を思い出しました。故郷のお月様、石のお城、儀式の踊り……カレンは全部好きなんです！誰にも壊させません！
AvgDialog_68334_Content_14,apie,avg章9_AvgDialog_C_M.csv,557,AvgDialog,Content,珈伦,还有守密人，%heorshe%可是珈伦的主人，是珈伦的，谁都不能抢走！,それに、守秘者だって……%heorshe%はカレンのご主人様、カレンだけのもの！誰にも奪わせません！
AvgDialog_68334_Content_15,apif,avg章9_AvgDialog_C_M.csv,558,AvgDialog,Content,索蕾尔,恐惧，亦是权力的体现。确实，祂的权力超乎了我们所有人的想象，但我、我们不会屈服。,恐怖もまた、権力の表れですわ。確かに、彼の権力はわたくしたちの想像を超えている。でもわたくしは……わたくしたちは屈しません。
AvgDialog_68334_Content_16,apig,avg章9_AvgDialog_C_M.csv,559,AvgDialog,Content,索蕾尔,守密人，战斗吧，我会让祂明白，蔷薇柔弱，却也带着刺。,守秘者、戦いましょう。わたくしが教えて差し上げますわ——\n薔薇は、たおやかでも、しっかりと棘を持つということを。
AvgDialog_68334_Content_17,apih,avg章9_AvgDialog_C_M.csv,560,AvgDialog,Content,温柯尔,黑暗，好可怕的黑暗……要逃，要带着守密人逃，但是，不可以。,暗闇……ああ、恐ろしい暗闇……\n逃げなきゃ、守秘者を連れて、逃げなきゃ。でも、ダメ。
AvgDialog_68334_Content_18,apii,avg章9_AvgDialog_C_M.csv,561,AvgDialog,Content,温柯尔,我已经经历过一次毁灭，已经逃跑过一次，这次，我不想再逃。,私は一度、破滅を経験した。一度、逃げ出したことがある。\nだから今度は、もう逃げたくないの。
AvgDialog_68334_Content_19,apij,avg章9_AvgDialog_C_M.csv,562,AvgDialog,Content,温柯尔,这一次，我要站在守密人的身边。是的，我要站在你身边、站在你身边……,今度こそ、私は守秘者のそばに立つの。\nそう、あなたのそばに立つ、あなたのそばに……
AvgDialog_68334_Content_20,apil,avg章9_AvgDialog_C_M.csv,563,AvgDialog,Content,二十四,真是可怜啊，大家，明明要被那恐惧所摧毁，却还是没有崩溃……你们不是清楚自己的结局了吗？还在挣扎什么？,本当に哀れね、みんな……あの恐怖に壊されるはずなのに、まだ崩れない。結末は分かっているはずでしょう？何をもがいているの？
AvgDialog_68334_Content_21,apim,avg章9_AvgDialog_C_M.csv,564,AvgDialog,Content,二十四,不、不，这不是挣扎。不是的，这是……,い、いえ……これは、もがいているんじゃない。違うの、これは……
AvgDialog_68334_Content_22,apin,avg章9_AvgDialog_C_M.csv,565,AvgDialog,Content,,"24的目光看向众人，那不可直视的恐惧目光之下，百态横生。
但没有人退却。他们有要守护的存在。",「24」の視線が皆を見渡す。\n直視できない恐怖の眼差しの下、その姿はさまざまだ。\nだが誰一人退かない。彼らには守るべきものがあるのだ。
AvgDialog_68334_Content_23,apio,avg章9_AvgDialog_C_M.csv,566,AvgDialog,Content,二十四,这是守护，最后的守护。,これは……守るためなの。\n最後の、守るための戦いなの。
AvgDialog_68334_Content_24,apip,avg章9_AvgDialog_C_M.csv,567,AvgDialog,Content,二十四,我们要守护%player%。,私たちは、%player%を守る。
AvgDialog_68335_Content_1,apix,avg章9_AvgDialog_C_M.csv,569,AvgDialog,Content,萝坦,真是个强劲的对手啊，但是战斗就是要这样才能尽兴不是吗？,まことに手強い相手であるな。\nだが、戦と言うのは、こうでなくては心が躍らんものよ。
AvgDialog_68335_Content_2,apiI,avg章9_AvgDialog_C_M.csv,570,AvgDialog,Content,萝坦,我就知道跟着你一定会有乐子的，当初与你们许下的承诺总算没有白费。,お前についていけば、必ず楽しいことがあると思うておったが——\nあのとき、お前たちと交わした約束は、無駄ではなかったな。
AvgDialog_68335_Content_3,apiK,avg章9_AvgDialog_C_M.csv,571,AvgDialog,Content,萝坦,我已经迫不及待了，就让我享受到最后一刻吧！,我はもう、待ちきれん！\n最後の一瞬まで、この戦を存分に楽しませてもらうぞ！
AvgDialog_68335_Content_4,apiL,avg章9_AvgDialog_C_M.csv,572,AvgDialog,Content,希洛,没错，战士的剑刃，不会有畏惧退缩的一刻。,そうね。戦士の剣の刃に、恐れて退く瞬間など、ないわ。
AvgDialog_68335_Content_5,apiM,avg章9_AvgDialog_C_M.csv,573,AvgDialog,Content,希洛,从前是为了复仇，现在是为了守护。,かつては復讐のために。\n今は、守るために。
AvgDialog_68335_Content_6,apiN,avg章9_AvgDialog_C_M.csv,574,AvgDialog,Content,希洛,作为你的刀，请尽情使用我的力量吧。此刻绝不后退的心情，我们全然一致。,あなたの刀として、私の力を存分に振るわせて。\nこの瞬間、決して退かないという思いは、私たちみんな同じよ。
AvgDialog_68335_Content_7,apiO,avg章9_AvgDialog_C_M.csv,575,AvgDialog,Content,本源希洛,居然能说出这种话来，真是没出息啊，那个软弱的我。,あんなことを口にするとはな……\n相変わらず情けない、あの軟弱な私は。
AvgDialog_68335_Content_8,apiP,avg章9_AvgDialog_C_M.csv,576,AvgDialog,Content,本源希洛,不过哈哈哈哈哈，好笑，太好笑了。,しかし——ハハハハハッ、面白い、面白いぞ！
AvgDialog_68335_Content_9,apiQ,avg章9_AvgDialog_C_M.csv,577,AvgDialog,Content,本源希洛,原来你们一直要对抗的是这样的东西，我都要不得不承认，你们简直比我还要狂妄。,お前たちが対峙してきたのは、こんな化け物だったのか。\nなるほど、認めるしかないな。お前たちは私よりよほど狂ってるぞ！
AvgDialog_68335_Content_10,apiy,avg章9_AvgDialog_C_M.csv,578,AvgDialog,Content,本源希洛,很好，想要毁灭所有的神明吗？这次的复仇，算我一个。,すべての神を滅ぼしたいというのか？\nいいだろう。この復讐、私も加わってやる。
AvgDialog_68335_Content_11,apiz,avg章9_AvgDialog_C_M.csv,579,AvgDialog,Content,阿格里帕,原来在背后操纵所有人命运的就是这样的东西吗，真是恐怖，也真是……,みんなの運命を裏で操ってたのは、こんなものだったの？\n怖い、本当に怖い。それに……
AvgDialog_68335_Content_12,apiA,avg章9_AvgDialog_C_M.csv,580,AvgDialog,Content,阿格里帕,令人不爽。,ムカつくわね。
AvgDialog_68335_Content_13,apiB,avg章9_AvgDialog_C_M.csv,581,AvgDialog,Content,阿格里帕,一次又一次，过去也好，现在也好，凭什么说毁灭就毁灭了！我绝不答应！,何度も何度も……過去も、今も、なんの権利があって滅ぼすなんて言うのよ！あたしは絶対、許さないんだから！
AvgDialog_68335_Content_14,apiC,avg章9_AvgDialog_C_M.csv,582,AvgDialog,Content,阿格里帕,我说，还等什么，一起把它狠狠打爆吧！让它见识一下苍白之主的愤怒！,ねぇ、何を待ってるの？みんなで思いっきりブチのめすのよ！\n蒼白の主の怒りってのを、思い知らせてやるんだから！
AvgDialog_68335_Content_15,apiD,avg章9_AvgDialog_C_M.csv,583,AvgDialog,Content,旺达,抬起头来，除了我，没有人可以让你臣服。,顔をお上げ。あんたを跪かせていいのは、このあたしだけだよ。
AvgDialog_68335_Content_16,apiE,avg章9_AvgDialog_C_M.csv,584,AvgDialog,Content,旺达,保护我可爱的仆从，是作为主人应该做的事。,あたしの可愛い従者を守るのは、主としての務めってもんさ。
AvgDialog_68335_Content_17,apiF,avg章9_AvgDialog_C_M.csv,585,AvgDialog,Content,旺达,尽管安下心来吧，你已知晓我会在你身后。,安心しな。\nあたしがあんたの後ろにいることくらい、もう分かっているだろう？
AvgDialog_68335_Content_18,apiG,avg章9_AvgDialog_C_M.csv,586,AvgDialog,Content,达芙黛尔,真是个会惹麻烦的小家伙，遇到这样难办的委托，即使是我也会头疼的呀。,本当に厄介事を運んでくるお客様ですこと。\nこんなに難しい依頼、わたくしも頭を抱えてしまいますわ。
AvgDialog_68335_Content_19,apiH,avg章9_AvgDialog_C_M.csv,587,AvgDialog,Content,达芙黛尔,唉，谁让你是我最特别的顾客呢。,はぁ、仕方ありませんわね。\nあなた様はわたくしにとって、何より特別なお客様ですもの。
AvgDialog_68335_Content_20,apiJ,avg章9_AvgDialog_C_M.csv,588,AvgDialog,Content,达芙黛尔,解忧小店，再次竭诚为你服务。,この解憂商店……再びあなた様に、真心こめてお仕えいたしますわ。
AvgDialog_68337_Content_1,apky,avg章9_AvgDialog_C_M.csv,590,AvgDialog,Content,莉莉,那些颜色，莉莉认识……是祂们带走了母亲。,あの色、リリー知ってる……\nお母さんを連れていったのも、あの色だったの……
AvgDialog_68337_Content_2,apkD,avg章9_AvgDialog_C_M.csv,591,AvgDialog,Content,莉莉,莉莉不想再看到了。莉莉会和大%brotherorsister1%，一起阻止祂们！,リリー、もう見たくない。\nお%brotherorsister1%と一緒に、あれを止めるの！
AvgDialog_68337_Content_3,apkE,avg章9_AvgDialog_C_M.csv,592,AvgDialog,Content,宁菲亚,院长和莉莉……她们的故事，不能再重演。,院長先生やリリー……\nあの二人のような物語が、二度と繰り返されてはならないのです。
AvgDialog_68337_Content_4,apkF,avg章9_AvgDialog_C_M.csv,593,AvgDialog,Content,宁菲亚,那些尚未绽放的花，不应就这样枯萎……,まだ咲いていない花が、こんなふうに枯れていくことなど、あってはならないのです……
AvgDialog_68337_Content_5,apkG,avg章9_AvgDialog_C_M.csv,594,AvgDialog,Content,菲茵特,那道目光里流淌着比群星更可怕的色彩。但您做到了……是您阻止了祂们。,あの視線には、星々より恐ろしい色が流れていました。あなたはやり遂げてくださったのですね……あの方たちを、止めてくれました。
AvgDialog_68337_Content_6,apkH,avg章9_AvgDialog_C_M.csv,595,AvgDialog,Content,汀克特,我们的故乡曾经被这样的色彩所摧毁……守密人%sirormadam%，请您继续走下去吧，去拯救我们来之不易的家园。,私たちの故郷も、かつてこの色彩に壊されたのです……どうか前に進んでください。ようやく手にしたこの故郷を、救うために。
AvgDialog_68337_Content_7,apkI,avg章9_AvgDialog_C_M.csv,596,AvgDialog,Content,汀克特,这比星宇更遥远的道路上，我的歌声，将永远伴随您耳边。,この星空の果てよりも遥かに遠い道の上で、私の歌声はいつまでもあなた様のそばに寄り添い続けます。
AvgDialog_68337_Content_8,apkJ,avg章9_AvgDialog_C_M.csv,597,AvgDialog,Content,莉兹,所有的艺术，所有的美，都不应该就这样消亡。,すべての芸術、すべての美が、このまま消え去ることなど、あってはならないわ。
AvgDialog_68337_Content_9,apkK,avg章9_AvgDialog_C_M.csv,598,AvgDialog,Content,莉兹,汀克特的歌声已经响起。请见证吧，守密人%sirormadam%。,ティンクトの歌声は、もう響き始めているわ。\nどうか見届けて、守秘者さん。
AvgDialog_68337_Content_10,apkz,avg章9_AvgDialog_C_M.csv,599,AvgDialog,Content,莉兹,那些目光，皆为我的观众。我将为祂们，献上我最纯粹的……绿炎之舞。,あの無数の視線は、すべてわたしの観客。\nあの方たちに、わたしの最も純粋な……緑炎の舞を捧げるわ。
AvgDialog_68337_Content_11,apkA,avg章9_AvgDialog_C_M.csv,600,AvgDialog,Content,朵尔,诡谲与混沌，是祂所声称的真相。但人类的尊严，只建立于理性之上。,怪異と混沌——それが、彼の主張する「真実」。\nだけど人類の尊厳は、理性の上にしか築かれないものよ。
AvgDialog_68337_Content_12,apkB,avg章9_AvgDialog_C_M.csv,601,AvgDialog,Content,朵尔,走吧，%player%。,行きなさい、%player%。
AvgDialog_68337_Content_13,apkC,avg章9_AvgDialog_C_M.csv,602,AvgDialog,Content,朵尔,去明悟宇宙的真相……去超越真相本身。,宇宙の真実を悟りなさい……\nそして、真実そのものを超越するの。
AvgDialog_68330_Content_1,apge,avg章9_AvgDialog_C_M.csv,604,AvgDialog,Content,奥瑞塔,呼呼……那只大眼睛闭上啦！,ふふ……あの大きな眼、閉じちゃったよ！
AvgDialog_68330_Content_2,apgp,avg章9_AvgDialog_C_M.csv,605,AvgDialog,Content,奥瑞塔,你听，守密人！奥瑞塔的水母们都开始兴奋起来了！,ねえ聞いて、守秘者！\nオレッタのクラゲたち、みんなワクワクしてるの！
AvgDialog_68330_Content_3,apgr,avg章9_AvgDialog_C_M.csv,606,AvgDialog,Content,奥瑞塔,它们说，会跟着守密人还有奥瑞塔一起，去保护我们的伙伴！,みんな言ってるよ！\n守秘者とオレッタと一緒に、みんなの仲間を守るんだって！
AvgDialog_68330_Content_4,apgs,avg章9_AvgDialog_C_M.csv,607,AvgDialog,Content,法洛思,那只眼瞳中，流淌着邪恶的信仰——那是彻底毁灭，是对一切美好的亵渎。,あの瞳に流れているのは、邪悪な信仰——\nそれは徹底的な破壊、すべての美しきものへの冒涜です。
AvgDialog_68330_Content_5,apgt,avg章9_AvgDialog_C_M.csv,608,AvgDialog,Content,法洛思,而这承载着永恒之国的世界，正在你的庇护下凝聚希望的灯火。,そしてこの永遠の王国を宿す世界は、あなた様の庇護のもと、希望の灯火を集めつつあります。
AvgDialog_68330_Content_6,apgu,avg章9_AvgDialog_C_M.csv,609,AvgDialog,Content,法洛思,守密人，对这个世界的迷途之人而言，此刻的你是唯一的灯塔。,守秘者よ。この世界の迷える者たちにとって、今のあなた様こそが、唯一の灯台なのです。
AvgDialog_68330_Content_7,apgv,avg章9_AvgDialog_C_M.csv,610,AvgDialog,Content,法洛思,我们的灯塔，必将长明。,わたくしたちの灯台は、必ずや、永遠に灯り続けるのです。
AvgDialog_68330_Content_8,apgw,avg章9_AvgDialog_C_M.csv,611,AvgDialog,Content,希莱斯特,这些眼瞳，是一片没有尽头的危险海域。我们的世界，正在这风暴中摇晃，战栗。,あの無数の瞳は、果てしない危険な海。\n私たちの世界は、その荒波の中で揺れ、震えているの。
AvgDialog_68330_Content_9,apgx,avg章9_AvgDialog_C_M.csv,612,AvgDialog,Content,希莱斯特,守密人，我没能庇护属于我的船只……但这一次，我会与你一同守护这艘「船」。,守秘者……私は、自分の船を守ることができなかった……\nでも今度こそ、あなたと一緒に、この「船」を守りたいの。
AvgDialog_68330_Content_10,apgf,avg章9_AvgDialog_C_M.csv,613,AvgDialog,Content,希莱斯特,我相信，它一定会穿越这风暴，安稳航行下去，永远永远……,信じているわ。きっとこの嵐を越えて、穏やかに航行していける。\n永く、永遠に……
AvgDialog_68330_Content_11,apgg,avg章9_AvgDialog_C_M.csv,614,AvgDialog,Content,诺缔拉,我记得的事情不多，守密人。可在弥萨格经历的很多事，与你一起经历的冒险，我都没有忘记。,あたしね、覚えてることは少ないんだ、守秘者。でも、ミサゴでのいろんな経験、あなたと一緒の冒険——ぜんぶ忘れてないよ。
AvgDialog_68330_Content_12,apgh,avg章9_AvgDialog_C_M.csv,615,AvgDialog,Content,诺缔拉,什么船只灯塔，我听不明白。我只知道，东西坏了就应该修，有喜欢的东西就应该去保护。,船とか灯台とか、あたしには難しすぎてさ。あたしが知ってるのは、壊れたら直す、好きなものは守る、それだけだよ。
AvgDialog_68330_Content_13,apgi,avg章9_AvgDialog_C_M.csv,616,AvgDialog,Content,诺缔拉,那些为数不多的记忆……和你一样，我不想遗忘它们。,数少ない大切な記憶……あなたと同じで、あたしも忘れたくないんだ。
AvgDialog_68330_Content_14,apgj,avg章9_AvgDialog_C_M.csv,617,AvgDialog,Content,诺缔拉,我要和你一同铭记过去，我要和你一同经历新的冒险。,あたし、あなたと一緒に過去を覚えていたい。\nあなたと一緒に、新しい冒険をしたい！
AvgDialog_68330_Content_15,apgk,avg章9_AvgDialog_C_M.csv,618,AvgDialog,Content,诺缔拉,这……就是我的信仰！,これが……あたしの信念だよ！
AvgDialog_68330_Content_16,apgl,avg章9_AvgDialog_C_M.csv,619,AvgDialog,Content,珊,真是慷慨激昂的生动画面啊。,なんて熱情あふれる、生き生きとした光景なのかしら。
AvgDialog_68330_Content_17,apgm,avg章9_AvgDialog_C_M.csv,620,AvgDialog,Content,珊,战斗、信仰什么的，我都不太感兴趣。不过，弱小的躯体面对至高的神明，高高举起手中残缺的刀刃……,戦闘や信仰なんて、私は興味ないわ。でも、脆弱な肉体が至高の神に立ち向かい、欠けた刃を高く掲げる、その姿……
AvgDialog_68330_Content_18,apgn,avg章9_AvgDialog_C_M.csv,621,AvgDialog,Content,珊,我在这场景中，看到了最纯粹的美——那些无畏的形体，那些坚定的线条，让人如此心醉。,この光景の中に、私は最も純粋な美を見つけたわ——\n恐れ知らずの肉体、揺るぎない線。心が酔ってしまうほどに。
AvgDialog_68330_Content_19,apgo,avg章9_AvgDialog_C_M.csv,622,AvgDialog,Content,珊,继续战斗吧，守密人。去维护你的信仰，去保护你所珍视的一切。,戦い続けてちょうだい、守秘者。\nあなたの信仰を、あなたが大切にするすべてを、守るために。
AvgDialog_68330_Content_20,apgq,avg章9_AvgDialog_C_M.csv,623,AvgDialog,Content,珊,我会与你一起，成为这伟大雕塑的一部分。,私もあなたと一緒に、この壮大な彫刻の一部になるわ。
AvgDialog_68327_Content_1,apdA,avg章9_AvgDialog_C_M.csv,625,AvgDialog,Content,戈利亚,哈……痛快。,ハッ……痛快だな。
AvgDialog_68327_Content_2,apdL,avg章9_AvgDialog_C_M.csv,626,AvgDialog,Content,戈利亚,我说过，我要征服这片土地，夺回属于我的权力。但这一切，跟这个世界之外的家伙没有半点关系。,前に言ったろ。俺様はこの大地を征服して、俺様の権力を取り戻す。だが、それはこの世界の外の野郎には、一切関係ねえ話だ。
AvgDialog_68327_Content_3,apdR,avg章9_AvgDialog_C_M.csv,627,AvgDialog,Content,戈利亚,什么「无上的意志」、「造物主」、「毁灭者」，跟弥利亚姆嘴里的主一样可笑。,「至高の意思」だの「創造主」だの「破壊者」だの、ミリアムの口にする「主」と同じくらい、笑える話だぜ。
AvgDialog_68327_Content_4,apdS,avg章9_AvgDialog_C_M.csv,628,AvgDialog,Content,戈利亚,来吧，%player%，我的刀已经为你准备好了。,来な、%player%。\n俺様の大剣は、お前のためにもう準備万端だぜ。
AvgDialog_68327_Content_5,apdT,avg章9_AvgDialog_C_M.csv,629,AvgDialog,Content,戈利亚,这是属于我们的地方。让这个大眼球的家伙，从哪来给我滚回哪去。,ここは俺様たちの土地だ。\nあのでかい目玉め、おととい来やがれ！
AvgDialog_68327_Content_6,apdU,avg章9_AvgDialog_C_M.csv,630,AvgDialog,Content,弥利亚姆,注意你的言辞，戈利亚。,言葉を慎みなさい、ゴリアテ。
AvgDialog_68327_Content_7,apdV,avg章9_AvgDialog_C_M.csv,631,AvgDialog,Content,弥利亚姆,但你有一句话说的没错。我们的世界，与这个异端的神明无关。,ですが、あなたの言葉にも一理あります。\nわたくしたちの世界は、この異端の神には、関わりのないことです。
AvgDialog_68327_Content_8,apdW,avg章9_AvgDialog_C_M.csv,632,AvgDialog,Content,弥利亚姆,若我知晓于丽埃特的目的，我绝不容忍她的所作所为。,もしも、ジュリエットの目的を知っていたなら……\nわたくしは決して、彼女の所業を許しはしなかったでしょう。
AvgDialog_68327_Content_9,apdX,avg章9_AvgDialog_C_M.csv,633,AvgDialog,Content,弥利亚姆,疯狂的真相，超越吾主的存在……何其亵渎！,狂気じみた真相、我が主を越える存在……\nなんという冒涜でしょう！
AvgDialog_68327_Content_10,apdB,avg章9_AvgDialog_C_M.csv,634,AvgDialog,Content,弥利亚姆,这是吾主所在的世界。这是承载神国的世界。,ここは、我が主のおわす世界。\nここは、神国を支える世界。
AvgDialog_68327_Content_11,apdC,avg章9_AvgDialog_C_M.csv,635,AvgDialog,Content,弥利亚姆,异端的神明，绝不可将其毁灭！,異端の神に、この世界を滅ぼさせてなるものですか！
AvgDialog_68327_Content_12,apdD,avg章9_AvgDialog_C_M.csv,636,AvgDialog,Content,凯刻斯,我们的血脉，不容玷污……,僕たちの血脈を、汚されてなるものか……
AvgDialog_68327_Content_13,apdE,avg章9_AvgDialog_C_M.csv,637,AvgDialog,Content,凯刻斯,我会守护我们的世界……我会捍卫我血脉的荣光！,僕が、僕たちの世界を守る……\n僕が、血脈の栄光を守り抜いてみせる！
AvgDialog_68327_Content_14,apdF,avg章9_AvgDialog_C_M.csv,638,AvgDialog,Content,图鲁,与余无关，弥利亚姆。,余には関わりのないことだ、ミリアム。
AvgDialog_68327_Content_15,apdG,avg章9_AvgDialog_C_M.csv,639,AvgDialog,Content,图鲁,旧日的神国已经消亡，但新的神国，早已存在你我身边。,旧き神国はすでに滅び去った。\nだが新たな神国は、すでにそなたと余の傍らに在るのだ。
AvgDialog_68327_Content_16,apdH,avg章9_AvgDialog_C_M.csv,640,AvgDialog,Content,图鲁,它叫弥萨格，叫伦蒂尼恩，叫卡达斯。,それはミサゴ大学と呼ばれ、ロンディニウムと呼ばれ、そしてカダスと呼ばれておる。
AvgDialog_68327_Content_17,apdI,avg章9_AvgDialog_C_M.csv,641,AvgDialog,Content,图鲁,失去故国之时，余无能为力。这一次，余绝不允许神国在余面前崩塌！,故国を失ったとき、余は無力であった。\nだがこのたびは、余の目の前で神国を崩壊させはせぬ！
AvgDialog_68327_Content_18,apdJ,avg章9_AvgDialog_C_M.csv,642,AvgDialog,Content,墨菲（唤醒体）,你们这些疯子，也还是有清醒的时候嘛！,あなたたち狂人も、たまには正気のときがあるじゃないの！
AvgDialog_68327_Content_19,apdK,avg章9_AvgDialog_C_M.csv,643,AvgDialog,Content,墨菲（唤醒体）,伦蒂尼恩的蛋糕店我都还没有品尝完呢。我可不允许那个家伙就这样毁了这里！,ロンディニウムのケーキ屋、わたくしまだ全制覇してないのよ。\nあんなやつに、ここを壊されてたまるもんですか！
AvgDialog_68327_Content_20,apdM,avg章9_AvgDialog_C_M.csv,644,AvgDialog,Content,哈姆林,听到这些声音了吗，%player%？,これらの声が聞こえますか、%player%？
AvgDialog_68327_Content_21,apdN,avg章9_AvgDialog_C_M.csv,645,AvgDialog,Content,哈姆林,我曾经所渴望的笛声，只是疯狂的呓语，混沌的噪音。,わたくしがかつて渇望した笛の音は、所詮は狂気のうわごと、混沌の騒音に過ぎませんでした。
AvgDialog_68327_Content_22,apdO,avg章9_AvgDialog_C_M.csv,646,AvgDialog,Content,哈姆林,而这些——唤醒体们的衷曲，你对无上意志所奏响的慨歌，才是我所追寻之物。,そして今——覚醒体たちの心の調べ、あなたが至高の意思に向けて奏でる激情の歌——これこそ、わたくしが追い求めたものなのです。
AvgDialog_68327_Content_23,apdP,avg章9_AvgDialog_C_M.csv,647,AvgDialog,Content,哈姆林,继续演奏吧，%player%，我所侍奉之人。,どうか演奏を続けてください、%player%。\nわたくしがお仕えする御方よ。
AvgDialog_68327_Content_24,apdQ,avg章9_AvgDialog_C_M.csv,648,AvgDialog,Content,哈姆林,让那痴愚疯狂的神明，聆听你至高的乐声，聆听这演出最后，那无与伦比的华章——,あの愚かな狂気の神に、あなたの至高の音楽を聴かせるのです。\nこの演奏の最後、比類なき華の章を——
AvgDialog_68332_Content_1,apgW,avg章9_AvgDialog_C_M.csv,650,AvgDialog,Content,卡茜亚,幕布拉起，演出谢幕——,幕が上がる。\nそして、ショーは最終幕へ——
AvgDialog_68332_Content_2,aphh,avg章9_AvgDialog_C_M.csv,651,AvgDialog,Content,卡茜亚,在真正的魔术面前，就算是造物主的目光，也无法看穿。,本物のマジックにかかれば、たとえ創造主の眼でも、見破れやしないんだから。
AvgDialog_68332_Content_3,apho,avg章9_AvgDialog_C_M.csv,652,AvgDialog,Content,卡茜亚,碎片战胜本体，假身替下真身，多么伟大的表演！,欠片が本体に勝って、偽物が本物に成り代わる——\nなんて素敵な舞台！
AvgDialog_68332_Content_4,aphp,avg章9_AvgDialog_C_M.csv,653,AvgDialog,Content,艾瑞卡,托乎瓦波的目光已摧毁。剩余目光：0。,トオワボの視線、破壊済み。残存する視線——ゼロ。
AvgDialog_68332_Content_5,aphq,avg章9_AvgDialog_C_M.csv,654,AvgDialog,Content,艾瑞卡,在计算中，完成这件事的概率无限接近于零。,計算上、本任務の遂行確率は、限りなくゼロに近い数値です。
AvgDialog_68332_Content_6,aphr,avg章9_AvgDialog_C_M.csv,655,AvgDialog,Content,艾瑞卡,您完成了一件不可能的任务，守密人%sirormadam%。,守秘者は、不可能なはずの任務を完遂されました。
AvgDialog_68332_Content_7,aphs,avg章9_AvgDialog_C_M.csv,656,AvgDialog,Content,莱克,真是一场豪赌啊，守密人。,実に豪快なばくちじゃないか、守秘者よ。
AvgDialog_68332_Content_8,apht,avg章9_AvgDialog_C_M.csv,657,AvgDialog,Content,莱克,为了一个无限接近于零的胜率，压上自己的一切……你不是赌徒。你是一个彻头彻尾的疯子。,限りなくゼロに近い勝率に、自分のすべてを賭ける……\n君は賭博師なんかじゃない。正真正銘の狂人だよ。
AvgDialog_68332_Content_9,aphu,avg章9_AvgDialog_C_M.csv,658,AvgDialog,Content,莱克,很遗憾，我也是。,だが残念ながら、私もまた、その一人さ。
AvgDialog_68332_Content_10,apgX,avg章9_AvgDialog_C_M.csv,659,AvgDialog,Content,莱克,来吧，%player%，带上我所有的筹码，带上我赢下的一切，坐上最后一场赌局的牌桌，面对那位痴愚的庄家，然后……,さあ、%player%。私のチップと勝ち取ったすべてを携え、最後の賭場で、あの愚かなディーラーと対峙しよう！そして……
AvgDialog_68332_Content_11,apgY,avg章9_AvgDialog_C_M.csv,660,AvgDialog,Content,莱克,……ALL IN。,……オールイン、だ。
AvgDialog_68332_Content_12,apgZ,avg章9_AvgDialog_C_M.csv,661,AvgDialog,Content,艾尔瓦,诞临……如此神圣的仪式，亵渎诞临之物，不可饶恕！,降臨……この神聖なる儀式を冒涜するなど——\n断じて許されることではない！
AvgDialog_68332_Content_13,apha,avg章9_AvgDialog_C_M.csv,662,AvgDialog,Content,艾尔瓦,我没有看错你，守密人。跟随你的脚步，是我最正确的选择。,だが俺はあなたを見誤ってはいなかった、守秘者。君に付き従う——それは俺の、この上なく正しい選択だった。
AvgDialog_68332_Content_14,aphb,avg章9_AvgDialog_C_M.csv,663,AvgDialog,Content,泰旖丝,你成功了。我知道，你会成功的……%player%。,あなたは、成し遂げたのね。\n分かっていたわ、あなたなら出来ると……%player%。
AvgDialog_68332_Content_15,aphc,avg章9_AvgDialog_C_M.csv,664,AvgDialog,Content,,她靠近你，携起你的手。婆娑的双眼，一眨不眨地望着你。,彼女があなたに歩み寄り、その手を取る。\n潤んだ瞳が、瞬きせずにあなたを見つめている。
AvgDialog_68332_Content_16,aphd,avg章9_AvgDialog_C_M.csv,665,AvgDialog,Content,,生命的权柄在你体内吹拂，抚慰着你身体与精神维度那无数的伤口。,生命の権能が、あなたの体内で吹きわたり、身体と精神に刻まれた無数の傷を、優しく癒してゆく。
AvgDialog_68332_Content_17,aphe,avg章9_AvgDialog_C_M.csv,666,AvgDialog,Content,泰旖丝,很累了，对吗？没关系。靠在我的身边，好好休息一下吧……,とても、疲れたでしょう？\n大丈夫。私のそばに身を寄せて、ゆっくりおやすみなさい……
AvgDialog_68332_Content_18,aphf,avg章9_AvgDialog_C_M.csv,667,AvgDialog,Content,泰旖丝,只剩下最后一段路……我会陪着你，一起走向那个终点。,あとは、最後の道のりだけ……私がそばにいるわ。\nあの終点まで、一緒に歩いてゆきましょう。
AvgDialog_68332_Content_19,aphg,avg章9_AvgDialog_C_M.csv,668,AvgDialog,Content,,在祂身后，六道泛着纯洁光芒的羽翼隐隐翕动。,彼女の背後に、純白の光を放つ六枚の翼が——そっと、揺らめくように開かれていた。
AvgDialog_68332_Content_20,aphi,avg章9_AvgDialog_C_M.csv,669,AvgDialog,Content,,祂向你微笑着，轻轻抬起手。你手中的银钥匙，泛出强烈的光芒。,彼女はあなたに微笑みながら、そっと手を上げる。\nあなたの手にある銀の鍵が、眩い光を放ち始める。
AvgDialog_68332_Content_21,aphj,avg章9_AvgDialog_C_M.csv,670,AvgDialog,Content,塔薇,保护着祂的目光，已被摧毁。你们做到了，守密人。这是第一次，真正有能够拒绝祂的存在。,あれを守る視線は破壊された。そなたたちはやり遂げたのだ。\nこれは奴にとって初めてのこと。真に脅威となる存在が現れたのだ。
AvgDialog_68332_Content_22,aphk,avg章9_AvgDialog_C_M.csv,671,AvgDialog,Content,塔薇,你距离终点，只差一步。这一步，会比你走过的所有道路，都更加艰难。,そなたが終点に至るまで、あと一歩。だがその一歩は、そなたが歩んだすべての道より、遥かに険しいものとなる。
AvgDialog_68332_Content_23,aphl,avg章9_AvgDialog_C_M.csv,672,AvgDialog,Content,塔薇,你准备好了吗，%player%？,覚悟を示せ、%player%。
AvgDialog_68332_Content_24,aphm,avg章9_AvgDialog_C_M.csv,673,AvgDialog,Content,,我准备好了，塔薇,覚悟はできた、タヴィ。
AvgDialog_68332_Content_25,aphn,avg章9_AvgDialog_C_M.csv,674,AvgDialog,Content,,你微笑着点了点头，高高举起手中的银钥——,あなたは微笑んで頷き——\n手にした銀の鍵を、高く、高く掲げた——
AvgDialog_68331_Content_1,apgy,avg章9_AvgDialog_C_M.csv,676,AvgDialog,Content,,蚍蜉,蟻
AvgDialog_68331_Content_3,apgP,avg章9_AvgDialog_C_M.csv,678,AvgDialog,Content,,银光如刀，刺入巨大的眼瞳之中。,銀の光は刃と化し、巨大な瞳を貫いた。
AvgDialog_68331_Content_4,apgQ,avg章9_AvgDialog_C_M.csv,679,AvgDialog,Content,,浓厚的烟雾从眼瞳之中奔涌而出，瞬间遮蔽了门扉中几乎无限的空间。,濃い煙が瞳から勢いよく噴き出し、門の中のほぼ無限の空間を、たちまち覆い尽くした。
AvgDialog_68331_Content_5,apgR,avg章9_AvgDialog_C_M.csv,680,AvgDialog,Content,,光线暗淡下来，那些从无数维度中望向你的眼睛，在同一时刻消失不见，仿佛从未存在过。,光が薄れ、無数の次元からあなたを見つめていた瞳たちが——\nまるで初めから存在しなかったかのように、同時に消え失せた。
AvgDialog_68331_Content_6,apgS,avg章9_AvgDialog_C_M.csv,681,AvgDialog,Content,,被黑雾所搅动的混沌遮蔽住你的感官。门扉之内，阒寂无声。,黒い霧に渦巻く混沌が、あなたの感覚を覆い尽くす。\n門の中は、しんと静まり返っていた。
AvgDialog_68331_Content_7,apgT,avg章9_AvgDialog_C_M.csv,682,AvgDialog,Content,莉莉,天空变暗了……,お空が、暗くなったよ……
AvgDialog_68331_Content_8,apgU,avg章9_AvgDialog_C_M.csv,683,AvgDialog,Content,詹金唤醒体,守密人……成功了？！,守秘者……やったのか！？
AvgDialog_68331_Content_9,apgV,avg章9_AvgDialog_C_M.csv,684,AvgDialog,Content,,宁静。宁静是一种抚慰自己的谎言，你无比清楚这一点。,静寂——だがそれは、自分を慰めるための嘘にすぎない。\nあなたは、それを痛いほど知っていた。
AvgDialog_68331_Content_10,apgz,avg章9_AvgDialog_C_M.csv,685,AvgDialog,Content,,"你握住银钥匙，向前走去。你知道，你的战斗还未结束。
最后的对决，才刚刚开始。",あなたは銀の鍵を握り締め前へ進む。戦いはまだ終わっていない。\n最後の対決が、今まさに始まろうとしている。
AvgDialog_68331_Content_11,apgA,avg章9_AvgDialog_C_M.csv,686,AvgDialog,Content,,轰！！——,ゴォン——！！
AvgDialog_68331_Content_12,apgB,avg章9_AvgDialog_C_M.csv,687,AvgDialog,Content,,剧烈的颤动中，僵持的力量瞬间被打破，横亘于门扉与黑池的裂隙如同一道巨大的伤口，被一股不明的力量猛然撕开。,激しい振動の中、拮抗が崩れる。門と昏き海の裂け目は、巨大な傷口のごとく、未知の力に引き裂かれていった。
AvgDialog_68331_Content_13,apgC,avg章9_AvgDialog_C_M.csv,688,AvgDialog,Content,,剧烈的颤动中，僵持的力量瞬间被打破，横亘于门扉与黑池的裂隙如同一道巨大的伤口，被一股不明的力量猛然撕开。,激しい振動の中、拮抗が崩れる。門と昏き海の裂け目は、巨大な傷口のごとく、未知の力に引き裂かれていった。
AvgDialog_68331_Content_14,apgD,avg章9_AvgDialog_C_M.csv,689,AvgDialog,Content,,撕心裂肺的疼痛袭向你的胸口，你闷哼一声跪倒在地，不停地喘着气。,胸を引き裂くような痛みが、あなたを襲う。\nあなたは呻き声を漏らして地に跪き、絶え間なく荒い息を吐いた。
AvgDialog_68331_Content_15,apgE,avg章9_AvgDialog_C_M.csv,690,AvgDialog,Content,拉蒙娜,为什么……祂的眼睛明明已经消失……,どうして……あの存在の眼は、確かに消えたはずなのに……
AvgDialog_68331_Content_16,apgF,avg章9_AvgDialog_C_M.csv,691,AvgDialog,Content,阿利斯泰尔彩色,守密人刺破了祂的目光。真实的祂，恐怕就要降临了……,守秘者が、あの視線を貫いたのです。\n真の存在——トオワボが、間もなく降臨するでしょう……
AvgDialog_68331_Content_17,apgG,avg章9_AvgDialog_C_M.csv,692,AvgDialog,Content,？？？,<Shake:吼——>,<Shake:オォ——>
AvgDialog_68331_Content_18,apgH,avg章9_AvgDialog_C_M.csv,693,AvgDialog,Content,,低吼声交叠响起。横亘眼前的融蚀裂隙，以弥萨格历史上前所未有的速度，开始发展、衍化。,低い咆哮が幾重にも響き渡る。眼前の融蝕の裂け目が、歴史上類を見ない速度で、広がり、変質し始める。
AvgDialog_68331_Content_19,apgI,avg章9_AvgDialog_C_M.csv,694,AvgDialog,Content,,融蚀吞噬着周遭的一切，实物变为黑色液体汇入深渊，形态各异的融蚀怪物从深渊中爬出。,融蝕が周囲を呑み込み、物体は黒き液体と化して深淵へと流れ込む。そして深淵からは、異形の融蝕生物たちが這い出してきた。
AvgDialog_68331_Content_20,apgK,avg章9_AvgDialog_C_M.csv,695,AvgDialog,Content,,它们与周遭的一切无关，仿佛是顽童在画布上落下的混沌墨团，望向周遭一切的目光，满是痴愚与贪婪。,それらは周囲のあらゆるものから切り離され、子供がキャンバスに落とした漆黒の墨のようだ。その視線は愚かさと貪欲さに満ちている。
AvgDialog_68331_Content_21,apgL,avg章9_AvgDialog_C_M.csv,696,AvgDialog,Content,玩家,盲目。痴愚。无意义……你根本不理解你所创造的东西，托乎瓦波。,盲目的で、無意味で愚か……お前は、自分が創ったものさえ、まるで理解していない——トオワボ。
AvgDialog_68331_Content_22,apgM,avg章9_AvgDialog_C_M.csv,697,AvgDialog,Content,玩家,这个世界的价值，我会替你重新定义。,この世界の価値は、私がお前に代わって定義し直す。
AvgDialog_68331_Content_23,apgN,avg章9_AvgDialog_C_M.csv,698,AvgDialog,Content,,你抬起头，目光越过那些徘徊在你身前的混乱造物，望向覆盖整个门扉世界的阴影。,あなたは顔を上げる。目の前を彷徨う混沌の異形を越え、門の世界を覆い尽くす影を見た。
AvgDialog_68331_Content_24,apgO,avg章9_AvgDialog_C_M.csv,699,AvgDialog,Content,,你阻断在那些恐怖的生物与身后的世界之间。你独自走向它们，如同走向一群蝼蚁。,あなたは恐ろしき生物たちと、背後の世界との間に立ちはだかる。\n一人、それに向かって進む。まるで蟻の群れに歩み寄るかのように。
AvgDialog_68333_Content_1,aphv,avg章9_AvgDialog_C_M.csv,701,AvgDialog,Content,,银光绽放，融蚀落地。精神的力量越来越枯竭，身上的伤痕越来越多。,銀の光が花開くたび、融蝕は地に落ちる。\nだが精神の力は次第に枯れ、刻まれる傷は増していくばかりだった。
AvgDialog_68333_Content_2,aphG,avg章9_AvgDialog_C_M.csv,702,AvgDialog,Content,,你如同一个机器，机械地重复着自己的指令，销毁一个又一个可怖的融蚀生物。,あなたは機械のように、自らの命令を繰り返す。\n恐ろしい融蝕生物が、ひとつ、またひとつと滅ぼされていった。
AvgDialog_68333_Content_3,aphR,avg章9_AvgDialog_C_M.csv,703,AvgDialog,Content,,你的眼中没有那些前赴后继、毫无意识的融蚀体。从始至终，你都望着空无一物的门扉，望着门扉之上的黯淡星空。,あなたの眼には、次々と襲い来る意識なき融蝕生物は映らない。\n始終、空虚な門とその上の暗き星空だけを、見つめ続けていた。
AvgDialog_68333_Content_4,aphT,avg章9_AvgDialog_C_M.csv,704,AvgDialog,Content,,你等待着。当所有融蚀体都被清剿殆尽，那浓厚的暗色雾气终于开始散去。,あなたはじっと待っていた。そして、ようやくすべての融蝕生物が滅び尽くされたとき、濃く立ち込めた暗い霧が徐々に、晴れ始めた。
AvgDialog_68333_Content_5,aphU,avg章9_AvgDialog_C_M.csv,705,AvgDialog,Content,玩家,来了吗……,来たか……
AvgDialog_68333_Content_6,aphV,avg章9_AvgDialog_C_M.csv,706,AvgDialog,Content,托乎瓦波,……@3！！……,……@3……！！
AvgDialog_68333_Content_7,aphW,avg章9_AvgDialog_C_M.csv,707,AvgDialog,Content,,混沌、低沉的声音响彻门扉，身边的空间猛然开始战栗。,低く響く声が門中に響き渡り、周囲の空間が激しく震え始めた。
AvgDialog_68333_Content_8,aphX,avg章9_AvgDialog_C_M.csv,708,AvgDialog,Content,,一颗巨大无比的球体，出现在这片摇摇欲坠的空间之中。,途方もなく巨大な球体が、この崩壊寸前の空間の中に、姿を現した。
AvgDialog_68333_Content_9,aphY,avg章9_AvgDialog_C_M.csv,709,AvgDialog,Content,托乎瓦波,……@3！！！……,……@3……！！！
AvgDialog_68333_Content_11,aphx,avg章9_AvgDialog_C_M.csv,711,AvgDialog,Content,,黑色眼瞳猛然睁开，如同一颗来自宇宙深处的陨石，骤然逼近你的面前。,黒き瞳が勢いよく開かれる。\n宇宙の深淵より来たる隕石のごとく、あなたの眼前に、突如迫った。
AvgDialog_68333_Content_12,aphy,avg章9_AvgDialog_C_M.csv,712,AvgDialog,Content,,在强烈的、无法控制的惊惧与痛苦之中，你努力睁开眼，尝试看清祂——,抗いがたい強烈な恐怖と苦痛に襲われながら、あなたは必死に眼を開き、その存在の姿を見定めようとした——
AvgDialog_68333_Content_13,aphz,avg章9_AvgDialog_C_M.csv,713,AvgDialog,Content,,那是一只由万千眼睛组成的黑色眼瞳，眼睛们无目的地扫视着，最终汇集在你身上。,それは無数の眼から成る黒き瞳。眼たちは目的もなく辺りを見回し、やがて、あなたただひとりに、その視線を集めていった。
AvgDialog_68333_Content_14,aphA,avg章9_AvgDialog_C_M.csv,714,AvgDialog,Content,,它离你如此之近，你几乎能够看到球体上复杂的纹理。它离你如此遥远，似乎你竭尽一生的时间，也无法靠近它分毫。你们之间所隔着的，是时间与空间本身。,それは球体の複雑な模様さえ見えるほど近く、一生かけても近づけないほど遠い。あなたとそれを隔てるもの——\nそれは、時間と空間そのものだった。
AvgDialog_68333_Content_15,aphB,avg章9_AvgDialog_C_M.csv,715,AvgDialog,Content,,你听到一阵自体内响起的呼唤，忍不住想要向那只眼瞳靠近，回归——,体内から、ある叫び声が響き渡る。思わずあの瞳へと近づき、回帰してしまいたくなる衝動があなたを襲う——
AvgDialog_68333_Content_16,aphC,avg章9_AvgDialog_C_M.csv,716,AvgDialog,Content,拉蒙娜,守密人！唔——,守秘者！\nうっ——
AvgDialog_68333_Content_17,aphD,avg章9_AvgDialog_C_M.csv,717,AvgDialog,Content,,拉蒙娜的声音将你惊醒。透过巨大的门扉，你看见她虚弱的身影。,ラモンナの声に、あなたはハッと我に返る。\n巨大な門越しに、彼女の弱り果てた姿が見えた。
AvgDialog_68333_Content_18,aphE,avg章9_AvgDialog_C_M.csv,718,AvgDialog,Content,,在这双暗淡的眼瞳之下，仅仅是保持理智、说出一句话，都让她的精神受到巨大的冲击。,この暗き瞳の下では、正気を保つこと、ただ一言を発することすら、彼女の精神に、計り知れぬ衝撃を与える。
AvgDialog_68333_Content_19,aphF,avg章9_AvgDialog_C_M.csv,719,AvgDialog,Content,玩家,祂的力量彻底阻断了维度之间的通路。我们失去了和彼此的链接，祂也失去了能为祂提供保护的目光……,あれの力が、次元間の通路を完全に遮断した。私たちは互いの繋がりを失い、あの存在もまた自身を守る視線を失った……
AvgDialog_68333_Content_20,aphH,avg章9_AvgDialog_C_M.csv,720,AvgDialog,Content,玩家,"这是祂的本体，祂的眼睛。祂的一部分，已来到这里。
还差一步。就差一步了。",これがあの存在の本体、あの存在の眼。あの存在の一部。\nついにここまで来た。あと一歩。あともう一歩だ……
AvgDialog_68333_Content_21,aphI,avg章9_AvgDialog_C_M.csv,721,AvgDialog,Content,拉蒙娜,守……守密人……,守……守秘者……
AvgDialog_68333_Content_22,aphJ,avg章9_AvgDialog_C_M.csv,722,AvgDialog,Content,拉蒙娜,让我们……,私たちも一緒に……
AvgDialog_68333_Content_23,aphK,avg章9_AvgDialog_C_M.csv,723,AvgDialog,Content,,嘘，拉蒙娜……,しっ、ラモンナ……
AvgDialog_68333_Content_24,aphL,avg章9_AvgDialog_C_M.csv,724,AvgDialog,Content,,你向她做出一个噤声的手势。拉蒙娜想要呼喊，但她无法再发出声音。,あなたは彼女に、静かにするよう手で示した。\nラモンナは叫ぼうとしたが、もう声は出ていなかった。
AvgDialog_68333_Content_25,aphM,avg章9_AvgDialog_C_M.csv,725,AvgDialog,Content,,在无上意志面前，任何的眼神与话语都是求死之道。,至高の意思の前では、いかなる眼差し、いかなる言葉も、死へと至る道に他ならない。
AvgDialog_68333_Content_26,aphN,avg章9_AvgDialog_C_M.csv,726,AvgDialog,Content,,你遮住了她的口与眼。求死之道如此狭窄，一个人便够了。,あなたは彼女の口と眼を覆い隠した。\n死へ至る道はあまりに狭く……一人で十分なのだ。
AvgDialog_68333_Content_27,aphO,avg章9_AvgDialog_C_M.csv,727,AvgDialog,Content,,你握住银钥匙，艰难地站起身。你望向祂。,あなたは銀の鍵を握りしめる。\n苦しげに身を起こし、それを見据えた。
AvgDialog_68333_Content_28,aphP,avg章9_AvgDialog_C_M.csv,728,AvgDialog,Content,玩家,"「今日起，我将继任弥萨格的守密人。
我宣誓，我将永远站在人类与融蚀斗争的最前线。」",「本日より、私はミサゴ大学の守秘者を継承する。\n私は宣誓する。永遠に、人類と融蝕の戦いの最前線に立つことを」
AvgDialog_68333_Content_29,aphQ,avg章9_AvgDialog_C_M.csv,729,AvgDialog,Content,玩家,「我宣誓，我将永远为人类的历史与未来而战。」,「私は宣誓する。人類の歴史と未来のために、永遠に戦い続けることを」
AvgDialog_68333_Content_30,aphS,avg章9_AvgDialog_C_M.csv,730,AvgDialog,Content,玩家,「无论荣辱……无论生死。」,「栄誉も屈辱も問わず……制止をも問わず」
AvgDialog_69828_Content_1,aply,avg章9_AvgDialog_C_M.csv,732,AvgDialog,Content,玩家,又是这种强烈的压迫感……我知道你想做什么。但情况已经和上次不同了，托乎瓦波。,またこの強烈な圧迫感……お前が何を企んでいるか、私には分かる。だが、状況は前回と違う、トオワボ。
AvgDialog_69828_Content_2,aplz,avg章9_AvgDialog_C_M.csv,733,AvgDialog,Content,玩家,你在万千维度中的目光已经被我们击破。现在的你，已经失去了护佑。,膨大な次元におけるお前の視線は、私たちがすべて打ち砕いた。\n今のお前は、もはや守護を失った存在だ。
AvgDialog_69828_Content_3,aplA,avg章9_AvgDialog_C_M.csv,734,AvgDialog,Content,玩家,现出你的真身吧。这一次，我一定会将你留在这里！,正体を表せ。\n今度こそ、必ずお前を、ここに封じてみせる！
AvgDialog_69827_Content_1,aplm,avg章9_AvgDialog_C_M.csv,736,AvgDialog,Content,托乎瓦波,无知@2……@2亵渎……@4终结！……,無知@2……@2冒涜……@4終焉！……
AvgDialog_69827_Content_2,aplq,avg章9_AvgDialog_C_M.csv,737,AvgDialog,Content,玩家,呃啊啊啊！——,ぐあああっ——！
AvgDialog_69827_Content_3,aplr,avg章9_AvgDialog_C_M.csv,738,AvgDialog,Content,,从未经历、从未想象过的震荡袭向你的精神维度。一道融蚀裂隙，随着托乎瓦波的目光，在你的脑海中炸开。,敬虔も想像もしたことのない衝撃が、あなたの精神次元を襲う。\n融蝕の裂け目が、トオワボの視線と共に、脳裏で炸裂した。
AvgDialog_69827_Content_4,apls,avg章9_AvgDialog_C_M.csv,739,AvgDialog,Content,,无数的融蚀液在你的脑海中翻涌，侵蚀着你脑中的一切。,無数の融蝕液が、あなたの脳裏で渦巻く。\n脳の中の一切が、徐々に侵蝕されていった。
AvgDialog_69827_Content_5,aplt,avg章9_AvgDialog_C_M.csv,740,AvgDialog,Content,体内N,啧啧啧……我已经很久没有看到祂产生情绪了。了不起，冒牌货。,はっはっは……あれが感情を露わにするのを、久しぶりに見ましたね。素晴らしいですよ、偽物さん。
AvgDialog_69827_Content_6,aplu,avg章9_AvgDialog_C_M.csv,741,AvgDialog,Content,体内N,可惜，你失去了一切。你的记忆，你的能力……就连你的权柄，也正在被融蚀。,残念ですが、あなたはすべてを失いました。\n記憶も、能力も……権能までもが、いま融蝕されつつあります。
AvgDialog_69827_Content_7,aplv,avg章9_AvgDialog_C_M.csv,742,AvgDialog,Content,体内N,这场戏，到此为止了。,このショーは、ここで幕引きです。
AvgDialog_69827_Content_8,aplw,avg章9_AvgDialog_C_M.csv,743,AvgDialog,Content,体内塔薇,还没有结束，N。,まだ終わっておらぬよ、N。
AvgDialog_69827_Content_9,aplx,avg章9_AvgDialog_C_M.csv,744,AvgDialog,Content,体内N,哦？难道说，还有什么东西，能够对抗原初的融蚀？,おや？まさか……\n原初の融蝕に対抗できる何かが、まだあるとでも？
AvgDialog_69827_Content_10,apln,avg章9_AvgDialog_C_M.csv,745,AvgDialog,Content,体内塔薇,%heorshe%的执念，%heorshe%的情感，%heorshe%比生命更珍视之物……,%heorshe%の執念、%heorshe%の感情、%heorshe%が命よりも大切にするもの……
AvgDialog_69827_Content_11,aplo,avg章9_AvgDialog_C_M.csv,746,AvgDialog,Content,体内塔薇,能对抗融蚀的，从始至终，都是「链接」。,融蝕に対抗できるもの——\n始めから、それは「繋がり」のみ。
AvgDialog_69827_Content_12,aplp,avg章9_AvgDialog_C_M.csv,747,AvgDialog,Content,体内塔薇,想起来吧，%player%。回忆起来，你与他们，所经历的一切……,思い出すのだ、%player%。\nそなたが彼らと共に経験した、そのすべてを……
AvgDialog_69826_Content_1,apli,avg章9_AvgDialog_C_M.csv,749,AvgDialog,Content,艾继丝的幻影,守密人，你对我的帮助，我永远铭记于心……,守秘者……あなたが私にしてくれたこと、永遠に忘れません……
AvgDialog_69826_Content_2,aplj,avg章9_AvgDialog_C_M.csv,750,AvgDialog,Content,艾继丝的幻影,我已经不是那个只知道逃避的小孩子了……,アイギスはもう、逃げてばかりの子供じゃありません……
AvgDialog_69826_Content_3,aplk,avg章9_AvgDialog_C_M.csv,751,AvgDialog,Content,艾继丝的幻影,这一次，我知道自己应该怎么做！,今度こそ、何をすべきか、分かるんです！
AvgDialog_69826_Content_4,apll,avg章9_AvgDialog_C_M.csv,752,AvgDialog,Content,玩家,艾继丝……,アイギス……
AvgDialog_69825_Content_1,aplf,avg章9_AvgDialog_C_M.csv,754,AvgDialog,Content,詹金的幻影,我费了那么大的劲才把钥匙给你带出来，记得你答应我的话！,あたしがあんなに頑張って鍵を届けたんだ、約束、忘れるなよ！
AvgDialog_69825_Content_2,aplg,avg章9_AvgDialog_C_M.csv,755,AvgDialog,Content,詹金的幻影,不要忘了我！,あたしのこと、絶対忘れんなよ！
AvgDialog_69825_Content_3,aplh,avg章9_AvgDialog_C_M.csv,756,AvgDialog,Content,玩家,詹金……我记得……,ジェンキン……ちゃんと、覚えてる……
AvgDialog_69824_Content_1,aplc,avg章9_AvgDialog_C_M.csv,758,AvgDialog,Content,莉莉的幻影,大%brotherorsister1%说过，会替母亲好好照顾莉莉……-,お%brotherorsister1%、言ってくれたよね……\nお母さんの代わりに、リリーを大事にしてくれるって……
AvgDialog_69824_Content_2,apld,avg章9_AvgDialog_C_M.csv,759,AvgDialog,Content,莉莉的幻影,大%brotherorsister1%会说话算话的，对吗？,お%brotherorsister1%、約束、ちゃんと守ってくれるよね？
AvgDialog_69824_Content_3,aple,avg章9_AvgDialog_C_M.csv,760,AvgDialog,Content,玩家,没错……莉莉……我会说话算话……,もちろんだよ……リリー……\n約束は、必ず守る……
AvgDialog_69823_Content_1,apkZ,avg章9_AvgDialog_C_M.csv,762,AvgDialog,Content,达芙黛尔的幻影,漫长到无垠的时光，少了一个人的陪伴，会无聊很多。,果てしない時間を、たった一人で過ごすのは、あまりに退屈ですのよ。
AvgDialog_69823_Content_2,apla,avg章9_AvgDialog_C_M.csv,763,AvgDialog,Content,达芙黛尔的幻影,你曾看过我的脸。你不会忘记它的，对吗？,あなたは一度、わたくしの顔をご覧になりましたわね。\nそれを、お忘れにはならないでしょう？
AvgDialog_69823_Content_3,aplb,avg章9_AvgDialog_C_M.csv,764,AvgDialog,Content,玩家,当然，达芙黛尔夫人……,もちろんです、ダフォダイル夫人……
AvgDialog_69822_Content_1,apkW,avg章9_AvgDialog_C_M.csv,766,AvgDialog,Content,图鲁的幻影,国度，臣民，余失去过一次。,国も、臣民も……余は一度、失ったことがある。
AvgDialog_69822_Content_2,apkX,avg章9_AvgDialog_C_M.csv,767,AvgDialog,Content,图鲁的幻影,那种感觉，余不想再次经历。,あの感覚を、余は二度と味わいたくはない。
AvgDialog_69822_Content_3,apkY,avg章9_AvgDialog_C_M.csv,768,AvgDialog,Content,玩家,不会的，图鲁……我一定，会守护好这一切……,そんなことには、ならない……トゥルー。\n必ず、すべてを守ってみせる……
AvgDialog_69831_Content_1,aplI,avg章9_AvgDialog_C_M.csv,770,AvgDialog,Content,墨菲的幻影,本小姐费了那么大劲，才跟着你们来到这里。,わたくしがあれほど苦労して、あなたたちについてここまで来たのよ。
AvgDialog_69831_Content_2,aplJ,avg章9_AvgDialog_C_M.csv,771,AvgDialog,Content,墨菲的幻影,你可不能说忘就忘了哦，守密人！,あっさり忘れたなんて、赦さないんだから！
AvgDialog_69831_Content_3,aplK,avg章9_AvgDialog_C_M.csv,772,AvgDialog,Content,玩家,放心，墨菲……与你们所经历的这一切，我不会忘记。,安心して、マーフィー……\n君たちと経験したすべて、私は決して忘れない。
AvgDialog_69830_Content_1,aplE,avg章9_AvgDialog_C_M.csv,774,AvgDialog,Content,体内泰旖丝,你的身体里，流淌着我的种子、我的权柄。,あなたの中には、私の種子、私の権能が流れているわ。
AvgDialog_69830_Content_2,aplF,avg章9_AvgDialog_C_M.csv,775,AvgDialog,Content,体内泰旖丝,我们说好了。你会帮助我，守护好这个世界，守护好我们的记忆……,約束したわよね。\nあなたは私を助け、この世界を、私たちの記憶を守ってくれる……
AvgDialog_69830_Content_3,aplG,avg章9_AvgDialog_C_M.csv,776,AvgDialog,Content,体内泰旖丝,你一定能说到做到的。对吗，%player%？,あなたなら、必ずやり遂げてくれるはずよ。\nそうでしょう、%player%？
AvgDialog_69830_Content_4,aplH,avg章9_AvgDialog_C_M.csv,777,AvgDialog,Content,玩家,答应过你的事，我会做到的，泰旖丝……,君と交わした約束、必ず果たすよ、タイス……
AvgDialog_69829_Content_1,aplB,avg章9_AvgDialog_C_M.csv,779,AvgDialog,Content,体内泰旖丝,祂的气息变化了……,あれの気配が、変わったわ……
AvgDialog_69829_Content_2,aplC,avg章9_AvgDialog_C_M.csv,780,AvgDialog,Content,体内N,痴愚与创造的权柄。这场战争还未结束……呵，小心了，冒牌货。,愚かさと創造の権能ですか。この戦争、まだ終わってはいません……\nふふ、お気をつけください、偽物さん。
AvgDialog_69829_Content_3,aplD,avg章9_AvgDialog_C_M.csv,781,AvgDialog,Content,体内N,我还期待着，你能带给我怎样的惊喜。,私はまだ、期待しているのですよ——\nこの私に、どんな驚きをもたらしてくれるのか……
AvgDialog_69820_Content_1,apkL,avg章9_AvgDialog_C_M.csv,783,AvgDialog,Content,玩家,威压，毁灭，混沌……这就是你真正的气息吗，托乎瓦波……,威圧、破壊、混沌……これがお前の真の気配か、トオワボ……
AvgDialog_69820_Content_2,apkM,avg章9_AvgDialog_C_M.csv,784,AvgDialog,Content,体内塔薇,祂的目光，已全部汇集此处。,あれの視線は、すべてこの場に集まった。
AvgDialog_69820_Content_3,apkN,avg章9_AvgDialog_C_M.csv,785,AvgDialog,Content,体内塔薇,在祂完全醒来之前……在这门扉之后，彻底击溃祂！,あれが完全に目覚める前に……\nこの門の向こうで、あれを打ち砕くのだ！
AvgDialog_69821_Content_1,apkO,avg章9_AvgDialog_C_M.csv,787,AvgDialog,Content,玩家,已经……到极限了吗……,もう……限界、なのか……
AvgDialog_69821_Content_2,apkP,avg章9_AvgDialog_C_M.csv,788,AvgDialog,Content,体内泰旖丝,托乎瓦波的目光，从未如此虚弱过……,トオワボの視線が、これほどまでに弱まったことはないわ……
AvgDialog_69821_Content_3,apkQ,avg章9_AvgDialog_C_M.csv,789,AvgDialog,Content,体内N,呵呵呵呵……哈哈哈哈！精彩，精彩。,ふふふふ……はっはっはっは！\n素晴らしい、素晴らしい！
AvgDialog_69821_Content_4,apkR,avg章9_AvgDialog_C_M.csv,790,AvgDialog,Content,体内N,你带给了我一场无比美妙的演出，冒牌货。,あなたは私に、何より素晴らしいショーを見せてくれましたね！
AvgDialog_69821_Content_5,apkS,avg章9_AvgDialog_C_M.csv,791,AvgDialog,Content,体内塔薇,闭上眼，%player%。感受我们，吸纳我们……,目を閉じよ、%player%。\n我らを感じ、我らを取り込め……
AvgDialog_69821_Content_6,apkT,avg章9_AvgDialog_C_M.csv,792,AvgDialog,Content,体内塔薇,三质体的权柄，已在你手中汇聚。,三大神子の権能は、そなたの手に集った。
AvgDialog_69821_Content_7,apkU,avg章9_AvgDialog_C_M.csv,793,AvgDialog,Content,体内塔薇,使用这份独属于你的力量吧，%player%。,そなただけに宿るその力を、解き放て、%player%。
AvgDialog_69821_Content_8,apkV,avg章9_AvgDialog_C_M.csv,794,AvgDialog,Content,体内塔薇,让无上意志，陷入永恒的沉睡！,至高の意思を、永遠の眠りに落とせ！
AvgDialog_68329_Content_1,apev,avg章9_AvgDialog_C_M.csv,796,AvgDialog,Content,,战斗。战斗。,戦い。また、戦い。
AvgDialog_68329_Content_2,apeG,avg章9_AvgDialog_C_M.csv,797,AvgDialog,Content,,遗忘一切的战斗。慷慨赴死的战斗。,すべてを忘れての戦い。\n死をも厭わぬ戦い。
AvgDialog_68329_Content_3,apeR,avg章9_AvgDialog_C_M.csv,798,AvgDialog,Content,,一个个眼瞳破裂，一个个眼瞳新生。一次次倒下。一次次站起。,ひとつ、またひとつと瞳が砕け、ひとつ、またひとつと瞳が生まれ。何度も倒れ、何度も立ち上がる。
AvgDialog_68329_Content_4,apfc,avg章9_AvgDialog_C_M.csv,799,AvgDialog,Content,,眼前这个巨大的造物是什么？你已经有些忘记了。,目の前のこの巨大な存在は何？\nあなたはもう、半ば忘れかけていた。
AvgDialog_68329_Content_5,apfn,avg章9_AvgDialog_C_M.csv,800,AvgDialog,Content,,身后那些人又是谁？你也忘记了。,背後の彼らは、誰？\nそれも、忘れてしまった。
AvgDialog_68329_Content_6,apfy,avg章9_AvgDialog_C_M.csv,801,AvgDialog,Content,,精神的力量早已枯竭，融蚀已严重侵蚀了你的身体与神智。你毫不在意。,精神の力はとうに枯れ果て、融蝕はあなたの身体と精神を深く蝕んでいた。だが、あなたは気にも留めなかった。
AvgDialog_68329_Content_7,apfJ,avg章9_AvgDialog_C_M.csv,802,AvgDialog,Content,,你只记得战斗。机械，麻木，不带任何感情的战斗。,体が覚えているのは、ただ、戦うことだけ。\n機械のような、麻痺した何の感情も伴わない、戦い。
AvgDialog_68329_Content_8,apfU,avg章9_AvgDialog_C_M.csv,803,AvgDialog,Content,,你只记得，你说过，要保护身后的这些人。,だが心は、覚えていた。\n背後の彼らを守ると、口にしたことを。
AvgDialog_68329_Content_9,apgd,avg章9_AvgDialog_C_M.csv,804,AvgDialog,Content,托乎瓦波,……@3……,……@3……
AvgDialog_68329_Content_10,apew,avg章9_AvgDialog_C_M.csv,805,AvgDialog,Content,,笛声响起。低沉，疑惑，平静。,笛の調べが響き渡る。\n低く、訝しげに、そして静かに。
AvgDialog_68329_Content_11,apex,avg章9_AvgDialog_C_M.csv,806,AvgDialog,Content,,痴愚的造物主带着若隐若现的伤痕，饶有兴致地望向你，像是望着一只麻烦的、拼死挣扎的虫豸。,愚かな創造主は、かすかな傷を負いながら、興味深げにあなたを見つめていた。まるで、必死にもがく一匹の虫けらを眺めるかのように。
AvgDialog_68329_Content_12,apey,avg章9_AvgDialog_C_M.csv,807,AvgDialog,Content,,祂已经来到沉睡的边缘。离门扉的关闭还差一点……就差那么一点……,創造主はすでに眠りの縁にいる。\n門が閉まるまで、あと少し……あと、ほんの少し……
AvgDialog_68329_Content_13,apez,avg章9_AvgDialog_C_M.csv,808,AvgDialog,Content,,而那最后的一步，如同天堑。,だがその最後の一歩こそが、越えられない断絶だった。
AvgDialog_68329_Content_14,apeA,avg章9_AvgDialog_C_M.csv,809,AvgDialog,Content,,你再次拿起银钥匙。,あなたは、再び銀の鍵を握りしめた。
AvgDialog_68329_Content_15,apeB,avg章9_AvgDialog_C_M.csv,810,AvgDialog,Content,神秘拉蒙娜,守密人……不要！,守秘者……やめて！
AvgDialog_68329_Content_16,apeC,avg章9_AvgDialog_C_M.csv,811,AvgDialog,Content,,是谁的喊声？你不记得，也不重要。,誰の叫び声だろうか。あなたには分からない。\nそれも、もはやどうでもよかった。
AvgDialog_68329_Content_17,apeD,avg章9_AvgDialog_C_M.csv,812,AvgDialog,Content,,身体已经脱力，精神也已干涸。但你记得，你要战斗。,体は脱力し、精神も干上がっていた。\nだがあなたは、それでも戦うことを覚えていた。
AvgDialog_68329_Content_18,apeE,avg章9_AvgDialog_C_M.csv,813,AvgDialog,Content,神秘拉蒙娜,如果要死……我陪你一起！,死ぬのなら……私も一緒に！
AvgDialog_68329_Content_19,apeF,avg章9_AvgDialog_C_M.csv,814,AvgDialog,Content,,一颗明亮的水珠滴入你的脑海，在你枯涸的精神维度中荡起一圈艰涩的涟漪。,ふと、一粒の明るい雫が、あなたの脳裏に滴り落ちた。\n枯れ果てた精神次元にたとたどしい波紋がひとつ、広がっていく。
AvgDialog_68329_Content_20,apeH,avg章9_AvgDialog_C_M.csv,815,AvgDialog,Content,,"水滴逐渐膨胀，站立，在你脑中汇聚成一个虚幻的人形。你望着她。
一个遥远的名字，在你脑海中回荡。",雫は次第に膨らみ、立ち上がり、脳裏でひとつの虚ろな人影を形作る。あなたはその姿を見つめた。遠い名前が、脳裏にこだまする。
AvgDialog_68329_Content_21,apeI,avg章9_AvgDialog_C_M.csv,816,AvgDialog,Content,玩家,拉……蒙娜？……,ラ……モンナ……？
AvgDialog_68329_Content_22,apeJ,avg章9_AvgDialog_C_M.csv,817,AvgDialog,Content,拉蒙娜,你说过的，守密人。你说过，永远也不会抛下我们……,あなた、言ったでしょう。\n永遠に私たちを見捨てないって……
AvgDialog_68329_Content_23,apeK,avg章9_AvgDialog_C_M.csv,818,AvgDialog,Content,,和我站在一起，你会死,私と共にいれば、君は死ぬ。
AvgDialog_68329_Content_24,apeL,avg章9_AvgDialog_C_M.csv,819,AvgDialog,Content,玩家,我已经切断了链接，拉蒙娜……,私はもう、リンクを断ち切ったんだ、ラモンナ……
AvgDialog_68329_Content_25,apeM,avg章9_AvgDialog_C_M.csv,820,AvgDialog,Content,玩家,和我链接，你会失控。,私と繋がれば、君は制御を失う。
AvgDialog_68329_Content_26,apeN,avg章9_AvgDialog_C_M.csv,821,AvgDialog,Content,玩家,和我站在一起，你会死……,私と共にいれば、君は死ぬ……
AvgDialog_68329_Content_27,apeO,avg章9_AvgDialog_C_M.csv,822,AvgDialog,Content,萝坦,死有何惧？,死など、何を恐れることがある？
AvgDialog_68329_Content_28,apeP,avg章9_AvgDialog_C_M.csv,823,AvgDialog,Content,,第二颗水滴落入你的脑海。,二粒目の雫が、あなたの脳裏に落ちた。
AvgDialog_68329_Content_29,apeQ,avg章9_AvgDialog_C_M.csv,824,AvgDialog,Content,玩家,萝坦……你不在黑池，为什么你会……,ロータン……君は昏き海にいないはずだ、なぜ……
AvgDialog_68329_Content_30,apeS,avg章9_AvgDialog_C_M.csv,825,AvgDialog,Content,朵尔,因为我们是你的唤醒体。你可以切断链接，但你无法切断我们与你相连的权力。,わたしたちは、あなたの覚醒体だから。\nリンクは断ち切れても、覚醒体としても縁は断ち切れない。
AvgDialog_68329_Content_31,apeT,avg章9_AvgDialog_C_M.csv,826,AvgDialog,Content,朵尔,"无论何时何地，你的唤醒体都会站在你身边。
链接，是你与唤醒体永恒的印记，守密人。",いつでも、どこでも、覚醒体はあなたのそばに立つ。\n「リンク」、それは覚醒体とあなたの永遠の証なのよ、守秘者。
AvgDialog_68329_Content_32,apeU,avg章9_AvgDialog_C_M.csv,827,AvgDialog,Content,玩家,"朵尔教授，你也……
可是和我链接的话，你们难以承受……",ドール教授まで……\nだけど、私と繋がったら、君たちは耐えられない……
AvgDialog_68329_Content_33,apeV,avg章9_AvgDialog_C_M.csv,828,AvgDialog,Content,奥吉尔,即使不能站在主君身前，也请一定让我站在主君身边！,主君の前には立てずとも……\nどうか、そばに立たせてください！
AvgDialog_68329_Content_34,apeW,avg章9_AvgDialog_C_M.csv,829,AvgDialog,Content,詹金唤醒体,就是！把我们甩给黑池就想跑？没门！,そうだぞ！\nあたしたちを昏き海に置いて、逃げる気か？そうはいくか！
AvgDialog_68329_Content_35,apeX,avg章9_AvgDialog_C_M.csv,830,AvgDialog,Content,莉莉,莉莉会帮助大%brotherorsister1%！,リリーも、お%brotherorsister1%を助けるよ！
AvgDialog_68329_Content_36,apeY,avg章9_AvgDialog_C_M.csv,831,AvgDialog,Content,图鲁,余之臣民，将得余之庇佑。,余の臣民には、余の加護があるべきじゃろう。
AvgDialog_68329_Content_37,apeZ,avg章9_AvgDialog_C_M.csv,832,AvgDialog,Content,,……,……
AvgDialog_68329_Content_38,apfa,avg章9_AvgDialog_C_M.csv,833,AvgDialog,Content,,越来越多的水滴从黑池中延伸而出，落入你的精神维度。,次々と、雫が昏き海から伸びて、あなたの精神次元に落ちていった。
AvgDialog_68329_Content_39,apfb,avg章9_AvgDialog_C_M.csv,834,AvgDialog,Content,,无数的唤醒体的身影出现在你的脑海。他们微笑，愤怒，不屑，哀伤。,無数の覚醒体の姿が脳裏に現れる。\n微笑み、怒り、嘲り、悲しみ——彼らは皆、あなたを見つめていた。
AvgDialog_68329_Content_40,apfd,avg章9_AvgDialog_C_M.csv,835,AvgDialog,Content,,他们的故事汇集成一道银色的河流，在你脑海中安静地流淌，滋润你体内每一根血管与神经。,彼らの物語は銀色の河となり、あなたの脳裏と静かに凪がれ、体内のすべての血管と神経を潤していった。
AvgDialog_68329_Content_41,apfe,avg章9_AvgDialog_C_M.csv,836,AvgDialog,Content,塔薇,接受吧，守密人。,受け取るのだ、守秘者。
AvgDialog_68329_Content_42,apff,avg章9_AvgDialog_C_M.csv,837,AvgDialog,Content,塔薇,让我们，和你站在一起。,我らを、そなたと共に——
AvgDialog_68329_Content_43,apfg,avg章9_AvgDialog_C_M.csv,838,AvgDialog,Content,,你回过头。疯狂的意识，已经让唤醒体们处于失控的边缘。,あなたは振り返った。\n脳裏に満ちる狂気は、覚醒体たちを制御の限界へと追い詰めていた。
AvgDialog_68329_Content_44,apfh,avg章9_AvgDialog_C_M.csv,839,AvgDialog,Content,,拉蒙娜的身体不由自主地颤抖，但她死死地盯着你，没有任何想要断开链接的意思。,ラモンナの身体は、震えていた。だが彼女はあなたをじっと見つめ、繋がりを断つ意思など微塵も見せなかった。
AvgDialog_68329_Content_45,apfi,avg章9_AvgDialog_C_M.csv,840,AvgDialog,Content,拉蒙娜,你所做的决定，我不会阻扰。,あなたの決断を、私は決して邪魔しない。
AvgDialog_68329_Content_46,apfj,avg章9_AvgDialog_C_M.csv,841,AvgDialog,Content,拉蒙娜,让我和你站在一起。这是我唯一的请求……,でもお願い。私を、あなたと共に立たせて。\nこれが私の、たった一つの願いなの……
AvgDialog_68329_Content_47,apfk,avg章9_AvgDialog_C_M.csv,842,AvgDialog,Content,,谢谢……,ありがとう……
AvgDialog_68329_Content_48,apfl,avg章9_AvgDialog_C_M.csv,843,AvgDialog,Content,,有许多的事情，比疯狂和死亡更难以忍受。,狂気と死よりも、耐え難いことは、たくさんある。
AvgDialog_68329_Content_49,apfm,avg章9_AvgDialog_C_M.csv,844,AvgDialog,Content,,你是如此，他们也一样。,あなたがそうであるように、彼らもまた、そうなのだ。
AvgDialog_68329_Content_50,apfo,avg章9_AvgDialog_C_M.csv,845,AvgDialog,Content,玩家,谢谢……能遇见你们，真好。,ありがとう……君たちに出会えて、本当によかった。
AvgDialog_68329_Content_51,apfp,avg章9_AvgDialog_C_M.csv,846,AvgDialog,Content,,你微笑着，转过身去。,あなたは微笑んで、背を向ける。
AvgDialog_68329_Content_52,apfq,avg章9_AvgDialog_C_M.csv,847,AvgDialog,Content,玩家,我答应过的，我一定会做到。,約束したんだ。\n私は、必ずやり遂げる。
AvgDialog_68329_Content_53,apfr,avg章9_AvgDialog_C_M.csv,848,AvgDialog,Content,,你抬起头，看着眼前这个宇宙的造物主与毁灭者，这个不可战胜的庞然大物。,あなたは顔を上げ、目の前のこの宇宙の創造主と破壊者——\nこの打ち破れぬ巨大な存在を見据えた。
AvgDialog_68329_Content_54,apfs,avg章9_AvgDialog_C_M.csv,849,AvgDialog,Content,,和每一个唤醒体的初见、链接，和他们说过的每一句话、经历的每一件事，在你脑海中闪过。,覚醒体のひとりひとりとの初めての出会い、繋がり。彼らと交わした言葉、経験したすべてが、あなたの脳裏と駆け抜けていった。
AvgDialog_68329_Content_55,apft,avg章9_AvgDialog_C_M.csv,850,AvgDialog,Content,,你感知着从那些链接中涌来的力量。那是伦蒂尼恩的雾，拉伊的雪，布里尔珀特的海，勒姆瓦希的沙。,あなたは、リンクから流れ込む力を感じ取っていた。ロンディニウムの霧、ライの雪、ブリルポートの海、ヴォルムワヒの砂。
AvgDialog_68329_Content_56,apfu,avg章9_AvgDialog_C_M.csv,851,AvgDialog,Content,,那是你们的相遇，是弥萨格里日复一日的相处。是他们的生命，牢不可破的桎梏。那是你们共同的执念。,それは、あなたたちの出会い。ミサゴ大学で重ねた、日々のすべて。断ち切ることのできない絆。そして、あなたたちが共に抱く執念。
AvgDialog_68329_Content_57,apfv,avg章9_AvgDialog_C_M.csv,852,AvgDialog,Content,,这些美好的事物，绝不会被毁掉,これらの美しきものを、決して、壊させたりしない
AvgDialog_68329_Content_58,apfw,avg章9_AvgDialog_C_M.csv,853,AvgDialog,Content,,"你知道，你想要保护的究竟是什么。
你知道，你会保护好它们。",あなたは知っていた。守りたいと願うものが、何であるのかを。\nあなたは知っていた。必ず、それらを守り抜けるのだと。
AvgDialog_68329_Content_59,apfx,avg章9_AvgDialog_C_M.csv,854,AvgDialog,Content,,"你微笑着，对着面前的造物举起了手里的银钥匙。
如同一只萤火虫，正骄傲地面对太阳。",あなたは微笑み、目の前の存在に向け、手にした銀の鍵を掲げた。\nまるで一匹のホタルが、誇り高く太陽と対峙するように。
AvgDialog_68329_Content_60,apfz,avg章9_AvgDialog_C_M.csv,855,AvgDialog,Content,玩家,愿银钥，指引前路！！,銀の鍵が、道を照らさんことを！！
AvgDialog_68329_Content_62,apfB,avg章9_AvgDialog_C_M.csv,857,AvgDialog,Content,,……,……
AvgDialog_68329_Content_63,apfC,avg章9_AvgDialog_C_M.csv,858,AvgDialog,Content,,……,……
AvgDialog_68329_Content_64,apfD,avg章9_AvgDialog_C_M.csv,859,AvgDialog,Content,,不知过了多久。照亮整个雷欧王国的银色光芒缓缓暗淡下去。,どれほどの時が経ったろうか。\nレオ王国全土を照らしていた銀色の光が、ゆっくりと薄れていく。
AvgDialog_68329_Content_65,apfE,avg章9_AvgDialog_C_M.csv,860,AvgDialog,Content,,……,……
AvgDialog_68329_Content_66,apfF,avg章9_AvgDialog_C_M.csv,861,AvgDialog,Content,拉蒙娜,守密人？！！……,守秘者……！？
AvgDialog_68329_Content_67,apfG,avg章9_AvgDialog_C_M.csv,862,AvgDialog,Content,,她来到门前。这里早已没有了你的身影。,彼女は門の前へとやってきた。\nそこには、もうあなたの姿はなかった。
AvgDialog_68329_Content_68,apfH,avg章9_AvgDialog_C_M.csv,863,AvgDialog,Content,,她抬起头，看到一个紧紧关闭的门扉，以及那巨大门扉的前方，静静漂浮着的银钥匙。,彼女が顔を上げると、固く閉ざされた門と、その巨大な門の前を静かに漂う銀の鍵が見えた。
AvgDialog_68329_Content_69,apfI,avg章9_AvgDialog_C_M.csv,864,AvgDialog,Content,拉蒙娜,编号，K-0617……这……这是……,K-0617……\nこの番号……これは……
AvgDialog_68329_Content_70,apfK,avg章9_AvgDialog_C_M.csv,865,AvgDialog,Content,朵尔唤醒体,我代弥萨格第六任校长<Blue:奥利弗·艾尔西>授予你这枚银钥匙，编号K-0617。,ミサゴ大学第六代校長<Blue:オリバー・エルシー>よりシルバーキー、番号K-0617を授けましょう。
AvgDialog_68329_Content_71,apfL,avg章9_AvgDialog_C_M.csv,866,AvgDialog,Content,朵尔唤醒体,从今往后，你将以守密人的称号，与万万千千的弥萨格师生同在。,これからあなたは守秘者という特別な肩書を背負って、多くのミサゴ大学のメンバーと過ごすことになる。
AvgDialog_68329_Content_72,apfM,avg章9_AvgDialog_C_M.csv,867,AvgDialog,Content,,拉蒙娜走上前去，将银钥匙小心地捧住。,ラモンナは前へと進み出ると、銀の鍵を、そっと両手に抱きとった。
AvgDialog_68329_Content_73,apfN,avg章9_AvgDialog_C_M.csv,868,AvgDialog,Content,拉蒙娜,为什么……,どうして……
AvgDialog_68329_Content_74,apfO,avg章9_AvgDialog_C_M.csv,869,AvgDialog,Content,塔薇,拉蒙娜……,ラモンナ……
AvgDialog_68329_Content_75,apfP,avg章9_AvgDialog_C_M.csv,870,AvgDialog,Content,拉蒙娜,守密人守则……第一条……,守秘者の規則……第一条……
AvgDialog_68329_Content_76,apfQ,avg章9_AvgDialog_C_M.csv,871,AvgDialog,Content,拉蒙娜,银钥匙……是守密人的标志……不可遗失，不可丢弃……,銀の鍵は……守秘者の証……\n失ってはならず、捨ててもならない……
AvgDialog_68329_Content_77,apfR,avg章9_AvgDialog_C_M.csv,872,AvgDialog,Content,拉蒙娜,我教过%heorshe%的……为什么……为什么%heorshe%还是没有记住？,私が%heorshe%に教えたのに……\nどうして……どうして%heorshe%は覚えてくれていないの？
AvgDialog_68329_Content_78,apfS,avg章9_AvgDialog_C_M.csv,873,AvgDialog,Content,塔薇,托乎瓦波的目光，已被隔离在门扉之后。祂已再度陷入沉睡。,トオワボの視線は、門の向こうへと封じられた。\nあれは再び、深い眠りに就いたのだ。
AvgDialog_68329_Content_79,apfT,avg章9_AvgDialog_C_M.csv,874,AvgDialog,Content,塔薇,守密人与祂一起，陷入了无意识的虚无之中，替我们、替这个世界，看守封印托乎瓦波的门扉。,守秘者はあの存在と共に、無意識の虚無へと沈み——\n我らのため、この世界のため、トオワボを封じた門を見張っている。
AvgDialog_68329_Content_80,apfV,avg章9_AvgDialog_C_M.csv,875,AvgDialog,Content,塔薇,"%hisorher%意识与生命，都已不复存在……
%heorshe%已经死了，拉蒙娜。",%hisorher%の意識も、命も、もはや存在せぬ……\n%heorshe%は……死んだのだ、ラモンナ。
AvgDialog_68329_Content_81,apfW,avg章9_AvgDialog_C_M.csv,876,AvgDialog,Content,拉蒙娜,死？%heorshe%怎么会死……%heorshe%怎么会抛下这里？,死ぬ？%heorshe%が？\n死ぬわけがない……%heorshe%が、ここを捨てるなんて……
AvgDialog_68329_Content_82,apfX,avg章9_AvgDialog_C_M.csv,877,AvgDialog,Content,拉蒙娜,这么多的人……这么多的事……%heorshe%怎么舍得？,こんなに多くの人……多くのこと……\n%heorshe%が、手放せるはずが……
AvgDialog_68329_Content_83,apfY,avg章9_AvgDialog_C_M.csv,878,AvgDialog,Content,拉蒙娜,%heorshe%怎么舍得……,%heorshe%は、どうして……
AvgDialog_68329_Content_84,apfZ,avg章9_AvgDialog_C_M.csv,879,AvgDialog,Content,,泪滴打湿了手套，打湿了银钥匙。,涙の雫が、手袋を濡らし、銀の鍵を濡らした。
AvgDialog_68329_Content_85,apga,avg章9_AvgDialog_C_M.csv,880,AvgDialog,Content,,泪水落在黑池，荡起一圈清澈的涟漪。,涙が昏き海に落ち、澄んだ波紋がひとつ、広がっていった。
AvgDialog_68329_Content_86,apgb,avg章9_AvgDialog_C_M.csv,881,AvgDialog,Content,,涟漪之上，门扉之后，一个虚幻的身影在羽翼的包裹中酣然入睡。,波紋の先、扉の向こうで、ひとつの影が、翼に包まれて安らかに眠っている。
AvgDialog_68329_Content_87,apgc,avg章9_AvgDialog_C_M.csv,882,AvgDialog,Content,,%hisorher%脸上带着纯净的笑意，就像一个出生于黑夜的婴孩，第一次看见朝阳时那般。,%heorshe%の顔には、純粋な笑みが浮かんでいた。\nまるで、夜に生まれた赤ん坊が、初めて朝日を見たときのように。
AvgDialog_68336_Content_41,apjA,avg章9_AvgDialog_C_M.csv,924,AvgDialog,Content,玩家,贪图享乐，自私怯懦。我害怕融蚀，害怕死亡，每天想的是怎么让自己过得舒服一点，怎么让自己活得更久一点。,私は享楽主義者で、利己的で、そのうえ臆病者なんだ。\n融蝕も死も怖くて仕方がない。\n毎日毎日、楽に長く生きられる方法ばかり考えている。
AvgDialog_68336_Content_42,apjB,avg章9_AvgDialog_C_M.csv,925,AvgDialog,Content,玩家,第一次去现场出任务的时候，我走在所有人后面，生怕自己也染上融蚀。我才二十岁，我还有很多事想做……,初めて任務に行ったとき、私はみんなの後ろを歩いたよね。\n融蝕の感染が怖くてね。まだ若かったし、やりたいことがたくさんあったんだ……
AvgDialog_68336_Content_46,apjF,avg章9_AvgDialog_C_M.csv,929,AvgDialog,Content,拉蒙娜,平凡的生活，谁不喜欢呢……每一个守密人与调查员，都曾在某一刻怀疑过。有人选择退却，也有人选择继续向前……,平凡な生活。そんな日々を嫌う人なんていないんじゃないかしら……守秘者と調査員は皆、一度は心のどこかで迷ったことがあるはず。\nそのときに、退く者もいれば、それでも前進を選ぶ者もいる……
AvgDialog_68336_Content_47,apjG,avg章9_AvgDialog_C_M.csv,930,AvgDialog,Content,拉蒙娜,世界从未要求过他们，他们也从未想过要为之付出一切。但到了某一刻，他们依然会做出自己也无法理解的选择。,その瞬間まで、彼らは世界から何かを求められたことはなかったし、彼らも世界のためにすべてを捧げるなんて考えたことがなかったはず。でも、その瞬間が来たとき、彼らは自分でも理解できない選択をするのかもしれないわね。
AvgDialog_68336_Content_76,apkm,avg章9_AvgDialog_C_M.csv,959,AvgDialog,Content,,所有的目光都望向黑池。,すべての視線が、昏き海へと注がれた。
AvgDialog_68336_Content_77,apkn,avg章9_AvgDialog_C_M.csv,960,AvgDialog,Content,,钟楼之下，地心深处，那个黯淡无光的巨大门扉之内，一个被羽翼包裹的身影纹丝不动。,鐘楼の下、地の底のさらに奥、あの光のない巨大な扉の内側で——\n翼に包まれたひとつの影が、ぴくりとも動かずに、眠っていた。
AvgDialog_68336_Content_78,apko,avg章9_AvgDialog_C_M.csv,961,AvgDialog,Content,,%heorshe%听见弥萨格的雨滴落石碑。%heorshe%听见拉蒙娜哽咽的诵念。%heorshe%听见黑色的融蚀蔓延，缓缓覆盖住自己的名字。,%heorshe%はミサゴの雨が石碑に落ちる音を聞いた。\n%heorshe%はラモンナの嗚咽交じりの声を聞いた。\n%heorshe%は融蝕が広がり、ゆっくりと自分の名を覆っていくのを聞いた。
AvgDialog_68336_Content_79,apkp,avg章9_AvgDialog_C_M.csv,962,AvgDialog,Content,,在这场漫长的梦境里，%heorshe%不断地坠落、坠落。那些声音离%heorshe%越来越遥远，逐渐汇成一道低沉的呜咽。,この果てしなく長い夢の中で、%heorshe%は堕ちて、堕ち続けた。声は%heorshe%から次第に遠ざかり、やがて低く沈むうめき声へと重なった。
AvgDialog_68336_Content_80,apkr,avg章9_AvgDialog_C_M.csv,963,AvgDialog,Content,,在%heorshe%的坠落中，过往的一切记忆出现在%heorshe%面前，如同一道道流光，与%heorshe%擦肩而过。,%heorshe%が堕ちていくその最中、過去のすべての記憶が、彼の眼前に現れた。\nそれらは光が流れるように、%heorshe%の傍らを通り過ぎていった。
AvgDialog_68336_Content_81,apks,avg章9_AvgDialog_C_M.csv,964,AvgDialog,Content,,"沉睡的面庞上，虚无的嘴角微微翘起。
%heorshe%的故事无人知晓。%heorshe%的记忆与世长存。",眠る顔には、ないはずの口元がわずかに上がっていた。\n%heorshe%の物語を知る者は誰もいない。\n%heorshe%の記憶は、永遠に世界に残り続ける。
AvgDialog_68336_Content_82,apkt,avg章9_AvgDialog_C_M.csv,965,AvgDialog,Content,,%heorshe%举起自己那双并不存在的手，对着那空无的远处，轻轻挥动。,%heorshe%は存在しないはずの両手を挙げて、虚無の彼方に向かって——\n軽やかに、その手を振った。
AvgDialog_68336_Content_83,apku,avg章9_AvgDialog_C_M.csv,966,AvgDialog,Content,,再见……弥萨格。,さようなら……ミサゴ大学。
CollectionHall_57607_Desc,avIs,t图鉴_CollectionHall_A.csv,70,CollectionHall,Desc,,"<Title:简介>
熔毁·朵尔原本是弥萨格乃至人类科学的骄傲，在与融蚀漫长的对抗中她意识到，融蚀现象在消解身体的同时，也铺开了通向真理的道路。
偶然接触到一块刻有奥秘箴言的远古石板后，她决心走上这条暗黑无境之路，放弃了更换人偶身体延续生命，任由融蚀侵蚀脑缸。
最终她得偿所愿，洞悉了融蚀的本质，却也彻底走向毁灭与虚无。
那明灯一般引领众人的信念与理性消失后，熔毁·朵尔开始在学校师生看不见的地方大行毁灭之道，“协助”引起数起伤亡事件后才被弥萨格发现，被施行了等级最高的监视与压制。
只是在崩毁的人偶背后，天才不灭的灵魂似乎还在与世界背后更深远、更黑暗的地方，遥遥呼应。",<Title:紹介>\n溶壊・ドールはかつてミサゴ大学ひいては人類の科学の誇りであった。融蝕との長い戦いの中で彼女は、融蝕現象が体を蝕み消し去る一方で、真理への道に通じることに気づいた。\n偶然にも謎めいた格言が刻まれた古代の石板に触れた後、彼女はこの果てなき暗黒の道を歩むことを決意した。人形の身体を交換して永遠に生き続ける道を捨て、融蝕に脳缶を侵食させることを選んだのだ。\nそしてついに彼女は望みを叶え、融蝕の本質を見抜いたが、同時に完全な破壊と虚無の道を辿ることとなった。\n人々を導く灯火のような信念と理性が消え去った後、溶壊・ドールは学校の教職員や学生たちの目の届かぬ場所で破壊の道を歩み始め、彼女の「手助け」によっていくつもの悲劇的な事件が引き起こされた。そしてついにミサゴ大学にその存在が知られ、彼女には最高レベルの監視と抑圧が施された。\nだが、崩壊した人形の背後で、天才の不滅の魂は今もなお、世界の奥深く暗い場所に遠く響いているようだった。
CollectionHall_76206_Title,avVh,t图鉴_CollectionHall_A.csv,602,CollectionHall,Title,,缸中之梦,水槽の中で見る夢
CollectionHall_121901_Title,bKVh,t图鉴_CollectionHall_A.csv,611,CollectionHall,Title,,神诞七日,神の誕生から七日間
CollectionHall_124224_Title,bMqO,t图鉴_CollectionHall_A.csv,612,CollectionHall,Title,,茉夏的异世界调查记录,ムシェットの異世界調査記録
CollectionHall_127169_Title,bOlC,t图鉴_CollectionHall_A.csv,1279,CollectionHall,Title,,隐世的转轮,隠世の輪廻
CollectionHall_127169_Desc,bOlB,t图鉴_CollectionHall_A.csv,1279,CollectionHall,Desc,,当一个人能够知晓全部的过去与未来，等待他的不是全知的喜悦，而是无尽的悲悯与绝望。\n她的双眼能看到万事万物背后的丝线，线的这一头连接过去，线的那一头连接未来。\n那丝线被人们称为命运。\n她是如何看待那一个个跟随在她身边的人呢？\n人们善良仁爱，人们傲慢多疑。\n但那些人的命运与人类的命运都在每次见面的开始就已经注定。\n她必定是喜爱他们的，否则何以一次次伸出援手、给予火种。\n她必定是期许他们的，否则何以在毁灭中坚定地走入轮回的阴影。\n因喜爱，她长怀悲伤。\n因期许，她屡屡失望。\n她深陷在黑色的泥沼，于无数的黑色丝线中不断梳理着，不厌其烦。\n命运的轮盘一次次回转。\n她看到贪婪的火焰席卷苍穹。\n她看到盲愚的偏执走向自戕。\n她看到痴狂的妄念加速毁灭。\n无序的混沌总会姗姗而来。\n希望与绝望徒劳地轮转，永无止境。\n直到她在黑暗之中看到一瞬的星光。\n那光微弱，但她已在黑暗中太久。\n直视的那一刻，竟然流下眼泪。\n,すべての過去と未来を知ることができる者に待つのは、全知の喜びではなく、無限の悲しみと絶望。\n彼女の目は万物の背後の糸を見通す。糸の片方は過去に、もう片方は未来に繋がっている。\nその糸は運命と呼ばれる。\n彼女は周囲の人々をどう見ているのだろう？\n人々は善良で慈愛に満ち、人々は傲慢で疑い深い。\nだが彼らの運命と人類の運命は出会った瞬間に既に決まっている。\n彼女は彼らを愛しているに違いない、でなければ何度も手を差し伸べ、火種を与えることはない。\n彼女は彼らを期待しているに違いない、でなければ破滅の中で輪廻の影に進むことはない。\n愛ゆえに、彼女は悲しみを抱く。\n期待ゆえに、彼女は何度も失望する。\n彼女は黒い泥沼に沈み、無数の黒い糸を絶えず解きほぐし、飽きることなく。\n運命の札は何度も回転する。\n彼女は貪欲の炎が空を覆うのを見た。\n彼女は盲目的な偏執が自滅に向かうのを見た。\n彼女は狂気の妄念が破滅を加速するのを見た。\n無秩序の混沌はいつも遅れてやってくる。\n希望と絶望は無駄に回転し、終わりがない。\n彼女は暗闇の中で一瞬の星光を見た。\nその光は微弱だが、彼女は暗闇に長くいた。\n直視した瞬間、涙を流した。\n
CollectionHall_127122_Title,bOjM,t图鉴_CollectionHall_A.csv,1280,CollectionHall,Title,,坠入虚无的人偶,虚無に墜ちた人形
CollectionHall_127122_Desc,bOjL,t图鉴_CollectionHall_A.csv,1280,CollectionHall,Desc,,人们总是喜欢以自身的尺度去规定边框、确定符号。\n世界局限在人类的肉身之中，是多么的狭隘、愚昧又可悲。\n她早早地舍弃了肉身，却依然不能触碰到真实的边界。\n知识的长河混乱无尽，而黑色的虚无已再次追上了她。\n她静静地与之对视，如果任何有形的一面都无法窥到世界的全貌，那虚无的背后是否才是真正的答案？\n她用自己的生命做出了此生最疯狂的豪赌。\n她终于看见了终焉。\n真相的大门豁然洞开，世界的面貌转瞬颠倒。\n原来如此，原来如此。\n她迫切地想让所有人都看到这虚无的真实，从徒劳的挣扎中解脱。\n曾经她站在浪尖，引领着世界前进。\n如今她依旧挥舞着牧羊的皮鞭，步履轻快地将世界引入深渊。\n人们惊恐地驱逐了她，将她视为邪恶的疯子。\n真奇怪，她想。\n可我眼中的你们也是这样。\n,人々はいつも自分の尺度で枠を決め、シンボルを確定したがる。\n世界は人間の肉体に限られており、なんと狭く、愚かで悲しいことか。\n彼女は早くに肉体を捨てたが、依然として真の境界に触れることができなかった。\n知識の流れは混乱し尽くし、黒い虚無が再び彼女に追いついた。\n彼女は静かにそれを見つめ、もし有形の面が世界の全貌を覗けないなら、虚無の背後こそが真の答えではないか？\n彼女は自分の命を賭けてこの生涯で最も狂気的な賭けをした。\n彼女はついに終焉を見た。\n真実の扉が開かれ、世界の姿が瞬時に逆転した。\nなるほど、なるほど。\n彼女はすべての人にこの虚無の真実を見せ、無駄なもがきから解放したいと切望した。\nかつて彼女は波の頂に立ち、世界を導いた。\n今も彼女は羊飼いの鞭を振り、軽やかに世界を深淵に導いている。\n人々は恐れて彼女を追放し、彼女を邪悪な狂人と見なした。\nなんて奇妙だ、と彼女は思った。\nでも私の目にはあなたたちも同じだ。\n
CollectionHall_127123_Desc,bOjN,t图鉴_CollectionHall_A.csv,1306,CollectionHall,Desc,,不必害怕死亡。那只是肉体将灵魂交还给夜色的过程，如潮水退去，归于幽深的安宁。彻底地消散于融蚀，沦为无人知晓、毫无意义的存在才是真正的恐怖。\n她死得并不安详。\n枯槁的身躯早已僵冷，血液与融蚀液混合，凝结如暗红色的玻璃。可她年轻的灵魂仍在喉咙深处颤抖，那一丝未曾消散的意识，如烟雾滞留在骨缝间。像一只脆弱的、折翼的美丽蝴蝶。\n杜勒赛因静静地走入房间，脚步未惊动尘埃。他在她身旁跪下，视线轻柔地略过她紧闭的眼、未展的指节，以及不安晃动的灵魂。\n「我还活着吗？」\n「这黑暗会把我吞掉吗？」\n他不言语，只是伸出手，将她皲裂的手指一根根展开，像是为一朵颤抖的花瓣抚平折痕。没有怜悯、也没有责备，只有平和而宁静的耐心，像是世间最公正、最庄严的神明，赋予她安详的权利。刹那间，她仿佛抵达了永恒的宁静。\n于是纯净的芳香在他们交握的手中逸散，他俯身，满足而庄重地在她的指背落下一吻。那吻落下的瞬间，死亡的最后一道回声一点点拉长，直到融为飘在空中的一道清风，如暴风后的湖泊，全然寂静。没有疑问，没有怨恨，没有恐惧。她终于归属死亡本身。\n「我会记住你。」\n他直起身，凝视她如今彻底归于宁静的模样。恍惚中，尖牙刺入皮肤，他听到了赛琳涅的声音。\n「我相信你，兄长。」\n她是幸运的，在杜勒赛因的记忆中，她将获得永恒的安息。,死を恐れる必要などない。それはただ、肉体が魂を夜の闇へと返す過程に過ぎず、潮が引くように、深い安らぎへと還るだけだ。完全に融蝕へと溶け、誰にも知られず、何の意味も持たぬ存在へとなり果てることこそ、真の恐怖である。\n彼女の死は、消して安らかなものではなかった。\n枯れ衰えた体は冷え切り、血は融蝕液と混じり合い、暗赤色のガラスのように固まっていた。だが、彼女の若い魂はいまだに喉の奥で震えていた。消えきらないわずかな意識が、煙のように骨の隙間に滞留している。まるで翼の折れた、脆く美しい蝶のように。\nドゥルセインは静かに部屋へ足を踏み入れた。その足取りは塵ひとつも揺らさなかった。彼は彼女の傍らに跪き、固く閉じられた瞼、強張った指の節、そして不安げに揺れる魂へと、優しく視線を滑らせた。\n「私は、まだ生きているの？」\n「この闇は、私を飲み込んでしまうの？」\n彼は答えなかった。ただ手を伸ばして、ひび割れた彼女の指を一本ずつ広げていく。まるで震える花弁の折れ目を、そっと撫でて整えるかのように。そこには哀れみも、咎めもなかった。あるのは、ただ穏やかで静謐な忍耐だけ。あたかもこの世で最も公正で荘厳な神が、彼女に安らぎの権利を授けるかのようだった。その刹那、彼女は永遠の静寂に触れたように感じた。\nやがて、二人が重ねた手から清らかな芳香が漂い出した。彼は身を屈め、満ち足りた表情で、そして厳かに彼女の指の甲へそっと口づけを落とした。その口づけが落ちた瞬間、死の最後の余韻はゆっくりと引き延ばされ、やがて空へ溶ける一陣の風となった。嵐が去った湖のように、あたりは静まり返った。疑いも、怨みも、恐れも、もはやどこにもない。彼女はようやく、死そのものへと還ったのだ。\n「あなたのことを、忘れはしません」\n彼は身を起こし、今や完全に静寂に包まれた彼女の姿を見つめる。そのとき、ふと意識が揺らぎ、鋭い牙が肌を貫く感覚とともに、彼はセリーヌの声を聞いた。\n「信じています、お兄さま」\n彼女は幸福だ。ドゥルセインの記憶の中で永遠の安息を得るのだから。
CollectionHall_127168_Desc,bOlz,t图鉴_CollectionHall_A.csv,1307,CollectionHall,Desc,,他看见教堂的尖塔如同蜡烛般融化，滴落在神父洁白的羽翼上。彩绘玻璃上的圣徒像以极快的速度腐烂成骷髅、又在瞬间倒退成为婴孩。尖锐与圆柔的几何体从信徒的口中颂念出，堆满整个大厅。\n他看见火车站的空间反复折叠成非欧几里得空间，远处的站台近在咫尺，近处的检票口遥不可及。大厅的钟表逆时针旋转，枯骨般的人群如同被看不见的线条提着倒退行走，浓稠的紫罗兰般的烟雾从云端飘进火车的烟口。\n他看见森林里的「空」凝成实体，树木、岩石、藤蔓只是「空」的边界勾勒出的半透明的轮廓线。天鹅的羽毛是不断变换的马赛克色块，它们游过的地方，湖水凝固成半透明的彩色玻璃。情侣依偎的长椅下， 鲜艳的橙黄色的影子正试图啃噬主人的脚踝。\n他看见歌剧厅的音符如雨点般砸向观众席，他看见墓地微微起伏，就像一只呼吸着的巨怪的皮表……\n他看见了很多，很多。他将他所看见的告诉他的母亲、老师、朋友，他将他看见的绘入画里。他想把他眼中的世界带到人们面前，可他身边的人越来越少，一个世界离他越来越远。\n但这是为什么呢？他只是将他所见到的东西记录了下来。皮克曼怎么想也想不明白。\n悲伤的皮克曼站在镜子面前。他看见一只食尸鬼冲他咧开长满尖牙的嘴。\n「没有什么比看见目睹真实更加重要。疯狂，混沌，贪婪……要去看看吗，皮克曼？」\n明悟的皮克曼向他微笑着，跨入那面镜子。\n他只想亲眼目睹那最为极致的疯狂的真实，将它们忠实地描绘在他的画布之上。\n他不是人类，也不是食尸鬼。\n他只是写实主义绘者皮克曼。,彼は、教会の尖塔が蝋燭のように溶け、神父の白い翼の上に滴り落ちるのを見た。\nステンドグラスの聖人像は、凄まじい速さで腐敗して骸骨となり、そして瞬時に逆戻りして赤子へと変わる。鋭利な、あるいは柔らかな幾何学体が、信徒たちの口から詠唱され、聖堂を埋め尽くしていく。\n\n彼は、駅の空間が幾重にも折り畳まれ、非ユークリッド幾何学的な空間へと変貌する様を見た。\n遠くのホームは目の前にあり、近くの改札口ははるか彼方にある。ホールの時計は反時計回りに回転し、骸のような人々の群れは、見えない糸に操られるかのように後ろ向きに歩いていく。濃い菫色の煙が雲間から現れ、列車の煙突へと吸い込まれていった。\n\n彼は、森の中の「空」が凝縮して実体を持つのを見た。\n樹木も岩も蔓も、ただ「空」が描き出す輪郭によって区切られた、半透明の境界線に過ぎなかった。白鳥の羽は絶えず変化するモザイクの塊で、それらが泳ぎ去った跡には、湖水が半透明の彩色ガラスへと凝固する。寄り添う恋人たちのベンチの下では、鮮やかな橙黄色の影が、主人の足首を喰らおうと蠢いていた。\n\n彼は、オペラ劇場で音符が雨粒のように客席へと降り注ぐのを見た。\n彼は、墓地がかすかに起伏し、まるで呼吸する巨大な怪物の皮膚のようにうねるのを見た……\n\n彼は多くのものを見た。あまりにも多くのものを。彼はその光景を、母に、教師に、友人に語り、絵に描いた。自らの目に映る世界を人々に届けようとしたが、周囲の人々は次第に去り、ひとつの世界が彼から遠ざかっていった。\n\nだが、なぜなのだろうか？彼はただ、目にしたものを記録しただけなのに。ピックマンは、それがどうしても理解できなかった。\n\n悲しみに沈んだピックマンは、鏡の前に立った。そこには、鋭い牙をむき出しにして嗤う一体のグールが映っていた。\n「真実を目撃することほど重要なものはない。狂気、混沌、貪欲……見に行きたいか、ピックマン？」\n悟りを得たピックマンは微笑み、鏡の中へ足を踏み入れた。\n\n彼はただ、その極致にある狂気の真実を、自らの目で確かめ、それを忠実にキャンバスへ描き出したかったのだ。\n\n彼は人間ではない。グールでもない。\n彼はただの、写実主義の画家、ピックマンなのだ。
CollectionHall_127134_Desc,bOkj,t图鉴_CollectionHall_A.csv,1319,CollectionHall,Desc,,克莱门汀并不是一个坚强的孩子，所以在患上怪病，被病痛与逐渐逼近的死亡折磨时，她总是会在深夜惊醒，无声哭泣。\n而每次哭泣后的第二天，她的床头便会出现一个「礼物」。\n几块包装华丽的糖、时下流行的发饰、憨态可掬的毛绒熊……\n但最让她印象深刻的，是一个虫蛹标本。\n彼时，她已经病入膏肓，无法下床，只能费力地将那标本举到半空中，瞪大眼睛望着透光虫蛹里的生命。\n那生命已经安眠，但那生命也获得了永生。\n而她，濒临真正的死亡。\n想到这里，她的泪水无声滑落。但一双手，替她擦干了眼泪。\n「不要哭，克莱门汀。总有一天，你也会像这些虫蛹，获得新生。」\n「我会让你获得新生的。」\n父亲从不会说谎，至少，不会对她说谎，所以克莱门汀对这句话深信不疑。\n她信任着自己的父亲，因此进入那座亵渎山脉时，她义无反顾，因此忍受血肉溶解的剧痛时，她毫无怨言。\n因为她相信这一切都是获得新生的代价与必要过程。\n等所有的痛苦与绝望过去，她会痊愈，会回到那个被称为「家」的地方，与她唯一的亲人，团聚。,クレメンタインは強い子ではなかった。それゆえ、奇妙な病を患い、痛みと忍び寄る死の影に苦しめられていた頃、彼女はよく深夜に目を覚まし、声を殺して泣いていた。\n\nそうして泣いた日の翌朝には、決まって枕元に「贈り物」が置かれていた。\n綺麗な包み紙のキャンディー、流行りの髪飾りに、愛嬌のあるテディベア……。\nしかし、彼女の印象に最も強く残ったのは、蛹の標本だった。\n\nその頃にはすでに病は重く、彼女はベッドから降りることさえできなくなっていた。彼女は必死にその標本を持ち上げ、光を透かす蛹を、じっと見つめた。\n\nその命はすでに安らかな眠りについていたが、同時に永遠の生を手に入れていた。\n一方で彼女は、死の淵に立っている。\n\nそう思うと、涙が静かに頬を伝った。その涙を、優しい手がそっと拭ってくれた。\n\n「泣かないでおくれ、クレメンタイン。いつかお前も、この蛹のように新たな生を得られる」\n「私が、お前に新しい命をあげよう」\n\n父は決して嘘をつかない。少なくとも、彼女に対してだけは。だからクレメンタインは、その言葉を疑いもしなかった。\n\n彼女は父を信じていた。だからこそ、あの穢れた山脈へ足を踏み入れるときもためらわず、肉体が溶けるほどの激痛に耐えるときでさえ、不満ひとつ漏らさなかった。\n\nこれらはすべて、新しい命を得るための代償であり、必要な過程なのだと信じていた。\n\nすべての苦痛と絶望が過ぎ去ったとき、身体は癒え、「家」と呼ばれるあの場所へ帰り、唯一の肉親と再会できるのだと。
CollectionHall_127125_Desc,bOjR,t图鉴_CollectionHall_A.csv,1320,CollectionHall,Desc,,时至今日，卡斯托尔也无法说出自由真正的释义。\n他常常觉得自己是双子之中更愚笨的那个，从少年时便木讷地跟随在波吕克斯身后，听弟弟说着一个又一个天马行空的奇思妙想。\n在枯燥而麻木的修行生活中，他以为拥有那一抹轻松的亮色已经是最幸福的事，直到于丽埃特下令对波吕克斯进行定期的改造仪式。\n无尽的痛苦尽数倾泻在波吕克斯一人的头上，卡斯托尔茫然无措地陪在弟弟的身旁，看着那张飞扬的面庞上笑容越来越稀少，而自己想不到任何能做的事。\n「你知道自由是什么意思吗？」深夜之中，波吕克斯捧着那本早被二人翻烂的手抄本，静静地问卡斯托尔。\n卡斯托尔摇了摇头。\n「那么，你想去看看外面的世界吗？哥哥。」\n卡斯托尔悚然怔愣，他似乎明白了波吕克斯想要追求的东西，那些他从未见过的、只存在于干瘪的文字中、存在于自己想象之外的东西。\n他为这样大逆不道、惊世骇俗的想法所深深震撼，他沉默着，或许过了很久，或许只过了几个呼吸，他便毫无恐惧地点了点头。\n即便那要对抗整个教会，即便那要献出自己的生命。\n于是，一双鸟儿飞出了从未走出的牢笼，可惜他们从未想过，自由的代价会是如此不可承受之重。\n猎人的枪声响过，鸟儿便从空中坠落。\n卡斯托尔才刚刚尝到自由的味道，便眼睁睁看着弟弟那飞往自由的翅膀被生生地拔掉。\n面对于丽埃特恐怖的怒火，面庞苍白而颤抖的弟弟背着人群，向自己露出了不曾屈服的笑。\n「坚持下去，为了自由。」\n卡斯托尔不停回想着波吕克斯那句无声的口型，直到他在昏沉的折磨中将那两个信仰般的字咀嚼成烙印后，他才再次与波吕克斯相逢。而这时他愕然发现，那始终在前方引领着自己的人，已经无情地将这两个字抛下了。,今日に至るまで、カストルは「自由」の真の意味を言葉にできずにいる。\n\n彼は常々、双子の中でも自分の方が愚鈍だと感じていた。\n幼い頃から、ポリュクスの後ろを黙ってついていき、弟が語る自由奔放で奇想天外な考えに耳を傾けてきた。\n\n退屈で、感覚が麻痺するような修行生活の中で、彼はそのわずかな安らぎこそが何よりの幸福だと思っていた——ジュリエットがポリュクスに、定期的な「改造儀式」を命じるまでは。\n\n終わりのない苦痛が、ポリュクスひとりに降り注いだ。\nカストルはただ弟の傍らに寄り添い、あれほど明るかった横顔から笑みが次第に消えていくのを、見つめることしかできなかった。\n自分にできることは、何ひとつ思いつかなかった。\n\n「自由って、どういう意味か知ってる？」\n\n深夜、ポリュクスは二人で読み古した写本を抱え、静かにカストルに尋ねた。\nカストルは首を横に振った。\n\n「じゃあ、外の世界を見たいと思ったことはある？兄さん」\n\nカストルは呆然として立ち尽くした。ポリュクスが追い求めようとしているものを、ようやく理解したのだ。\nそれはこれまで一度も目にしたことのない、乾いた文字の中だけの、自分の想像をはるかに超えた世界だった。\n\nその衝撃的な考えに強く心を揺さぶられ、カストルは言葉を失った。\n長い時間が流れたのかもしれないし、ほんの数瞬だったかもしれない。やがて彼は、恐れることなく頷いた。\n\nたとえそれが、教会すべてを敵に回すことになろうとも。たとえ、自らの命を捧げることになろうとも。\n\nこうして二羽の鳥は、一度も出たことのない檻から飛び立った。しかし彼らは、思いもよらなかったのだ。自由の代償が、これほどまでに耐え難く、重いものであることを。\n\n狩人の銃声が響き渡り、鳥たちは空から堕ちていった。\n\nカストルはようやく自由の味を知ったばかりで、自由へ向かう弟の翼が無残にも引き抜かれるのを目の当たりにした。\nジュリエットの恐ろしい怒りを前にして、顔を青ざめさせ、震えながらも、弟は群衆に背を向け、決して屈することのない笑みをカストルに向けた。\n\n「耐え抜こう、自由のために」\n\nカストルはポリュクスの唇の動きを何度も思い返した。\n苦痛で朦朧とする意識の中で、信仰にも似たその二つの言葉を噛みしめ、心に焼き付くまで刻み込んだ。\n\nだが、彼はようやくポリュクスと再会し、愕然とした。\nいつも自分を導いてくれたその人は、あろうことか、その二つの言葉を無情にも捨て去っていたのだ。
CollectionHall_127148_Title,bOkM,t图鉴_CollectionHall_A.csv,1321,CollectionHall,Title,,扭曲的骑士诗,歪んだ騎士の詩
CollectionHall_127148_Desc,bOkL,t图鉴_CollectionHall_A.csv,1321,CollectionHall,Desc,,波吕克斯做了一个梦。\n他梦见自己身披银色的铠甲，从一位威严的国王手中接过一柄光洁如月的长剑。\n而后他跨上高大的白马，奔赴向一个洞窟之中，当他深入地底，洞口的树木都簌簌地发出细微的呢喃。\n洞窟的深处潜藏着一团暗绿色的阴影，那是一个高大如肉山的怪物，它怪异的双眼冒出绿色的光芒。\n「危害国家的怪物啊，我不能允许你再威胁我们神圣的国度，今日，我将用这柄正义之剑将你消灭！」\n那怪山颤抖着，似乎在回应一般，发出恐怖的吼叫。\n波吕克斯听不懂它的语言，也无意听懂它的话语，他举起宝剑，与那散发着邪恶气息的怪物战斗起来。怪物的触手遍及洞穴昏暗的边界，与光辉的长剑碰撞出铿锵的脆响。\n如每一个英雄故事的结尾一样，英勇的骑士跨上怪物的后背，在怒喝中将剑尖插入了怪物的胸膛。\n怪物颓然倒下，波吕克斯在如释重负的喘息中，怔愣凝视着剑下慢慢扩散的痕迹——那丑陋邪恶之物的身躯中，怎会流淌着如此温热鲜红的血液？\n他从梦中猛地惊醒，那鲜血沾染双手的黏腻触感仿佛挥之不去，他的余光忽然看到了那本被卡斯托尔珍藏的旧书，正小心地被藏在床后的缝隙。\n他将那本书随意地翻开，恰巧是卡斯托尔常常翻阅的那一篇骑士故事，在书页的正中，他看到这样的一句预言：\n「当邪恶的怪物被勇士击败，人人将见天空中有异象，日头要变为黑暗，月亮要变为血。」\n波吕克斯皱了皱眉，不屑地将这本旧书扔回原位，在月光下喃喃祈祷起来。\n「神的仆人被差遣到这里来为你们赐福，使你们洗脱罪孽，从黑暗中归向光明，和一切纯洁的义人同入净土……」\n持灯者并未关照祂虔诚的侍从，噩梦带来的不安仍在那颗心脏深处颤动，那是他沉眠的灵魂在梦中默默地哭泣。,ポリュクスは夢を見た。\n\n夢の中の彼は、銀色の鎧を身にまとい、威厳ある王の手から、月のように冴え渡る一振りの長剣を授かっていた。\nそして背の高い白馬に跨ると、ある洞窟へと駆けた。地の底へと進むと、洞窟の入口にある木が、ざわざわと微かな囁きを交わすように揺れていた。\n\n洞窟の奥深くには、暗緑色の影が潜んでいた。それは肉の山のように巨大な怪物で、歪な両目からは緑色の光が溢れていた。\n「国家に害をなす怪物よ。神聖なる国をこれ以上脅かすことは、我が許さぬ。今こそ、この正義の剣でお前を滅ぼさん！」\n怪物は震え、答えるかのように恐ろしい咆哮を上げた。\nポリュクスにはその言葉は理解できず、理解するつもりもなかった。彼は剣を振り上げ、邪悪な気配を放つ怪物へと斬りかかった。怪物の触手は薄暗い洞窟の隅々まで広がり、光輝く長剣とぶつかり合って、甲高い音を立てた。\n\nあらゆる英雄譚の結末がそうであるように、勇敢な騎士は怪物の背に乗り、怒号とともに剣先をその胸へと突き立てた。\n怪物は力なく崩れ落ちた。安堵の息を吐きながら、ポリュクスは剣の下にゆっくりと広がっていく痕跡を、呆然と見つめた——あの醜く邪悪であるはずのその肉体から、なぜこれほど温かく、鮮やかな赤い血が流れ出るのだろうか？\n\n彼ははっとして夢から覚めた。両手にこびりつく血のような、粘つく感覚は、どうしても拭い去ることができなかった。\nふと視界の端に、カストルが大切にしていた写本が映った。それは、ベッドの裏の隙間に慎重に隠されていた。\n\n彼は何気なくその本を開いた。\nそこはちょうど、カストルが何度も読み返していた騎士の物語のページで、中央には、次のような預言が記されていた。\n「邪悪なる怪物が勇者に討たれし時、人々は天に異変を見る。太陽は闇に、月は血に染まる」\nポリュクスは眉をひそめ、くだらないとばかりにその写本を元の場所へと放り投げた。そして月明かりの下で、祈りの言葉をひそやかに唱えた。\n\n「神の僕は、汝らに祝福を与えんがためにこの地へ遣わされり。汝らの罪を洗い清め、闇より光へと立ち返らせ、すべての清らかなる正しき者らとともに浄土へ入らんことを……」\nだが、灯明者がその敬虔な従者を顧みることはなかった。悪夢がもたらした不安は、なおも心臓の奥底で震えている。それは眠りに沈んだ彼の魂が、夢の中で密かに泣いている声だった。
CollectionHall_99668_Title,bHBW,t图鉴_CollectionHall_A.csv,1364,CollectionHall,Title,,真理之门,真理の門
CollectionHall_99668_Desc,bHBV,t图鉴_CollectionHall_A.csv,1364,CollectionHall,Desc,,她的名字即是智慧的化身。\n她知晓世上的一切知识，是弥萨格所有学者向往的终极。\n只要能聆听只言片语，便能获得醍醐灌顶的开悟。\n但她说，自己只是一个守门人。\n那是一扇什么样的门？\n没有人见过那扇门，学者们便将其称为真理。\n她是真理的守门人，是守护着弥萨格的雅典娜。\n塔薇并没有否定这样的猜测，只是始终如一地注视着这里，注视着这个世界。\n无言而悲悯。\n如果你有一天看到了那扇门，你会看到门上有一只极其熟悉的眼睛。\n那目光沉静而恒久。\n穿透了时间，穿透了你的灵魂。,彼女の名前は知恵の化身。\n彼女は世のすべての知識を知り、ミサゴのすべての学者が憧れる究極の存在。\n少しでも彼女の言葉を聞けば、悟りを得ることができる。\nしかし彼女は、自分はただの門番だと言う。\nそれはどんな門なのか？\n誰もその門を見たことがないため、学者たちはそれを真理と呼ぶ。\n彼女は真理の扉番であり、ミサゴを守るアテナである。\nタヴィはその推測を否定せず、常にここを見守り、この世界を見つめている。\n無言で哀れみを持って。\nもしあなたがいつかその門を見たなら、門には非常に見覚えのある目があるだろう。\nその目は静かで永遠。\n時間を超え、あなたの魂を貫く。
CollectionHall_99666_Title,bHBS,t图鉴_CollectionHall_A.csv,1366,CollectionHall,Title,,牧羊人的手杖,羊飼いの杖
CollectionHall_99666_Desc,bHBR,t图鉴_CollectionHall_A.csv,1366,CollectionHall,Desc,,茫茫多的羊群徘徊在茫茫大的草原上。\n这世上有太多太多的羊，而羊生来就是需要牧者引领的。\n她一直是这世界的先知，手中握着知识的权杖。\n她一直是一个好牧人，始终决心将羊群引向正确的道路。\n她用那杖管教羔羊，她用那杖赶走豺狼。\n她高举着牧羊人的手杖，因她总能提前看清前路。\n曾经她引领羊群走向丰沛的水源、走向鲜嫩的草场。\n现在她目睹了世界的真相，于是引领羊群走向终极的怀抱。\n向这边走，不要回头。\n她笑着挥舞智慧的手杖。\n于是羊们看不到前方的悬崖。\n一只，两只。\n羊儿坠下，牧人欢唱。\n请跟随着无私的牧羊人吧，她已为你指明了最真切的前路。\n不必害怕，即便行过死荫的幽谷，她的杖依然与你同在。\n直到一同步入湮灭的深渊。\n,広大な草原に羊の群れがさまよっている。\nこの世にはあまりにも多くの羊がいて、羊は生まれつき牧者に導かれる必要がある。\n彼女は常にこの世界の先知であり、手に知識の杖を握っている。\n彼女は常に良き牧者であり、羊の群れを正しい道へ導く決意を持っている。\n彼女はその杖で子羊を教え、その杖で狼を追い払う。\n彼女は羊飼いの杖を高く掲げ、常に前方の道を見通すことができる。\nかつて彼女は羊たちを豊かな水源や草原へ導いた。\n今、彼女は世界の真実を目撃し、羊の群れを究極の抱擁へと導く。\nこちらへきて、振り返らないで。\n彼女は笑いながら知恵の杖を振るう。\n羊たちには前方の断崖が見えない。\n一匹、また一匹。\n羊が落ち、牧者は歌う。\nああ、この無私なる牧者に続け。彼女はあなたに最も真実の道を示してくれた。\n恐れることはない。たとえ死の陰の谷を行こうとも、彼女の杖はあなたと共にある。\n一緒に滅びの深淵へと入るまで。
Event_59193_Desc,axOA,s事件_Event_A.csv,1669,Event,Desc,,这枚入学证书一直被你压在手提箱的底部，你抚摸着仿佛镀上星辰余辉的精致边框，轻嗅着独属于纸张的淡淡墨香，弥萨格的校徽仿佛通往未来的光辉之门，吸引着你渴求的眼睛——一如那日，一如今日。,この入学証書はずっと手提げ鞄の底にしまわれたままだった。\n星の残光を纏ったかのような精緻な縁飾りを指先でなぞり、紙のほのかなインクの香りをそっと吸い込む。\n\nミサゴ大学の校章は、まるで未来へと続く輝かしい門のように、憧れに満ちたあなたの目を引きつける。\nあの日と同じように。\nそして、今日も。
Event_59529_Desc,axPk,s事件_Event_A.csv,1670,Event,Desc,,"象征繁育的标记刻印在你的证件上。
泰旖丝将祂的希望寄托于你，祂将与你在一切世界中共生。",繁殖の印があなたの証明書に刻まれる。\n\nタイスはあなたに希望を託し、すべての世界で共に生きる。
Event_59528_ChoiceDesc1,axOT,s事件_Event_A.csv,1671,Event,ChoiceDesc1,,选择一张卡牌领悟「欢愉之理」刻印。「欢愉之理」：打出后弃掉所有该唤醒体以外的卡牌，获得 5 张随机非唤醒体卡牌，每场战斗仅生效 1 次。,カードを選択して「歓喜の理」を刻印する。「歓喜の理」：使用後、この覚醒体以外のカードを捨て、ランダムな非覚醒体のカードを5枚獲得。戦闘ごとに1回のみ発動。
Event_59527_ChoiceDesc1,axOH,s事件_Event_A.csv,1672,Event,ChoiceDesc1,,选择一张卡牌领悟「智识之理」刻印。「智识之理」：打出后抽 2 张牌，它们算力消耗降低刻印卡牌实际消耗算力，每场战斗仅生效 1 次。,カードを選択し「知識の理」を刻印する。\n「知識の理」：使用後、カードを2枚引き、それらの行動力消費を刻印カードの行動力と同じだけ減少する。各戦闘で1回のみ発動。
Event_74068_Name,aAXZ,s事件_Event_A.csv,1691,Event,Name,,尚未流失的意识,いまだ失われぬ意識
Event_74068_Desc,aAXY,s事件_Event_A.csv,1691,Event,Desc,,浮雕繁复的圆拱门内，红砖外墙的斜顶上、墙壁豁口的排屋前，拉长的影子跃动着，渴求着问题的答案。\n平庸就意味着死亡吗？\n安于现状就注定薪尽火灭吗？,複雑な浮彫りが施されたアーチの中、赤煉瓦の外壁の斜め屋根の上、壁の崩れかけた長屋の前で、長く延びた影が羽動き、問いへの答えを渇望している。\n\n平凡はすなわち死を意味するのか？\n\n現状に満足することは、火が尽きる運命にあるのか？
Event_74068_ChoiceDesc1,aAXT,s事件_Event_A.csv,1691,Event,ChoiceDesc1,,【纳入脑缸】将「备用脑缸」洗入抽牌堆。,【脳缶収容】「予備の脳缶」を山札のランダムな位置に追加する
LanguageConfig_Monster_B0009_SideDia9_CN,aGSl,d多语言_LanguageConfig_C.csv,2811,LanguageConfig,CN,,融蚀雾盾已被破除！旅途的追忆重新回到了你的抽牌堆，这使你充满了决心…,融蝕の霧の盾は破られた！\n旅の追憶が再び山札に戻り、あなたは決意で満たされる………
LanguageConfig_Monster_FL01_CN,aGTU,d多语言_LanguageConfig_C.csv,2813,LanguageConfig,CN,,迟缓效果让你难以打出卡牌！多多释放狂气爆发来战胜悲泣之化身！,「遅延」効果でカードが出しづらくなる！狂気解放を多く発動して、悲泣の化身に打ち勝とう！
LanguageConfig_Monster_FL02_CN,aGTV,d多语言_LanguageConfig_C.csv,2814,LanguageConfig,CN,,蜡像馆的灵魂渴望你的狂气…回转更多的指令卡来战胜恐惧之化身！,蝋人形館の魂はあなたの狂気を渇望している……\nより多くの指令カードを駆使して、恐怖の化身に打ち勝とう！
LanguageConfig_Monster_FL03_CN,aGTW,d多语言_LanguageConfig_C.csv,2815,LanguageConfig,CN,,特定卡牌会被逐渐溶解……把握你无法放弃的…从而战胜刺骨之化身……,カードが徐々に溶けていく……\n手放しがたいものを握りしめ……凍える化身をに打ち勝とう……
LanguageConfig_Monster_FL04_CN,aGTX,d多语言_LanguageConfig_C.csv,2816,LanguageConfig,CN,,锁链与维度壁障是梭行维度之犬的拿手好戏……每回合尝试打出伤害即可战胜诡谲之化身……,鎖と次元障壁は、次元を巡る犬の得意技……\n毎ターン、ダメージを与えて奇妙な化身を倒そう
LanguageConfig_Monster_FL05_CN,aGTY,d多语言_LanguageConfig_C.csv,2817,LanguageConfig,CN,,通常的攻击手段似乎不太起作用…尝试换个思路来击破邪信之化身……,通常の攻撃手段はあまり効果がないようだ…\n別の方法で邪信の化身を打破してみよう……
LanguageConfig_Monster_FL06_CN,aGTZ,d多语言_LanguageConfig_C.csv,2818,LanguageConfig,CN,,敌人会让你陷入疯狂…银钥或许能让你找回一部分理智…战胜疯狂之化身吧。,敵があなたを狂気に陥れる…シルバーキーが理性を取り戻す助けになるかもしれない……狂気の化身に打ち勝とう。
LanguageConfig_Monster_FL07_CN,aGUa,d多语言_LanguageConfig_C.csv,2819,LanguageConfig,CN,,敌人的再生能力极强且能够清除各种状态！尝试一举击破诞临之化身！,敵の再生能力は非常に高く、あらゆる状態異常を解除する。\n誕生の化身は一気に倒そう！
LanguageConfig_Monster_FL15_CN,aGUi,d多语言_LanguageConfig_C.csv,2829,LanguageConfig,CN,,@1go-@4 8的融蚀雾盾已被破除，承受的伤害大幅提高，趁此一举击溃祂……！,@1go-@4 8の融蝕の霧の盾が破られ、ダメージが通る！\nこの機に乗じてかの神を打ち破れ……！
LanguageConfig_CollectionHall_Progress_Trinket_CN,bNrl,d多语言_LanguageConfig_C.csv,3381,LanguageConfig,CN,,密契收集,密契収集
LanguageConfig_CollectionHall_Progress_Weapon_CN,bNrm,d多语言_LanguageConfig_C.csv,3382,LanguageConfig,CN,,命轮收集,命輪収集
Item_132702_Name,bRVz,d道具_Item_A.csv,23,Item,Name,,基础活性离子,基礎活性イオン
Item_132702_Desc,bRVy,d道具_Item_A.csv,23,Item,Desc,,由精神力量与银芯反应而形成的活性离子，是你为铭记而战的证明。,精神力とシルバーコアが反応して形成された活性イオン。これは、あなたが記憶を守るために戦った証。
Item_132701_Name,bRVx,d道具_Item_A.csv,24,Item,Name,,精粹活性离子,純粋活性イオン
Item_132701_Desc,bRVw,d道具_Item_A.csv,24,Item,Desc,,由精神力量与银芯反应而形成的高纯度活性离子，是你为铭记而战的证明。,精神力とシルバーコアが反応して形成された活性イオン。これは、あなたが記憶を守るために戦った証。
Item_56486_Desc,aEfv,d道具_Item_A.csv,147,Item,Desc,,指针轮转不歇，与无回者一同向前。\n在抵达终焉之刻，所有门扉将为你开启，所有乐章将为你奏响。\n穷极之门前精密的指针，用于在「回声」交换物资。,針は止まらず回り続け、帰らぬ者と共に進む。\n終焉の時に至れば、すべての扉があなたに開かれ、すべての楽章が奏でられる。\n窮地の門の精密な針。「遥かな残響」で物資と交換可能。
Item_56483_Desc,aEfj,d道具_Item_A.csv,152,Item,Desc,,代表着时代前沿技术的精密齿轮，可以代谢掉人偶老旧的部分。\n朵尔用于维修躯体的齿轮零件。用于在商店交换所需物资。,時代の最先端技術を象徴する精密な歯車で、人形の古い部分を交換できる。\nドールの修理に使う歯車パーツ。商店で必要な物資と交換可能。
Item_54105_Name,aDSZ,d道具_Item_A.csv,359,Item,Name,,隐世的转轮,隠世の輪廻
Item_77889_Name,aFGZ,d道具_Item_A.csv,406,Item,Name,,扭曲的骑士诗,歪んだ騎士の詩
Item_56642_Name,aEgN,d道具_Item_A.csv,457,Item,Name,,真理之门,真理の門
Item_56637_StoryDesc,aEgu,d道具_Item_A.csv,459,Item,StoryDesc,,茫茫多的羊群徘徊在茫茫大的草原上。\n这世上有太多太多的羊，而羊生来就是需要牧者引领的。\n她一直是这世界的先知，手中握着知识的权杖。\n她一直是一个好牧人，始终决心将羊群引向正确的道路。\n她用那杖管教羔羊，她用那杖赶走豺狼。\n她高举着牧羊人的手杖，因她总能提前看清前路。\n曾经她引领羊群走向丰沛的水源、走向鲜嫩的草场。\n现在她目睹了世界的真相，于是引领羊群走向终极的怀抱。\n向这边走，不要回头。\n她笑着挥舞智慧的手杖。\n于是羊们看不到前方的悬崖。\n一只，两只。\n羊儿坠下，牧人欢唱。\n请跟随着无私的牧羊人吧，她已为你指明了最真切的前路。\n不必害怕，即便行过死荫的幽谷，她的杖依然与你同在。\n直到一同步入湮灭的深渊。\n,広大な草原に羊の群れがさまよっている。\nこの世にはあまりにも多くの羊がいて、羊は生まれつき牧者に導かれる必要がある。\n彼女は常にこの世界の先知であり、手に知識の杖を握っている。\n彼女は常に良き牧者であり、羊の群れを正しい道へ導く決意を持っている。\n彼女はその杖で子羊を教え、その杖で狼を追い払う。\n彼女は羊飼いの杖を高く掲げ、常に前方の道を見通すことができる。\nかつて彼女は羊たちを豊かな水源や草原へ導いた。\n今、彼女は世界の真実を目撃し、羊の群れを究極の抱擁へと導く。\nこちらへきて、振り返らないで。\n彼女は笑いながら知恵の杖を振るう。\n羊たちには前方の断崖が見えない。\n一匹、また一匹。\n羊が落ち、牧者は歌う。\nああ、この無私なる牧者に続け。彼女はあなたに最も真実の道を示してくれた。\n恐れることはない。たとえ死の陰の谷を行こうとも、彼女の杖はあなたと共にある。\n一緒に滅びの深淵へと入るまで。
Item_56494_Desc,aEgb,d道具_Item_A.csv,538,Item,Desc,,散逸在穷极之扉内部的情绪粒子，触碰时仿佛听见每一个维度与时空的絮语。\n用于提升守密人在调查事件「长梦尽时」中的共鸣。,究極の扉内部に漂う感情の粒子、触れると各次元と時空のささやきが聞こえるようだ。\n事件「長き夢の終わり」の調査で守秘者の共鳴を高める。
Item_74200_Desc,aFzD,d道具_Item_A.csv,539,Item,Desc,,散逸在灰烬雾都的情绪粒子，触碰时仿佛能听到谁绝望无助的咆哮。\n用于提升守密人在调查事件「重临雾都」中的共鸣。,灰の霧都に漂う感情の粒子、触れると誰かの絶望的で無力な咆哮が聞こえるようだ。\n事件「霧の都への再訪」の調査で守秘者の共鳴を高めるのに使う。
Item_80192_Desc,bsuR,d道具_Item_A.csv,540,Item,Desc,,逸散在心灵疗养院中的情绪粒子，碰触时仿佛能听到谁濒临崩溃的呢喃。\n用于提升守密人在调查事件「蜕变」中的共鸣。,心の療養所に漂う感情の粒子、触れると誰かの崩壊寸前のささやきが聞こえるようだ。\n事件「変身」の調査で守秘者の共鳴を高めるのに使う。
Item_66777_Desc,aESX,d道具_Item_A.csv,2727,Item,Desc,,指针轮转不歇，与无回者一同向前。\n在抵达终焉之刻，所有门扉将为你开启，所有乐章将为你奏响。\n穷极之门前精密的指针，用于在「回声」交换物资。\n\n至少掉落480个,針は止まらず回り続け、帰らぬ者と共に進む。\n終焉の時に至れば、すべての扉があなたに開かれ、すべての楽章が奏でられる。\n窮地の門の精密な針。「遥かな残響」で物資と交換可能。\n\n最低600個ドロップ
Item_66796_Desc,aEUv,d道具_Item_A.csv,2728,Item,Desc,,指针轮转不歇，与无回者一同向前。\n在抵达终焉之刻，所有门扉将为你开启，所有乐章将为你奏响。\n穷极之门前精密的指针，用于在「回声」交换物资。\n\n至少掉落528个,針は止まらず回り続け、帰らぬ者と共に進む。\n終焉の時に至れば、すべての扉があなたに開かれ、すべての楽章が奏でられる。\n窮地の門の精密な針。「遥かな残響」で物資と交換可能。\n\n最低660個ドロップ
Item_66797_Desc,aEUz,d道具_Item_A.csv,2729,Item,Desc,,指针轮转不歇，与无回者一同向前。\n在抵达终焉之刻，所有门扉将为你开启，所有乐章将为你奏响。\n穷极之门前精密的指针，用于在「回声」交换物资。\n\n至少掉落576个,針は止まらず回り続け、帰らぬ者と共に進む。\n終焉の時に至れば、すべての扉があなたに開かれ、すべての楽章が奏でられる。\n窮地の門の精密な針。「遥かな残響」で物資と交換可能。\n\n最低720個ドロップ
Item_66773_Desc,aESH,d道具_Item_A.csv,2730,Item,Desc,,指针轮转不歇，与无回者一同向前。\n在抵达终焉之刻，所有门扉将为你开启，所有乐章将为你奏响。\n穷极之门前精密的指针，用于在「回声」交换物资。\n\n至少掉落624个,針は止まらず回り続け、帰らぬ者と共に進む。\n終焉の時に至れば、すべての扉があなたに開かれ、すべての楽章が奏でられる。\n窮地の門の精密な針。「遥かな残響」で物資と交換可能。\n\n最低780個ドロップ
Item_66775_Desc,aESP,d道具_Item_A.csv,2731,Item,Desc,,指针轮转不歇，与无回者一同向前。\n在抵达终焉之刻，所有门扉将为你开启，所有乐章将为你奏响。\n穷极之门前精密的指针，用于在「回声」交换物资。\n\n至少掉落672个,針は止まらず回り続け、帰らぬ者と共に進む。\n終焉の時に至れば、すべての扉があなたに開かれ、すべての楽章が奏でられる。\n窮地の門の精密な針。「遥かな残響」で物資と交換可能。\n\n最低840個ドロップ
Item_66800_Desc,aEUL,d道具_Item_A.csv,2732,Item,Desc,,指针轮转不歇，与无回者一同向前。\n在抵达终焉之刻，所有门扉将为你开启，所有乐章将为你奏响。\n穷极之门前精密的指针，用于在「回声」交换物资。\n\n至少掉落720个,針は止まらず回り続け、帰らぬ者と共に進む。\n終焉の時に至れば、すべての扉があなたに開かれ、すべての楽章が奏でられる。\n窮地の門の精密な針。「遥かな残響」で物資と交換可能。\n\n最低900個ドロップ
Item_66795_Desc,aEUr,d道具_Item_A.csv,2733,Item,Desc,,指针轮转不歇，与无回者一同向前。\n在抵达终焉之刻，所有门扉将为你开启，所有乐章将为你奏响。\n穷极之门前精密的指针，用于在「回声」交换物资。\n\n至少掉落600个,針は止まらず回り続け、帰らぬ者と共に進む。\n終焉の時に至れば、すべての扉があなたに開かれ、すべての楽章が奏でられる。\n窮地の門の精密な針。「遥かな残響」で物資と交換可能。\n\n最低660個ドロップ
Item_66802_Desc,aEUT,d道具_Item_A.csv,2734,Item,Desc,,指针轮转不歇，与无回者一同向前。\n在抵达终焉之刻，所有门扉将为你开启，所有乐章将为你奏响。\n穷极之门前精密的指针，用于在「回声」交换物资。\n\n至少掉落660个,針は止まらず回り続け、帰らぬ者と共に進む。\n終焉の時に至れば、すべての扉があなたに開かれ、すべての楽章が奏でられる。\n窮地の門の精密な針。「遥かな残響」で物資と交換可能。\n\n最低726個ドロップ
Item_66788_Desc,aETP,d道具_Item_A.csv,2735,Item,Desc,,指针轮转不歇，与无回者一同向前。\n在抵达终焉之刻，所有门扉将为你开启，所有乐章将为你奏响。\n穷极之门前精密的指针，用于在「回声」交换物资。\n\n至少掉落720个,針は止まらず回り続け、帰らぬ者と共に進む。\n終焉の時に至れば、すべての扉があなたに開かれ、すべての楽章が奏でられる。\n窮地の門の精密な針。「遥かな残響」で物資と交換可能。\n\n最低792個ドロップ
Item_66814_Desc,aEVP,d道具_Item_A.csv,2736,Item,Desc,,指针轮转不歇，与无回者一同向前。\n在抵达终焉之刻，所有门扉将为你开启，所有乐章将为你奏响。\n穷极之门前精密的指针，用于在「回声」交换物资。\n\n至少掉落780个,針は止まらず回り続け、帰らぬ者と共に進む。\n終焉の時に至れば、すべての扉があなたに開かれ、すべての楽章が奏でられる。\n窮地の門の精密な針。「遥かな残響」で物資と交換可能。\n\n最低858個ドロップ
Item_66779_Desc,aETf,d道具_Item_A.csv,2737,Item,Desc,,指针轮转不歇，与无回者一同向前。\n在抵达终焉之刻，所有门扉将为你开启，所有乐章将为你奏响。\n穷极之门前精密的指针，用于在「回声」交换物资。\n\n至少掉落840个,針は止まらず回り続け、帰らぬ者と共に進む。\n終焉の時に至れば、すべての扉があなたに開かれ、すべての楽章が奏でられる。\n窮地の門の精密な針。「遥かな残響」で物資と交換可能。\n\n最低924個ドロップ
Item_66809_Desc,aEVv,d道具_Item_A.csv,2738,Item,Desc,,指针轮转不歇，与无回者一同向前。\n在抵达终焉之刻，所有门扉将为你开启，所有乐章将为你奏响。\n穷极之门前精密的指针，用于在「回声」交换物资。\n\n至少掉落900个,針は止まらず回り続け、帰らぬ者と共に進む。\n終焉の時に至れば、すべての扉があなたに開かれ、すべての楽章が奏でられる。\n窮地の門の精密な針。「遥かな残響」で物資と交換可能。\n\n最低990個ドロップ
Item_66799_Desc,aEUH,d道具_Item_A.csv,2739,Item,Desc,,指针轮转不歇，与无回者一同向前。\n在抵达终焉之刻，所有门扉将为你开启，所有乐章将为你奏响。\n穷极之门前精密的指针，用于在「回声」交换物资。\n\n至少掉落600个,針は止まらず回り続け、帰らぬ者と共に進む。\n終焉の時に至れば、すべての扉があなたに開かれ、すべての楽章が奏でられる。\n窮地の門の精密な針。「遥かな残響」で物資と交換可能。\n\n最低660個ドロップ
Item_66810_Desc,aEVz,d道具_Item_A.csv,2740,Item,Desc,,指针轮转不歇，与无回者一同向前。\n在抵达终焉之刻，所有门扉将为你开启，所有乐章将为你奏响。\n穷极之门前精密的指针，用于在「回声」交换物资。\n\n至少掉落660个,針は止まらず回り続け、帰らぬ者と共に進む。\n終焉の時に至れば、すべての扉があなたに開かれ、すべての楽章が奏でられる。\n窮地の門の精密な針。「遥かな残響」で物資と交換可能。\n\n最低726個ドロップ
Item_66812_Desc,aEVH,d道具_Item_A.csv,2741,Item,Desc,,指针轮转不歇，与无回者一同向前。\n在抵达终焉之刻，所有门扉将为你开启，所有乐章将为你奏响。\n穷极之门前精密的指针，用于在「回声」交换物资。\n\n至少掉落720个,針は止まらず回り続け、帰らぬ者と共に進む。\n終焉の時に至れば、すべての扉があなたに開かれ、すべての楽章が奏でられる。\n窮地の門の精密な針。「遥かな残響」で物資と交換可能。\n\n最低792個ドロップ
Item_66768_Desc,aESn,d道具_Item_A.csv,2742,Item,Desc,,指针轮转不歇，与无回者一同向前。\n在抵达终焉之刻，所有门扉将为你开启，所有乐章将为你奏响。\n穷极之门前精密的指针，用于在「回声」交换物资。\n\n至少掉落780个,針は止まらず回り続け、帰らぬ者と共に進む。\n終焉の時に至れば、すべての扉があなたに開かれ、すべての楽章が奏でられる。\n窮地の門の精密な針。「遥かな残響」で物資と交換可能。\n\n最低858個ドロップ
Item_66770_Desc,aESv,d道具_Item_A.csv,2743,Item,Desc,,指针轮转不歇，与无回者一同向前。\n在抵达终焉之刻，所有门扉将为你开启，所有乐章将为你奏响。\n穷极之门前精密的指针，用于在「回声」交换物资。\n\n至少掉落840个,針は止まらず回り続け、帰らぬ者と共に進む。\n終焉の時に至れば、すべての扉があなたに開かれ、すべての楽章が奏でられる。\n窮地の門の精密な針。「遥かな残響」で物資と交換可能。\n\n最低924個ドロップ
Item_66792_Desc,aEUf,d道具_Item_A.csv,2744,Item,Desc,,指针轮转不歇，与无回者一同向前。\n在抵达终焉之刻，所有门扉将为你开启，所有乐章将为你奏响。\n穷极之门前精密的指针，用于在「回声」交换物资。\n\n至少掉落900个,針は止まらず回り続け、帰らぬ者と共に進む。\n終焉の時に至れば、すべての扉があなたに開かれ、すべての楽章が奏でられる。\n窮地の門の精密な針。「遥かな残響」で物資と交換可能。\n\n最低990個ドロップ
Item_66765_Desc,aESb,d道具_Item_A.csv,2745,Item,Desc,,指针轮转不歇，与无回者一同向前。\n在抵达终焉之刻，所有门扉将为你开启，所有乐章将为你奏响。\n穷极之门前精密的指针，用于在「回声」交换物资。\n\n至少掉落600个,針は止まらず回り続け、帰らぬ者と共に進む。\n終焉の時に至れば、すべての扉があなたに開かれ、すべての楽章が奏でられる。\n窮地の門の精密な針。「遥かな残響」で物資と交換可能。\n\n最低660個ドロップ
Item_66783_Desc,aETv,d道具_Item_A.csv,2746,Item,Desc,,指针轮转不歇，与无回者一同向前。\n在抵达终焉之刻，所有门扉将为你开启，所有乐章将为你奏响。\n穷极之门前精密的指针，用于在「回声」交换物资。\n\n至少掉落660个,針は止まらず回り続け、帰らぬ者と共に進む。\n終焉の時に至れば、すべての扉があなたに開かれ、すべての楽章が奏でられる。\n窮地の門の精密な針。「遥かな残響」で物資と交換可能。\n\n最低726個ドロップ
Item_66811_Desc,aEVD,d道具_Item_A.csv,2747,Item,Desc,,指针轮转不歇，与无回者一同向前。\n在抵达终焉之刻，所有门扉将为你开启，所有乐章将为你奏响。\n穷极之门前精密的指针，用于在「回声」交换物资。\n\n至少掉落720个,針は止まらず回り続け、帰らぬ者と共に進む。\n終焉の時に至れば、すべての扉があなたに開かれ、すべての楽章が奏でられる。\n窮地の門の精密な針。「遥かな残響」で物資と交換可能。\n\n最低792個ドロップ
Item_66807_Desc,aEVn,d道具_Item_A.csv,2748,Item,Desc,,指针轮转不歇，与无回者一同向前。\n在抵达终焉之刻，所有门扉将为你开启，所有乐章将为你奏响。\n穷极之门前精密的指针，用于在「回声」交换物资。\n\n至少掉落780个,針は止まらず回り続け、帰らぬ者と共に進む。\n終焉の時に至れば、すべての扉があなたに開かれ、すべての楽章が奏でられる。\n窮地の門の精密な針。「遥かな残響」で物資と交換可能。\n\n最低858個ドロップ
Item_66804_Desc,aEVb,d道具_Item_A.csv,2749,Item,Desc,,指针轮转不歇，与无回者一同向前。\n在抵达终焉之刻，所有门扉将为你开启，所有乐章将为你奏响。\n穷极之门前精密的指针，用于在「回声」交换物资。\n\n至少掉落840个,針は止まらず回り続け、帰らぬ者と共に進む。\n終焉の時に至れば、すべての扉があなたに開かれ、すべての楽章が奏でられる。\n窮地の門の精密な針。「遥かな残響」で物資と交換可能。\n\n最低924個ドロップ
Item_66776_Desc,aEST,d道具_Item_A.csv,2750,Item,Desc,,指针轮转不歇，与无回者一同向前。\n在抵达终焉之刻，所有门扉将为你开启，所有乐章将为你奏响。\n穷极之门前精密的指针，用于在「回声」交换物资。\n\n至少掉落900个,針は止まらず回り続け、帰らぬ者と共に進む。\n終焉の時に至れば、すべての扉があなたに開かれ、すべての楽章が奏でられる。\n窮地の門の精密な針。「遥かな残響」で物資と交換可能。\n\n最低990個ドロップ
Item_66780_Desc,aETj,d道具_Item_A.csv,2751,Item,Desc,,指针轮转不歇，与无回者一同向前。\n在抵达终焉之刻，所有门扉将为你开启，所有乐章将为你奏响。\n穷极之门前精密的指针，用于在「回声」交换物资。\n\n至少掉落600个,針は止まらず回り続け、帰らぬ者と共に進む。\n終焉の時に至れば、すべての扉があなたに開かれ、すべての楽章が奏でられる。\n窮地の門の精密な針。「遥かな残響」で物資と交換可能。\n\n最低660個ドロップ
Item_66767_Desc,aESj,d道具_Item_A.csv,2752,Item,Desc,,指针轮转不歇，与无回者一同向前。\n在抵达终焉之刻，所有门扉将为你开启，所有乐章将为你奏响。\n穷极之门前精密的指针，用于在「回声」交换物资。\n\n至少掉落660个,針は止まらず回り続け、帰らぬ者と共に進む。\n終焉の時に至れば、すべての扉があなたに開かれ、すべての楽章が奏でられる。\n窮地の門の精密な針。「遥かな残響」で物資と交換可能。\n\n最低726個ドロップ
Item_66769_Desc,aESr,d道具_Item_A.csv,2753,Item,Desc,,指针轮转不歇，与无回者一同向前。\n在抵达终焉之刻，所有门扉将为你开启，所有乐章将为你奏响。\n穷极之门前精密的指针，用于在「回声」交换物资。\n\n至少掉落720个,針は止まらず回り続け、帰らぬ者と共に進む。\n終焉の時に至れば、すべての扉があなたに開かれ、すべての楽章が奏でられる。\n窮地の門の精密な針。「遥かな残響」で物資と交換可能。\n\n最低792個ドロップ
Item_66787_Desc,aETL,d道具_Item_A.csv,2754,Item,Desc,,指针轮转不歇，与无回者一同向前。\n在抵达终焉之刻，所有门扉将为你开启，所有乐章将为你奏响。\n穷极之门前精密的指针，用于在「回声」交换物资。\n\n至少掉落780个,針は止まらず回り続け、帰らぬ者と共に進む。\n終焉の時に至れば、すべての扉があなたに開かれ、すべての楽章が奏でられる。\n窮地の門の精密な針。「遥かな残響」で物資と交換可能。\n\n最低858個ドロップ
Item_66794_Desc,aEUn,d道具_Item_A.csv,2755,Item,Desc,,指针轮转不歇，与无回者一同向前。\n在抵达终焉之刻，所有门扉将为你开启，所有乐章将为你奏响。\n穷极之门前精密的指针，用于在「回声」交换物资。\n\n至少掉落840个,針は止まらず回り続け、帰らぬ者と共に進む。\n終焉の時に至れば、すべての扉があなたに開かれ、すべての楽章が奏でられる。\n窮地の門の精密な針。「遥かな残響」で物資と交換可能。\n\n最低924個ドロップ
Item_66815_Desc,aEVT,d道具_Item_A.csv,2756,Item,Desc,,指针轮转不歇，与无回者一同向前。\n在抵达终焉之刻，所有门扉将为你开启，所有乐章将为你奏响。\n穷极之门前精密的指针，用于在「回声」交换物资。\n\n至少掉落900个,針は止まらず回り続け、帰らぬ者と共に進む。\n終焉の時に至れば、すべての扉があなたに開かれ、すべての楽章が奏でられる。\n窮地の門の精密な針。「遥かな残響」で物資と交換可能。\n\n最低990個ドロップ
Item_66772_Desc,aESD,d道具_Item_A.csv,2757,Item,Desc,,指针轮转不歇，与无回者一同向前。\n在抵达终焉之刻，所有门扉将为你开启，所有乐章将为你奏响。\n穷极之门前精密的指针，用于在「回声」交换物资。\n\n至少掉落720个,針は止まらず回り続け、帰らぬ者と共に進む。\n終焉の時に至れば、すべての扉があなたに開かれ、すべての楽章が奏でられる。\n窮地の門の精密な針。「遥かな残響」で物資と交換可能。\n\n最低720個ドロップ
Item_66801_Desc,aEUP,d道具_Item_A.csv,2758,Item,Desc,,指针轮转不歇，与无回者一同向前。\n在抵达终焉之刻，所有门扉将为你开启，所有乐章将为你奏响。\n穷极之门前精密的指针，用于在「回声」交换物资。\n\n至少掉落792个,針は止まらず回り続け、帰らぬ者と共に進む。\n終焉の時に至れば、すべての扉があなたに開かれ、すべての楽章が奏でられる。\n窮地の門の精密な針。「遥かな残響」で物資と交換可能。\n\n最低792個ドロップ
Item_66798_Desc,aEUD,d道具_Item_A.csv,2759,Item,Desc,,指针轮转不歇，与无回者一同向前。\n在抵达终焉之刻，所有门扉将为你开启，所有乐章将为你奏响。\n穷极之门前精密的指针，用于在「回声」交换物资。\n\n至少掉落864个,針は止まらず回り続け、帰らぬ者と共に進む。\n終焉の時に至れば、すべての扉があなたに開かれ、すべての楽章が奏でられる。\n窮地の門の精密な針。「遥かな残響」で物資と交換可能。\n\n最低864個ドロップ
Item_66766_Desc,aESf,d道具_Item_A.csv,2760,Item,Desc,,指针轮转不歇，与无回者一同向前。\n在抵达终焉之刻，所有门扉将为你开启，所有乐章将为你奏响。\n穷极之门前精密的指针，用于在「回声」交换物资。\n\n至少掉落936个,針は止まらず回り続け、帰らぬ者と共に進む。\n終焉の時に至れば、すべての扉があなたに開かれ、すべての楽章が奏でられる。\n窮地の門の精密な針。「遥かな残響」で物資と交換可能。\n\n最低936個ドロップ
Item_66763_Desc,aERT,d道具_Item_A.csv,2761,Item,Desc,,指针轮转不歇，与无回者一同向前。\n在抵达终焉之刻，所有门扉将为你开启，所有乐章将为你奏响。\n穷极之门前精密的指针，用于在「回声」交换物资。\n\n至少掉落1008个,針は止まらず回り続け、帰らぬ者と共に進む。\n終焉の時に至れば、すべての扉があなたに開かれ、すべての楽章が奏でられる。\n窮地の門の精密な針。「遥かな残響」で物資と交換可能。\n\n最低1008個ドロップ
Item_66764_Desc,aERX,d道具_Item_A.csv,2762,Item,Desc,,指针轮转不歇，与无回者一同向前。\n在抵达终焉之刻，所有门扉将为你开启，所有乐章将为你奏响。\n穷极之门前精密的指针，用于在「回声」交换物资。\n\n至少掉落1080个,針は止まらず回り続け、帰らぬ者と共に進む。\n終焉の時に至れば、すべての扉があなたに開かれ、すべての楽章が奏でられる。\n窮地の門の精密な針。「遥かな残響」で物資と交換可能。\n\n最低1080個ドロップ
Item_66785_Desc,aETD,d道具_Item_A.csv,2763,Item,Desc,,指针轮转不歇，与无回者一同向前。\n在抵达终焉之刻，所有门扉将为你开启，所有乐章将为你奏响。\n穷极之门前精密的指针，用于在「回声」交换物资。\n\n至少掉落720个,針は止まらず回り続け、帰らぬ者と共に進む。\n終焉の時に至れば、すべての扉があなたに開かれ、すべての楽章が奏でられる。\n窮地の門の精密な針。「遥かな残響」で物資と交換可能。\n\n最低720個ドロップ
Item_66803_Desc,aEUX,d道具_Item_A.csv,2764,Item,Desc,,指针轮转不歇，与无回者一同向前。\n在抵达终焉之刻，所有门扉将为你开启，所有乐章将为你奏响。\n穷极之门前精密的指针，用于在「回声」交换物资。\n\n至少掉落792个,針は止まらず回り続け、帰らぬ者と共に進む。\n終焉の時に至れば、すべての扉があなたに開かれ、すべての楽章が奏でられる。\n窮地の門の精密な針。「遥かな残響」で物資と交換可能。\n\n最低792個ドロップ
Item_66789_Desc,aETT,d道具_Item_A.csv,2765,Item,Desc,,指针轮转不歇，与无回者一同向前。\n在抵达终焉之刻，所有门扉将为你开启，所有乐章将为你奏响。\n穷极之门前精密的指针，用于在「回声」交换物资。\n\n至少掉落864个,針は止まらず回り続け、帰らぬ者と共に進む。\n終焉の時に至れば、すべての扉があなたに開かれ、すべての楽章が奏でられる。\n窮地の門の精密な針。「遥かな残響」で物資と交換可能。\n\n最低864個ドロップ
Item_66813_Desc,aEVL,d道具_Item_A.csv,2766,Item,Desc,,指针轮转不歇，与无回者一同向前。\n在抵达终焉之刻，所有门扉将为你开启，所有乐章将为你奏响。\n穷极之门前精密的指针，用于在「回声」交换物资。\n\n至少掉落936个,針は止まらず回り続け、帰らぬ者と共に進む。\n終焉の時に至れば、すべての扉があなたに開かれ、すべての楽章が奏でられる。\n窮地の門の精密な針。「遥かな残響」で物資と交換可能。\n\n最低936個ドロップ
Item_66816_Desc,aEVX,d道具_Item_A.csv,2767,Item,Desc,,指针轮转不歇，与无回者一同向前。\n在抵达终焉之刻，所有门扉将为你开启，所有乐章将为你奏响。\n穷极之门前精密的指针，用于在「回声」交换物资。\n\n至少掉落1008个,針は止まらず回り続け、帰らぬ者と共に進む。\n終焉の時に至れば、すべての扉があなたに開かれ、すべての楽章が奏でられる。\n窮地の門の精密な針。「遥かな残響」で物資と交換可能。\n\n最低1008個ドロップ
Item_66771_Desc,aESz,d道具_Item_A.csv,2768,Item,Desc,,指针轮转不歇，与无回者一同向前。\n在抵达终焉之刻，所有门扉将为你开启，所有乐章将为你奏响。\n穷极之门前精密的指针，用于在「回声」交换物资。\n\n至少掉落1080个,針は止まらず回り続け、帰らぬ者と共に進む。\n終焉の時に至れば、すべての扉があなたに開かれ、すべての楽章が奏でられる。\n窮地の門の精密な針。「遥かな残響」で物資と交換可能。\n\n最低1080個ドロップ
Item_66784_Desc,aETz,d道具_Item_A.csv,2769,Item,Desc,,指针轮转不歇，与无回者一同向前。\n在抵达终焉之刻，所有门扉将为你开启，所有乐章将为你奏响。\n穷极之门前精密的指针，用于在「回声」交换物资。\n\n至少掉落720个,針は止まらず回り続け、帰らぬ者と共に進む。\n終焉の時に至れば、すべての扉があなたに開かれ、すべての楽章が奏でられる。\n窮地の門の精密な針。「遥かな残響」で物資と交換可能。\n\n最低720個ドロップ
Item_66808_Desc,aEVr,d道具_Item_A.csv,2770,Item,Desc,,指针轮转不歇，与无回者一同向前。\n在抵达终焉之刻，所有门扉将为你开启，所有乐章将为你奏响。\n穷极之门前精密的指针，用于在「回声」交换物资。\n\n至少掉落792个,針は止まらず回り続け、帰らぬ者と共に進む。\n終焉の時に至れば、すべての扉があなたに開かれ、すべての楽章が奏でられる。\n窮地の門の精密な針。「遥かな残響」で物資と交換可能。\n\n最低792個ドロップ
Item_66805_Desc,aEVf,d道具_Item_A.csv,2771,Item,Desc,,指针轮转不歇，与无回者一同向前。\n在抵达终焉之刻，所有门扉将为你开启，所有乐章将为你奏响。\n穷极之门前精密的指针，用于在「回声」交换物资。\n\n至少掉落864个,針は止まらず回り続け、帰らぬ者と共に進む。\n終焉の時に至れば、すべての扉があなたに開かれ、すべての楽章が奏でられる。\n窮地の門の精密な針。「遥かな残響」で物資と交換可能。\n\n最低864個ドロップ
Item_66782_Desc,aETr,d道具_Item_A.csv,2772,Item,Desc,,指针轮转不歇，与无回者一同向前。\n在抵达终焉之刻，所有门扉将为你开启，所有乐章将为你奏响。\n穷极之门前精密的指针，用于在「回声」交换物资。\n\n至少掉落936个,針は止まらず回り続け、帰らぬ者と共に進む。\n終焉の時に至れば、すべての扉があなたに開かれ、すべての楽章が奏でられる。\n窮地の門の精密な針。「遥かな残響」で物資と交換可能。\n\n最低936個ドロップ
Item_66778_Desc,aETb,d道具_Item_A.csv,2773,Item,Desc,,指针轮转不歇，与无回者一同向前。\n在抵达终焉之刻，所有门扉将为你开启，所有乐章将为你奏响。\n穷极之门前精密的指针，用于在「回声」交换物资。\n\n至少掉落1008个,針は止まらず回り続け、帰らぬ者と共に進む。\n終焉の時に至れば、すべての扉があなたに開かれ、すべての楽章が奏でられる。\n窮地の門の精密な針。「遥かな残響」で物資と交換可能。\n\n最低1008個ドロップ
Item_66786_Desc,aETH,d道具_Item_A.csv,2774,Item,Desc,,指针轮转不歇，与无回者一同向前。\n在抵达终焉之刻，所有门扉将为你开启，所有乐章将为你奏响。\n穷极之门前精密的指针，用于在「回声」交换物资。\n\n至少掉落1080个,針は止まらず回り続け、帰らぬ者と共に進む。\n終焉の時に至れば、すべての扉があなたに開かれ、すべての楽章が奏でられる。\n窮地の門の精密な針。「遥かな残響」で物資と交換可能。\n\n最低1080個ドロップ
Item_66806_Desc,aEVj,d道具_Item_A.csv,2775,Item,Desc,,指针轮转不歇，与无回者一同向前。\n在抵达终焉之刻，所有门扉将为你开启，所有乐章将为你奏响。\n穷极之门前精密的指针，用于在「回声」交换物资。\n\n至少掉落720个,針は止まらず回り続け、帰らぬ者と共に進む。\n終焉の時に至れば、すべての扉があなたに開かれ、すべての楽章が奏でられる。\n窮地の門の精密な針。「遥かな残響」で物資と交換可能。\n\n最低720個ドロップ
Item_66774_Desc,aESL,d道具_Item_A.csv,2776,Item,Desc,,指针轮转不歇，与无回者一同向前。\n在抵达终焉之刻，所有门扉将为你开启，所有乐章将为你奏响。\n穷极之门前精密的指针，用于在「回声」交换物资。\n\n至少掉落792个,針は止まらず回り続け、帰らぬ者と共に進む。\n終焉の時に至れば、すべての扉があなたに開かれ、すべての楽章が奏でられる。\n窮地の門の精密な針。「遥かな残響」で物資と交換可能。\n\n最低792個ドロップ
Item_66790_Desc,aETX,d道具_Item_A.csv,2777,Item,Desc,,指针轮转不歇，与无回者一同向前。\n在抵达终焉之刻，所有门扉将为你开启，所有乐章将为你奏响。\n穷极之门前精密的指针，用于在「回声」交换物资。\n\n至少掉落864个,針は止まらず回り続け、帰らぬ者と共に進む。\n終焉の時に至れば、すべての扉があなたに開かれ、すべての楽章が奏でられる。\n窮地の門の精密な針。「遥かな残響」で物資と交換可能。\n\n最低864個ドロップ
Item_66791_Desc,aEUb,d道具_Item_A.csv,2778,Item,Desc,,指针轮转不歇，与无回者一同向前。\n在抵达终焉之刻，所有门扉将为你开启，所有乐章将为你奏响。\n穷极之门前精密的指针，用于在「回声」交换物资。\n\n至少掉落936个,針は止まらず回り続け、帰らぬ者と共に進む。\n終焉の時に至れば、すべての扉があなたに開かれ、すべての楽章が奏でられる。\n窮地の門の精密な針。「遥かな残響」で物資と交換可能。\n\n最低936個ドロップ
Item_66793_Desc,aEUj,d道具_Item_A.csv,2779,Item,Desc,,指针轮转不歇，与无回者一同向前。\n在抵达终焉之刻，所有门扉将为你开启，所有乐章将为你奏响。\n穷极之门前精密的指针，用于在「回声」交换物资。\n\n至少掉落1008个,針は止まらず回り続け、帰らぬ者と共に進む。\n終焉の時に至れば、すべての扉があなたに開かれ、すべての楽章が奏でられる。\n窮地の門の精密な針。「遥かな残響」で物資と交換可能。\n\n最低1008個ドロップ
Item_66781_Desc,aETn,d道具_Item_A.csv,2780,Item,Desc,,指针轮转不歇，与无回者一同向前。\n在抵达终焉之刻，所有门扉将为你开启，所有乐章将为你奏响。\n穷极之门前精密的指针，用于在「回声」交换物资。\n\n至少掉落1080个,針は止まらず回り続け、帰らぬ者と共に進む。\n終焉の時に至れば、すべての扉があなたに開かれ、すべての楽章が奏でられる。\n窮地の門の精密な針。「遥かな残響」で物資と交換可能。\n\n最低1080個ドロップ
Item_71432_Desc,aFnX,d道具_Item_A.csv,2841,Item,Desc,,代表着时代前沿技术的精密齿轮，可以代谢掉人偶老旧的部分。\n朵尔用于维修躯体的齿轮零件。用于在商店交换所需物资。\n\n至少掉落600个,時代の最先端技術を象徴する精密な歯車で、人形の古い部分を代謝できる。\nドールの修理に使う歯車パーツ。商店で必要な物資と交換可能。\n\n最低600個ドロップ
Item_71422_Desc,aFnj,d道具_Item_A.csv,2842,Item,Desc,,代表着时代前沿技术的精密齿轮，可以代谢掉人偶老旧的部分。\n朵尔用于维修躯体的齿轮零件。用于在商店交换所需物资。\n\n至少掉落660个,時代の最先端技術を象徴する精密な歯車で、人形の古い部分を代謝できる。\nドールの修理に使う歯車パーツ。商店で必要な物資と交換可能。\n\n最低660個ドロップ
Item_71425_Desc,aFnv,d道具_Item_A.csv,2843,Item,Desc,,代表着时代前沿技术的精密齿轮，可以代谢掉人偶老旧的部分。\n朵尔用于维修躯体的齿轮零件。用于在商店交换所需物资。\n\n至少掉落720个,時代の最先端技術を象徴する精密な歯車で、人形の古い部分を代謝できる。\nドールの修理に使う歯車パーツ。商店で必要な物資と交換可能。\n\n最低720個ドロップ
Item_71412_Desc,aFmv,d道具_Item_A.csv,2844,Item,Desc,,代表着时代前沿技术的精密齿轮，可以代谢掉人偶老旧的部分。\n朵尔用于维修躯体的齿轮零件。用于在商店交换所需物资。\n\n至少掉落780个,時代の最先端技術を象徴する精密な歯車で、人形の古い部分を代謝できる。\nドールの修理に使う歯車パーツ。商店で必要な物資と交換可能。\n\n最低780個ドロップ
Item_71414_Desc,aFmD,d道具_Item_A.csv,2845,Item,Desc,,代表着时代前沿技术的精密齿轮，可以代谢掉人偶老旧的部分。\n朵尔用于维修躯体的齿轮零件。用于在商店交换所需物资。\n\n至少掉落840个,時代の最先端技術を象徴する精密な歯車で、人形の古い部分を代謝できる。\nドールの修理に使う歯車パーツ。商店で必要な物資と交換可能。\n\n最低840個ドロップ
Item_71400_Desc,aFlz,d道具_Item_A.csv,2846,Item,Desc,,代表着时代前沿技术的精密齿轮，可以代谢掉人偶老旧的部分。\n朵尔用于维修躯体的齿轮零件。用于在商店交换所需物资。\n\n至少掉落900个,時代の最先端技術を象徴する精密な歯車で、人形の古い部分を代謝できる。\nドールの修理に使う歯車パーツ。商店で必要な物資と交換可能。\n\n最低900個ドロップ
Item_71403_Desc,aFlL,d道具_Item_A.csv,2847,Item,Desc,,代表着时代前沿技术的精密齿轮，可以代谢掉人偶老旧的部分。\n朵尔用于维修躯体的齿轮零件。用于在商店交换所需物资。\n\n至少掉落660个,時代の最先端技術を象徴する精密な歯車で、人形の古い部分を代謝できる。\nドールの修理に使う歯車パーツ。商店で必要な物資と交換可能。\n\n最低660個ドロップ
Item_71406_Desc,aFlX,d道具_Item_A.csv,2848,Item,Desc,,代表着时代前沿技术的精密齿轮，可以代谢掉人偶老旧的部分。\n朵尔用于维修躯体的齿轮零件。用于在商店交换所需物资。\n\n至少掉落726个,時代の最先端技術を象徴する精密な歯車で、人形の古い部分を代謝できる。\nドールの修理に使う歯車パーツ。商店で必要な物資と交換可能。\n\n最低726個ドロップ
Item_71397_Desc,aFln,d道具_Item_A.csv,2849,Item,Desc,,代表着时代前沿技术的精密齿轮，可以代谢掉人偶老旧的部分。\n朵尔用于维修躯体的齿轮零件。用于在商店交换所需物资。\n\n至少掉落792个,時代の最先端技術を象徴する精密な歯車で、人形の古い部分を代謝できる。\nドールの修理に使う歯車パーツ。商店で必要な物資と交換可能。\n\n最低792個ドロップ
Item_71429_Desc,aFnL,d道具_Item_A.csv,2850,Item,Desc,,代表着时代前沿技术的精密齿轮，可以代谢掉人偶老旧的部分。\n朵尔用于维修躯体的齿轮零件。用于在商店交换所需物资。\n\n至少掉落858个,時代の最先端技術を象徴する精密な歯車で、人形の古い部分を代謝できる。\nドールの修理に使う歯車パーツ。商店で必要な物資と交換可能。\n\n最低858個ドロップ
Item_71431_Desc,aFnT,d道具_Item_A.csv,2851,Item,Desc,,代表着时代前沿技术的精密齿轮，可以代谢掉人偶老旧的部分。\n朵尔用于维修躯体的齿轮零件。用于在商店交换所需物资。\n\n至少掉落924个,時代の最先端技術を象徴する精密な歯車で、人形の古い部分を代謝できる。\nドールの修理に使う歯車パーツ。商店で必要な物資と交換可能。\n\n最低924個ドロップ
Item_71443_Desc,aFoP,d道具_Item_A.csv,2852,Item,Desc,,代表着时代前沿技术的精密齿轮，可以代谢掉人偶老旧的部分。\n朵尔用于维修躯体的齿轮零件。用于在商店交换所需物资。\n\n至少掉落990个,時代の最先端技術を象徴する精密な歯車で、人形の古い部分を代謝できる。\nドールの修理に使う歯車パーツ。商店で必要な物資と交換可能。\n\n最低990個ドロップ
Item_71398_Desc,aFlr,d道具_Item_A.csv,2853,Item,Desc,,代表着时代前沿技术的精密齿轮，可以代谢掉人偶老旧的部分。\n朵尔用于维修躯体的齿轮零件。用于在商店交换所需物资。\n\n至少掉落660个,時代の最先端技術を象徴する精密な歯車で、人形の古い部分を代謝できる。\nドールの修理に使う歯車パーツ。商店で必要な物資と交換可能。\n\n最低660個ドロップ
Item_71407_Desc,aFmb,d道具_Item_A.csv,2854,Item,Desc,,代表着时代前沿技术的精密齿轮，可以代谢掉人偶老旧的部分。\n朵尔用于维修躯体的齿轮零件。用于在商店交换所需物资。\n\n至少掉落726个,時代の最先端技術を象徴する精密な歯車で、人形の古い部分を代謝できる。\nドールの修理に使う歯車パーツ。商店で必要な物資と交換可能。\n\n最低726個ドロップ
Item_71409_Desc,aFmj,d道具_Item_A.csv,2855,Item,Desc,,代表着时代前沿技术的精密齿轮，可以代谢掉人偶老旧的部分。\n朵尔用于维修躯体的齿轮零件。用于在商店交换所需物资。\n\n至少掉落792个,時代の最先端技術を象徴する精密な歯車で、人形の古い部分を代謝できる。\nドールの修理に使う歯車パーツ。商店で必要な物資と交換可能。\n\n最低792個ドロップ
Item_71434_Desc,aFof,d道具_Item_A.csv,2856,Item,Desc,,代表着时代前沿技术的精密齿轮，可以代谢掉人偶老旧的部分。\n朵尔用于维修躯体的齿轮零件。用于在商店交换所需物资。\n\n至少掉落858个,時代の最先端技術を象徴する精密な歯車で、人形の古い部分を代謝できる。\nドールの修理に使う歯車パーツ。商店で必要な物資と交換可能。\n\n最低858個ドロップ
Item_71436_Desc,aFon,d道具_Item_A.csv,2857,Item,Desc,,代表着时代前沿技术的精密齿轮，可以代谢掉人偶老旧的部分。\n朵尔用于维修躯体的齿轮零件。用于在商店交换所需物资。\n\n至少掉落924个,時代の最先端技術を象徴する精密な歯車で、人形の古い部分を代謝できる。\nドールの修理に使う歯車パーツ。商店で必要な物資と交換可能。\n\n最低924個ドロップ
Item_71401_Desc,aFlD,d道具_Item_A.csv,2858,Item,Desc,,代表着时代前沿技术的精密齿轮，可以代谢掉人偶老旧的部分。\n朵尔用于维修躯体的齿轮零件。用于在商店交换所需物资。\n\n至少掉落990个,時代の最先端技術を象徴する精密な歯車で、人形の古い部分を代謝できる。\nドールの修理に使う歯車パーツ。商店で必要な物資と交換可能。\n\n最低990個ドロップ
Item_71410_Desc,aFmn,d道具_Item_A.csv,2859,Item,Desc,,代表着时代前沿技术的精密齿轮，可以代谢掉人偶老旧的部分。\n朵尔用于维修躯体的齿轮零件。用于在商店交换所需物资。\n\n至少掉落660个,時代の最先端技術を象徴する精密な歯車で、人形の古い部分を代謝できる。\nドールの修理に使う歯車パーツ。商店で必要な物資と交換可能。\n\n最低660個ドロップ
Item_71394_Desc,aFlb,d道具_Item_A.csv,2860,Item,Desc,,代表着时代前沿技术的精密齿轮，可以代谢掉人偶老旧的部分。\n朵尔用于维修躯体的齿轮零件。用于在商店交换所需物资。\n\n至少掉落726个,時代の最先端技術を象徴する精密な歯車で、人形の古い部分を代謝できる。\nドールの修理に使う歯車パーツ。商店で必要な物資と交換可能。\n\n最低726個ドロップ
Item_71408_Desc,aFmf,d道具_Item_A.csv,2861,Item,Desc,,代表着时代前沿技术的精密齿轮，可以代谢掉人偶老旧的部分。\n朵尔用于维修躯体的齿轮零件。用于在商店交换所需物资。\n\n至少掉落792个,時代の最先端技術を象徴する精密な歯車で、人形の古い部分を代謝できる。\nドールの修理に使う歯車パーツ。商店で必要な物資と交換可能。\n\n最低792個ドロップ
Item_71404_Desc,aFlP,d道具_Item_A.csv,2862,Item,Desc,,代表着时代前沿技术的精密齿轮，可以代谢掉人偶老旧的部分。\n朵尔用于维修躯体的齿轮零件。用于在商店交换所需物资。\n\n至少掉落858个,時代の最先端技術を象徴する精密な歯車で、人形の古い部分を代謝できる。\nドールの修理に使う歯車パーツ。商店で必要な物資と交換可能。\n\n最低858個ドロップ
Item_71417_Desc,aFmP,d道具_Item_A.csv,2863,Item,Desc,,代表着时代前沿技术的精密齿轮，可以代谢掉人偶老旧的部分。\n朵尔用于维修躯体的齿轮零件。用于在商店交换所需物资。\n\n至少掉落924个,時代の最先端技術を象徴する精密な歯車で、人形の古い部分を代謝できる。\nドールの修理に使う歯車パーツ。商店で必要な物資と交換可能。\n\n最低924個ドロップ
Item_71446_Desc,aFpb,d道具_Item_A.csv,2864,Item,Desc,,代表着时代前沿技术的精密齿轮，可以代谢掉人偶老旧的部分。\n朵尔用于维修躯体的齿轮零件。用于在商店交换所需物资。\n\n至少掉落990个,時代の最先端技術を象徴する精密な歯車で、人形の古い部分を代謝できる。\nドールの修理に使う歯車パーツ。商店で必要な物資と交換可能。\n\n最低990個ドロップ
Item_71416_Desc,aFmL,d道具_Item_A.csv,2865,Item,Desc,,代表着时代前沿技术的精密齿轮，可以代谢掉人偶老旧的部分。\n朵尔用于维修躯体的齿轮零件。用于在商店交换所需物资。\n\n至少掉落660个,時代の最先端技術を象徴する精密な歯車で、人形の古い部分を代謝できる。\nドールの修理に使う歯車パーツ。商店で必要な物資と交換可能。\n\n最低660個ドロップ
Item_71433_Desc,aFob,d道具_Item_A.csv,2866,Item,Desc,,代表着时代前沿技术的精密齿轮，可以代谢掉人偶老旧的部分。\n朵尔用于维修躯体的齿轮零件。用于在商店交换所需物资。\n\n至少掉落726个,時代の最先端技術を象徴する精密な歯車で、人形の古い部分を代謝できる。\nドールの修理に使う歯車パーツ。商店で必要な物資と交換可能。\n\n最低726個ドロップ
Item_71421_Desc,aFnf,d道具_Item_A.csv,2867,Item,Desc,,代表着时代前沿技术的精密齿轮，可以代谢掉人偶老旧的部分。\n朵尔用于维修躯体的齿轮零件。用于在商店交换所需物资。\n\n至少掉落792个,時代の最先端技術を象徴する精密な歯車で、人形の古い部分を代謝できる。\nドールの修理に使う歯車パーツ。商店で必要な物資と交換可能。\n\n最低792個ドロップ
Item_71426_Desc,aFnz,d道具_Item_A.csv,2868,Item,Desc,,代表着时代前沿技术的精密齿轮，可以代谢掉人偶老旧的部分。\n朵尔用于维修躯体的齿轮零件。用于在商店交换所需物资。\n\n至少掉落858个,時代の最先端技術を象徴する精密な歯車で、人形の古い部分を代謝できる。\nドールの修理に使う歯車パーツ。商店で必要な物資と交換可能。\n\n最低858個ドロップ
Item_71405_Desc,aFlT,d道具_Item_A.csv,2869,Item,Desc,,代表着时代前沿技术的精密齿轮，可以代谢掉人偶老旧的部分。\n朵尔用于维修躯体的齿轮零件。用于在商店交换所需物资。\n\n至少掉落924个,時代の最先端技術を象徴する精密な歯車で、人形の古い部分を代謝できる。\nドールの修理に使う歯車パーツ。商店で必要な物資と交換可能。\n\n最低924個ドロップ
Item_71428_Desc,aFnH,d道具_Item_A.csv,2870,Item,Desc,,代表着时代前沿技术的精密齿轮，可以代谢掉人偶老旧的部分。\n朵尔用于维修躯体的齿轮零件。用于在商店交换所需物资。\n\n至少掉落990个,時代の最先端技術を象徴する精密な歯車で、人形の古い部分を代謝できる。\nドールの修理に使う歯車パーツ。商店で必要な物資と交換可能。\n\n最低990個ドロップ
Item_71439_Desc,aFoz,d道具_Item_A.csv,2871,Item,Desc,,代表着时代前沿技术的精密齿轮，可以代谢掉人偶老旧的部分。\n朵尔用于维修躯体的齿轮零件。用于在商店交换所需物资。\n\n至少掉落720个,時代の最先端技術を象徴する精密な歯車で、人形の古い部分を代謝できる。\nドールの修理に使う歯車パーツ。商店で必要な物資と交換可能。\n\n最低720個ドロップ
Item_71442_Desc,aFoL,d道具_Item_A.csv,2872,Item,Desc,,代表着时代前沿技术的精密齿轮，可以代谢掉人偶老旧的部分。\n朵尔用于维修躯体的齿轮零件。用于在商店交换所需物资。\n\n至少掉落792个,時代の最先端技術を象徴する精密な歯車で、人形の古い部分を代謝できる。\nドールの修理に使う歯車パーツ。商店で必要な物資と交換可能。\n\n最低792個ドロップ
Item_71440_Desc,aFoD,d道具_Item_A.csv,2873,Item,Desc,,代表着时代前沿技术的精密齿轮，可以代谢掉人偶老旧的部分。\n朵尔用于维修躯体的齿轮零件。用于在商店交换所需物资。\n\n至少掉落864个,時代の最先端技術を象徴する精密な歯車で、人形の古い部分を代謝できる。\nドールの修理に使う歯車パーツ。商店で必要な物資と交換可能。\n\n最低864個ドロップ
Item_71420_Desc,aFnb,d道具_Item_A.csv,2874,Item,Desc,,代表着时代前沿技术的精密齿轮，可以代谢掉人偶老旧的部分。\n朵尔用于维修躯体的齿轮零件。用于在商店交换所需物资。\n\n至少掉落936个,時代の最先端技術を象徴する精密な歯車で、人形の古い部分を代謝できる。\nドールの修理に使う歯車パーツ。商店で必要な物資と交換可能。\n\n最低936個ドロップ
Item_71415_Desc,aFmH,d道具_Item_A.csv,2875,Item,Desc,,代表着时代前沿技术的精密齿轮，可以代谢掉人偶老旧的部分。\n朵尔用于维修躯体的齿轮零件。用于在商店交换所需物资。\n\n至少掉落1008个,時代の最先端技術を象徴する精密な歯車で、人形の古い部分を代謝できる。\nドールの修理に使う歯車パーツ。商店で必要な物資と交換可能。\n\n最低1008個ドロップ
Item_71435_Desc,aFoj,d道具_Item_A.csv,2876,Item,Desc,,代表着时代前沿技术的精密齿轮，可以代谢掉人偶老旧的部分。\n朵尔用于维修躯体的齿轮零件。用于在商店交换所需物资。\n\n至少掉落1080个,時代の最先端技術を象徴する精密な歯車で、人形の古い部分を代謝できる。\nドールの修理に使う歯車パーツ。商店で必要な物資と交換可能。\n\n最低1080個ドロップ
Item_71402_Desc,aFlH,d道具_Item_A.csv,2877,Item,Desc,,代表着时代前沿技术的精密齿轮，可以代谢掉人偶老旧的部分。\n朵尔用于维修躯体的齿轮零件。用于在商店交换所需物资。\n\n至少掉落720个,時代の最先端技術を象徴する精密な歯車で、人形の古い部分を代謝できる。\nドールの修理に使う歯車パーツ。商店で必要な物資と交換可能。\n\n最低720個ドロップ
Item_71419_Desc,aFmX,d道具_Item_A.csv,2878,Item,Desc,,代表着时代前沿技术的精密齿轮，可以代谢掉人偶老旧的部分。\n朵尔用于维修躯体的齿轮零件。用于在商店交换所需物资。\n\n至少掉落792个,時代の最先端技術を象徴する精密な歯車で、人形の古い部分を代謝できる。\nドールの修理に使う歯車パーツ。商店で必要な物資と交換可能。\n\n最低792個ドロップ
Item_71441_Desc,aFoH,d道具_Item_A.csv,2879,Item,Desc,,代表着时代前沿技术的精密齿轮，可以代谢掉人偶老旧的部分。\n朵尔用于维修躯体的齿轮零件。用于在商店交换所需物资。\n\n至少掉落864个,時代の最先端技術を象徴する精密な歯車で、人形の古い部分を代謝できる。\nドールの修理に使う歯車パーツ。商店で必要な物資と交換可能。\n\n最低864個ドロップ
Item_71444_Desc,aFoT,d道具_Item_A.csv,2880,Item,Desc,,代表着时代前沿技术的精密齿轮，可以代谢掉人偶老旧的部分。\n朵尔用于维修躯体的齿轮零件。用于在商店交换所需物资。\n\n至少掉落936个,時代の最先端技術を象徴する精密な歯車で、人形の古い部分を代謝できる。\nドールの修理に使う歯車パーツ。商店で必要な物資と交換可能。\n\n最低936個ドロップ
Item_71411_Desc,aFmr,d道具_Item_A.csv,2881,Item,Desc,,代表着时代前沿技术的精密齿轮，可以代谢掉人偶老旧的部分。\n朵尔用于维修躯体的齿轮零件。用于在商店交换所需物资。\n\n至少掉落1008个,時代の最先端技術を象徴する精密な歯車で、人形の古い部分を代謝できる。\nドールの修理に使う歯車パーツ。商店で必要な物資と交換可能。\n\n最低1008個ドロップ
Item_71418_Desc,aFmT,d道具_Item_A.csv,2882,Item,Desc,,代表着时代前沿技术的精密齿轮，可以代谢掉人偶老旧的部分。\n朵尔用于维修躯体的齿轮零件。用于在商店交换所需物资。\n\n至少掉落1080个,時代の最先端技術を象徴する精密な歯車で、人形の古い部分を代謝できる。\nドールの修理に使う歯車パーツ。商店で必要な物資と交換可能。\n\n最低1080個ドロップ
Item_71413_Desc,aFmz,d道具_Item_A.csv,2883,Item,Desc,,代表着时代前沿技术的精密齿轮，可以代谢掉人偶老旧的部分。\n朵尔用于维修躯体的齿轮零件。用于在商店交换所需物资。\n\n至少掉落720个,時代の最先端技術を象徴する精密な歯車で、人形の古い部分を代謝できる。\nドールの修理に使う歯車パーツ。商店で必要な物資と交換可能。\n\n最低720個ドロップ
Item_71396_Desc,aFlj,d道具_Item_A.csv,2884,Item,Desc,,代表着时代前沿技术的精密齿轮，可以代谢掉人偶老旧的部分。\n朵尔用于维修躯体的齿轮零件。用于在商店交换所需物资。\n\n至少掉落792个,時代の最先端技術を象徴する精密な歯車で、人形の古い部分を代謝できる。\nドールの修理に使う歯車パーツ。商店で必要な物資と交換可能。\n\n最低792個ドロップ
Item_71430_Desc,aFnP,d道具_Item_A.csv,2885,Item,Desc,,代表着时代前沿技术的精密齿轮，可以代谢掉人偶老旧的部分。\n朵尔用于维修躯体的齿轮零件。用于在商店交换所需物资。\n\n至少掉落864个,時代の最先端技術を象徴する精密な歯車で、人形の古い部分を代謝できる。\nドールの修理に使う歯車パーツ。商店で必要な物資と交換可能。\n\n最低864個ドロップ
Item_71438_Desc,aFov,d道具_Item_A.csv,2886,Item,Desc,,代表着时代前沿技术的精密齿轮，可以代谢掉人偶老旧的部分。\n朵尔用于维修躯体的齿轮零件。用于在商店交换所需物资。\n\n至少掉落936个,時代の最先端技術を象徴する精密な歯車で、人形の古い部分を代謝できる。\nドールの修理に使う歯車パーツ。商店で必要な物資と交換可能。\n\n最低936個ドロップ
Item_71437_Desc,aFor,d道具_Item_A.csv,2887,Item,Desc,,代表着时代前沿技术的精密齿轮，可以代谢掉人偶老旧的部分。\n朵尔用于维修躯体的齿轮零件。用于在商店交换所需物资。\n\n至少掉落1008个,時代の最先端技術を象徴する精密な歯車で、人形の古い部分を代謝できる。\nドールの修理に使う歯車パーツ。商店で必要な物資と交換可能。\n\n最低1008個ドロップ
Item_71445_Desc,aFoX,d道具_Item_A.csv,2888,Item,Desc,,代表着时代前沿技术的精密齿轮，可以代谢掉人偶老旧的部分。\n朵尔用于维修躯体的齿轮零件。用于在商店交换所需物资。\n\n至少掉落1080个,時代の最先端技術を象徴する精密な歯車で、人形の古い部分を代謝できる。\nドールの修理に使う歯車パーツ。商店で必要な物資と交換可能。\n\n最低1080個ドロップ
Item_71399_Desc,aFlv,d道具_Item_A.csv,2889,Item,Desc,,代表着时代前沿技术的精密齿轮，可以代谢掉人偶老旧的部分。\n朵尔用于维修躯体的齿轮零件。用于在商店交换所需物资。\n\n至少掉落720个,時代の最先端技術を象徴する精密な歯車で、人形の古い部分を代謝できる。\nドールの修理に使う歯車パーツ。商店で必要な物資と交換可能。\n\n最低720個ドロップ
Item_71393_Desc,aFkX,d道具_Item_A.csv,2890,Item,Desc,,代表着时代前沿技术的精密齿轮，可以代谢掉人偶老旧的部分。\n朵尔用于维修躯体的齿轮零件。用于在商店交换所需物资。\n\n至少掉落792个,時代の最先端技術を象徴する精密な歯車で、人形の古い部分を代謝できる。\nドールの修理に使う歯車パーツ。商店で必要な物資と交換可能。\n\n最低792個ドロップ
Item_71395_Desc,aFlf,d道具_Item_A.csv,2891,Item,Desc,,代表着时代前沿技术的精密齿轮，可以代谢掉人偶老旧的部分。\n朵尔用于维修躯体的齿轮零件。用于在商店交换所需物资。\n\n至少掉落864个,時代の最先端技術を象徴する精密な歯車で、人形の古い部分を代謝できる。\nドールの修理に使う歯車パーツ。商店で必要な物資と交換可能。\n\n最低864個ドロップ
Item_71424_Desc,aFnr,d道具_Item_A.csv,2892,Item,Desc,,代表着时代前沿技术的精密齿轮，可以代谢掉人偶老旧的部分。\n朵尔用于维修躯体的齿轮零件。用于在商店交换所需物资。\n\n至少掉落936个,時代の最先端技術を象徴する精密な歯車で、人形の古い部分を代謝できる。\nドールの修理に使う歯車パーツ。商店で必要な物資と交換可能。\n\n最低936個ドロップ
Item_71427_Desc,aFnD,d道具_Item_A.csv,2893,Item,Desc,,代表着时代前沿技术的精密齿轮，可以代谢掉人偶老旧的部分。\n朵尔用于维修躯体的齿轮零件。用于在商店交换所需物资。\n\n至少掉落1008个,時代の最先端技術を象徴する精密な歯車で、人形の古い部分を代謝できる。\nドールの修理に使う歯車パーツ。商店で必要な物資と交換可能。\n\n最低1008個ドロップ
Item_71423_Desc,aFnn,d道具_Item_A.csv,2894,Item,Desc,,代表着时代前沿技术的精密齿轮，可以代谢掉人偶老旧的部分。\n朵尔用于维修躯体的齿轮零件。用于在商店交换所需物资。\n\n至少掉落1080个,時代の最先端技術を象徴する精密な歯車で、人形の古い部分を代謝できる。\nドールの修理に使う歯車パーツ。商店で必要な物資と交換可能。\n\n最低1080個ドロップ
MonsterConfig_72142_MonsterName,aHUI,g怪物_MonsterConfig_A.csv,446,MonsterConfig,MonsterName,,灰烬融蚀体,灰燼の融蝕生物
MonsterConfig_72142_Desc,aHUH,g怪物_MonsterConfig_A.csv,446,MonsterConfig,Desc,,诞生于灰烬之中，已经被融蚀磨灭大部分灵性。,灰燼の中に生まれ、融蝕によって霊性の大半を失っている。
MonsterConfig_72144_MonsterName,aHUM,g怪物_MonsterConfig_A.csv,447,MonsterConfig,MonsterName,,灰烬融蚀体,灰燼の融蝕生物
MonsterConfig_72144_Desc,aHUL,g怪物_MonsterConfig_A.csv,447,MonsterConfig,Desc,,诞生于灰烬之中，已经被融蚀磨灭大部分灵性。,灰燼の中に生まれ、融蝕によって霊性の大半を失っている。
PanelText_UI_Events_Panel_OriDoll_Text_C_Topic_Content,aIJM,j界面文字表_PanelText_C.csv,2297,PanelText,Content,,半步之隔,半歩の隔たり
PanelText_UI_Events_Panel_Tawil_StageGroup_Text_C_Title_Content,aIKY,j界面文字表_PanelText_C.csv,2230,PanelText,Content,,最终测试,最終試験
PanelText_UI_Events_Panel_Tawil_Text_C_Shop_Content,aILm,j界面文字表_PanelText_C.csv,2236,PanelText,Content,,回声,遥かな残響
PanelText_UI_Events_Panel_Tawil_Text_C_Challenge_Content,aILb,j界面文字表_PanelText_C.csv,2242,PanelText,Content,,最终测试,最終試験
PanelText_UI_Events_Panel_WorldBoss_Text_C_Challenge_Content,aIMN,j界面文字表_PanelText_C.csv,2253,PanelText,Content,,辰星安魂曲,原初共闘
PanelText_UI_Events_Panel_WorldBoss_Text_C_Challenge_Content,aIMN,j界面文字表_PanelText_C.csv,2253,PanelText,Content,,辰星安魂曲,原初共闘
PanelText_UI_Events_Panel_WorldBoss_Text_C_ProgressTitle_Content,aIMO,j界面文字表_PanelText_C.csv,2254,PanelText,Content,,再战原初进度,原初共闘の進捗
PanelText_UI_Events_WorldBoss_StageGroup_Text_C_Title_Content,aINc,j界面文字表_PanelText_C.csv,2259,PanelText,Content,,辰星安魂曲,原初共闘
PanelText_UI_Events_Panel_OriDoll_StageGroup_Text_C_Introduction_Content,aIJu,j界面文字表_PanelText_C.csv,2324,PanelText,Content,,她注视着世界尽头的那扇大门，毫不犹豫地跨出了脚步。\n咔哒，她拧开把手，迫不及待地望向门后。\n然而门后空无一物，她一脚踩空，坠入了虚无。\n她早该知道，礼物来得太过直接， 便总会有些高昂的代价。,彼女は世界の果ての大きな扉を見つめ、ためらうことなく一歩を踏み出した。\nカチッ、彼女はドアノブを回し、急いで扉の向こうを除き込んだ。\nしかし、扉の向こうには何もなく、彼女は足を踏み外し、虚無へと落ちていった。\n彼女は早くに気づくべきだった、直接与えられる贈り物には、必ず高い代価が伴うのだから。
RelicConfig_72226_Name,aJPj,z造物_RelicConfig_A.csv,533,RelicConfig,Name,,终末科研手稿,終末の研究原稿
RelicConfig_72226_Desc,aJPi,z造物_RelicConfig_A.csv,533,RelicConfig,Desc,,手牌上限+1。回合开始时若当前未进行研究，选择一项未进行过的研究，完成研究后获得熔毁·朵尔的对应研究成果。完成 3 个研究时，将「虚无终结」置入手中，该造物失效。,手札の上限+1。ターン開始時、現在研究を行っていない場合、未実施の研究項目を1つ選択し、研究完了後、溶壊・ドールの対応する研究成果を獲得する。研究を3つ完了した時、「虚無終結」を手札に追加し、この遺物は無効になる。
Skill_125373_Name,bMYV,j技能表_Skill_A.csv,1575,Skill,Name,徐,不梦乡之主,不夢郷の主
Skill_72107_Desc,aQHP,j技能表_Skill_A.csv,2463,Skill,Desc,,所有敌人在本场战斗中获得 [Power:Arg1] 点<PowerIconKeywords:力量>（无论它们在哪）。召唤 1 名「灰烬融蚀体」。,すべての敵がこの戦闘中[Power:Arg1]点の<PowerIconKeywords:力>を獲得する（それらがどこにいようと）。「灰燼の融蝕生物」を1体召喚する。
Skill_72113_Desc,aQIr,j技能表_Skill_A.csv,2466,Skill,Desc,,造成 <Damage:[Damage:Arg2]> 点伤害 [AttackTimes:Arg3] 次。所有敌人在本场战斗中回合结束时获得 <Block:[Block:Arg1]> 点护盾（无论它们在哪）。,<Damage:[Damage:Arg2]>ダメージを[AttackTimes:Arg3]回与える。この戦闘中、すべての敵がターン終了後に<Block:[Block:Arg1]>点のシールドを獲得する（それらがどこにいようと）。
Skill_72124_Desc,aQJJ,j技能表_Skill_A.csv,2468,Skill,Desc,,所有敌人在本场战斗中获得 [Power:Arg1] 点<PowerIconKeywords:力量>（无论它们在哪）。召唤 1 名「灰烬融蚀体」。,すべての敵がこの戦闘中[Power:Arg1]点の<PowerIconKeywords:力>を獲得する（それらがどこにいようと）。「灰燼の融蝕生物」を1体召喚する。
Skill_74029_Desc,aQOg,j技能表_Skill_A.csv,2471,Skill,Desc,,所有敌人在本场战斗中永久获得 [Power:Arg1] 点<PowerIconKeywords:力量>（无论它们在哪）。召唤 1 名「紧急联络」和 1 名「灰烬融蚀体」。,すべての敵がこの戦闘中[Power:Arg1]点の永続的な<PowerIconKeywords:力>を獲得する（それらがどこにいようと）。「緊急連絡」を1体と「灰燼の融蝕生物」を1体召喚する。
Skill_77714_Desc,aQTF,j技能表_Skill_A.csv,2554,Skill,Desc,,获得 10 层终末，施加 [Arg1] 层<BleedingIconKeywords:出血>。终末，即将降临…！,「終末」を10点獲得し、[Arg1]点の<BleedingIconKeywords:出血>を付与する。終末が、間もなく到来する……！
Skill_77680_Desc,aQSP,j技能表_Skill_A.csv,2549,Skill,Desc,,造成 <Damage:[Damage:Arg1]> 点伤害 [AttackTimes:Arg2] 次，为随机三张卡牌添加「融蚀彩墨」，并施加 1 回合<WeaknessIconKeywords:虚弱>、<FragileIconKeywords:脆弱>、<VulnerabilityIconKeywords:易伤>、<BlindingKeywords:致盲> 状态。失去 2 层终末。,<Damage:[Damage:Arg1]>ダメージを[AttackTimes:Arg2]回与える。ランダムなカード3枚に「融蝕の彩墨」を付与する。[Arg3]点の<WeaknessIconKeywords:虚弱>、<FragileIconKeywords:脆弱>、<VulnerabilityIconKeywords:易傷>、<BlindingKeywords:盲目>を付与する。「終末」を2点失う。
Skill_77846_Desc,aQTM,j技能表_Skill_A.csv,2555,Skill,Desc,,造成 <Damage:[Damage:Arg1]> 点伤害 [Arg2] 次，获得 [Power:Arg3] 点<PowerIconKeywords:力量>。场上每有 1 名其它敌人存活，获得 1 层「终末」。如果击破了所有其他敌人，意图变为「自毁改造」。,<Damage:[Damage:Arg1]>ダメージを[Arg2]回与え、[Power:Arg3]点の<PowerIconKeywords:力>を獲得する。戦場に他の敵が1体生存しているごとに、「終末」を1点獲得する。他のすべての敵を撃破した場合、行動予測は「自滅改造」に変化する。
Skill_77847_Desc,aQTT,j技能表_Skill_A.csv,2556,Skill,Desc,,造成 <Damage:[Damage:Arg1]> 点伤害 [Arg2] 次，获得 [Power:Arg3] 点<PowerIconKeywords:力量>。场上每有 1 名其它敌人存活，获得 1 层「终末」。如果击破了所有其他敌人，意图变为「宿命坍缩」。,<Damage:[Damage:Arg1]>ダメージを[Arg2]回与え、[Power:Arg3]点の<PowerIconKeywords:力>を獲得する。戦場に他の敵が1体生存しているごとに、「終末」を1点獲得する。他のすべての敵を撃破した場合、行動予測は「宿命崩壊」に変化する。
RelicConfig_72226_BattleDesc,aJPh,z造物_RelicConfig_A.csv,533,RelicConfig,BattleDesc,,手牌上限+1。回合开始时若当前未进行研究，选择一项未进行过的研究，完成研究后获得熔毁·朵尔的对应研究成果。完成 3 个研究时，将「虚无终结」置入手中，该造物失效。,手札の上限+1。ターン開始時、現在研究を行っていない場合、未実施の研究項目を1つ選択し、研究完了後、溶壊・ドールの対応する研究成果を獲得する。研究を3つ完了した時、「虚無終結」を手札に追加し、この遺物は無効になる。
Stage_59504_Desc,aTLT,g关卡_Stage_A.csv,201,Stage,Desc,,站在梦境的神殿，支撑起坍塌的残垣。\n守护你身下，那粒承载你所有顾惜与挂念的尘埃。,夢の神殿に立ち、崩れた遺跡を支える。\nあなたの心と愛情を乗せた塵を守る。
Stage_67902_Desc,aTNz,g关卡_Stage_A.csv,207,Stage,Desc,,歌咏吧，伟大的造物主！\n在祂入梦时，生民繁荣兴盛。\n在祂睁眼时，万物化为尘埃。,歌いましょう、偉大なる創造主よ！\nそれが夢を見るとき、民は繁栄する。それが目を覚ますと、すべてが塵に変わる。
Stage_67911_Desc,aTOa,g关卡_Stage_A.csv,208,Stage,Desc,,盲目痴愚的洪流上，秩序的楼阁轰然坍塌。\n理性从未存在过，唯有疯狂是你们的归宿。,盲目的で愚かな洪流の上で、秩序の楼閣は轟然と崩れ落ちる。\n理性は存在せず、ただ狂気があなたたちを待っている。
Stage_67912_Desc,aTOd,g关卡_Stage_A.csv,209,Stage,Desc,,那宏伟的文明，那人间的悲欢，那环绕你远离你的无数的人，从未存在过。梦境的消解，终将诞临。\n忘却吧，守密人们。忘却是最隆重的苦难。\n忘却是至福的解药。,壮大な文明、人間の悲喜、あなたを取り巻く人々は初めから存在しなかった。夢の終焉が訪れる。\n忘れよ、守秘者たち。忘却は最も隆盛な苦痛であり、忘却は至福の解毒剤だ。
Stage_67913_Desc,aTOg,g关卡_Stage_A.csv,210,Stage,Desc,,对蚍蜉而言，生存与毁灭从不是问题。\n它们生来便是要面对巨树的。,蟻にとって生存と破壊は問題ではない。\n彼らは巨大な木々に立ち向かうために生まれてきた。
Stage_67914_Desc,aTOj,g关卡_Stage_A.csv,211,Stage,Desc,,%hisorher%名字与功绩将无人知晓。%heorshe%来自遗忘，归于遗忘。只有墓碑上的箴言与世长存。\n银钥曾指引%hisorher%前路。未来的道路，亦愿银钥指引你我。,%hisorher%の名前と功績は誰も知らない。%heorshe%は忘却より来て、忘却に戻る。残るのは墓碑の銘だけ。\nシルバーキーは%hisorher%の進む道を指し示す。未来の道も。銀の鍵の導きがあらんことを。
Stage_59507_Desc,aTMc,g关卡_Stage_A.csv,297,Stage,Desc,,站在梦境的神殿，支撑起坍塌的残垣。\n守护你身下，那粒承载你所有顾惜与挂念的尘埃。,夢の神殿に立ち、崩れた遺跡を支える。\nあなたの心と愛情を乗せた塵を守る。
Stage_67905_Desc,aTNI,g关卡_Stage_A.csv,302,Stage,Desc,,歌咏吧，伟大的造物主！\n在祂入梦时，生民繁荣兴盛。\n在祂睁眼时，万物化为尘埃。,歌いましょう、偉大なる創造主よ！\nそれが夢を見るとき、民は繁栄する。それが目を覚ますと、すべてが塵に変わる。
Stage_67906_Desc,aTNL,g关卡_Stage_A.csv,303,Stage,Desc,,盲目痴愚的洪流上，秩序的楼阁轰然坍塌。\n理性从未存在过，唯有疯狂是你们的归宿。,盲目的で愚かな洪流の上で、秩序の楼閣は轟然と崩れ落ちる。\n理性は存在せず、ただ狂気があなたたちを待っている。
Stage_67915_Desc,aTOm,g关卡_Stage_A.csv,304,Stage,Desc,,那宏伟的文明，那人间的悲欢，那环绕你远离你的无数的人，从未存在过。梦境的消解，终将诞临。\n忘却吧，守密人们。忘却是最隆重的苦难。\n忘却是至福的解药。,壮大な文明、人間の悲喜、あなたを取り巻く人々は初めから存在しなかった。夢の終焉が訪れる。\n忘れよ、守秘者たち。忘却は最も隆盛な苦痛であり、忘却は至福の解毒剤だ。
Stage_67916_Desc,aTOp,g关卡_Stage_A.csv,305,Stage,Desc,,对蚍蜉而言，生存与毁灭从不是问题。\n它们生来便是要面对巨树的。,蟻にとって生存と破壊は問題ではない。\n彼らは巨大な木々に立ち向かうために生まれてきた。
Stage_70937_Name,aUdL,g关卡_Stage_A.csv,306,Stage,Name,,缸中之梦,水槽の中で見る夢
Stage_70937_Desc,aUdK,g关卡_Stage_A.csv,306,Stage,Desc,,缸中之脑会梦见机械义体吗？,「水槽の中の脳」は機械義肢の夢を見るか？
Stage_70936_Desc,aUdH,g关卡_Stage_A.csv,307,Stage,Desc,,逃脱一处陷阱，进入另一个更大的牢笼。,一つの罠から逃れて、さらに大きな檻の中に入る。
Stage_70935_Name,aUdF,g关卡_Stage_A.csv,308,Stage,Name,,迷奏的音符,迷奏する音符
Stage_70935_Desc,aUdE,g关卡_Stage_A.csv,308,Stage,Desc,,反拍，反拍，音符游走在预期的旋律节奏之外。,裏拍、また裏拍。\n音符は想定された旋律を外れて、さまよっている。
Stage_70934_Name,aUdC,g关卡_Stage_A.csv,309,Stage,Name,,我们已经失去,私たちはすでに失った
Stage_70934_Desc,aUdB,g关卡_Stage_A.csv,309,Stage,Desc,,逝去的不会再回来。\n除非，是在另一个世界。,過ぎ去ったものは二度と戻ってこない。\nただし、別世界にいる場合は除く。
Stage_70933_Desc,aUdy,g关卡_Stage_A.csv,310,Stage,Desc,,全部都和回忆里一样。,すべてが記憶の中と同じだ。
Stage_70932_Name,aUdw,g关卡_Stage_A.csv,311,Stage,Name,,有毒的苹果,毒リンゴ
Stage_70932_Desc,aUdv,g关卡_Stage_A.csv,311,Stage,Desc,,你看呐，那圆润光泽的苹果多么诱人。\n轻轻咬上一口，摆脱一切烦恼吧。,ほらごらん。あの艶やかに輝く、みずみずしいリンゴを。\nそっとひと口かじれば、あらゆる悩みから解き放ってくれる。
Stage_70931_Name,aUdt,g关卡_Stage_A.csv,312,Stage,Name,,真相,真実
Stage_70931_Desc,aUds,g关卡_Stage_A.csv,312,Stage,Desc,,人类将唯一定义为真相。\n你所得见的即为世界的真实面貌。,人類は真実を唯一の定義としています。\n貴方が見るものこそが世界の真実の姿です。
Stage_70930_Desc,aUdp,g关卡_Stage_A.csv,313,Stage,Desc,,眼睛，我不敢在梦中相遇\n在死亡的梦幻国土,その瞳、夢に見るも恐ろしや\n夢の死の王国にて
Stage_70929_Desc,aUdm,g关卡_Stage_A.csv,314,Stage,Desc,,一阶一阶一阶，祂的触肢探向深梦的底层。,一段、また一段、さらに一段。\nあの存在の触肢は、深き夢の最下層へと伸びていく。
Stage_70927_Name,aUdh,g关卡_Stage_A.csv,315,Stage,Name,,人间食粮,人の世の糧
Stage_70927_Desc,aUdg,g关卡_Stage_A.csv,315,Stage,Desc,,咕噜，咕噜，咕噜。器官发出迫切渴求的悲呼。\n不是肚中饥鸣，它的空虚源自大脑。,ぐぅ、ぐぅ、ぐうぅ。臓器は、満たされることを切望する悲痛な叫びを上げている\n腹の虫が鳴く音ではない。その空虚さは、脳から生まれている。
Stage_70926_Name,aUde,g关卡_Stage_A.csv,316,Stage,Name,,可能性的答案,可能性という答え
Stage_70926_Desc,aUdd,g关卡_Stage_A.csv,316,Stage,Desc,,可能性不等同于好的结局，但蜃景亦是前行者的饵料。,可能性は必ずしも幸福な結末を意味するわけではない。\nだが、蜃気楼といえど、歩み続ける者を前へと誘う餌にはなるだろう。
Stage_70925_Desc,aUda,g关卡_Stage_A.csv,317,Stage,Desc,,数字从来并非名称，只是符号。\n凡庸的生命不愿割舍自身虚构的独特性，故而抗拒以数字作为自己的代称。\n她从不在意。,数字はそもそも名前ではなく、ただの記号だ。\n凡庸な生命は、自らが唯一無二であるという幻想を手放さない。故に数字の呼び名を拒む。\n彼女は、そんなことなど一切、気に留めなかった。
Stage_70924_Name,aUcY,g关卡_Stage_A.csv,318,Stage,Name,,未选择的路,選ばなかった道
Stage_70924_Desc,aUcX,g关卡_Stage_A.csv,318,Stage,Desc,,亲爱的，让我们去看看末日。\n与其在绝望中日益衰朽，不如趁着命运尚未降临，亲手建树终末的伟业。,愛しき人よ、終末を見に行こう。\n絶望の中で膝を折るなら、その運命の前に、この手で世界を終わらせよう。
Stage_70928_Name,aUdk,g关卡_Stage_A.csv,319,Stage,Name,,雨幕之中,雨の帳の中で
Stage_70928_Desc,aUdj,g关卡_Stage_A.csv,319,Stage,Desc,,雨。绵延不绝的雨。,雨。途切れることのない雨。
Stage_59508_Name,aTMg,g关卡_Stage_A.csv,518,Stage,Name,,引路人,案内人
Stage_59508_Desc,aTMf,g关卡_Stage_A.csv,518,Stage,Desc,,「生存，还是毁灭？」,「生存か、破壊か？」
Stage_59511_Name,aTMp,g关卡_Stage_A.csv,519,Stage,Name,,祭礼,儀式
Stage_59511_Desc,aTMo,g关卡_Stage_A.csv,519,Stage,Desc,,铭记是你的誓言，遗忘是你的祭礼。,記憶は誓い、忘却は儀式。
Stage_59510_Name,aTMm,g关卡_Stage_A.csv,520,Stage,Name,,梦的崩析,夢の崩壊
Stage_59510_Desc,aTMl,g关卡_Stage_A.csv,520,Stage,Desc,,站在梦境的神殿，支撑起坍塌的残垣。\n守护你身下，那粒承载你所有顾惜与挂念的尘埃。,夢の神殿に立ち、崩れた遺跡を支える。\nあなたの心と愛情を乗せた塵を守る。
Stage_66018_Name,aTMK,g关卡_Stage_A.csv,521,Stage,Name,,济贫院·悲泣之视,ワークハウス・悲泣の視線
Stage_66018_Desc,aTMJ,g关卡_Stage_A.csv,521,Stage,Desc,,祂是无上的意志，宇宙的造物主，万物的终结者。\n在祂的面前悲泣吧。为你们孱弱的勇气，为祂无尽的权柄。,彼は至高の意志、宇宙の創造主、万物の終焉者である。\n彼の前で泣きなさい。あなたたちの弱き勇気のために、彼の無限の権力のために。
Stage_67901_Name,aTNx,g关卡_Stage_A.csv,522,Stage,Name,,蜡像馆·恐惧之视,蝋人形館・恐怖の視線
Stage_67901_Desc,aTNw,g关卡_Stage_A.csv,522,Stage,Desc,,无须担心，恐惧是生物最原始的本能。\n神明从不为难任何一只蝼蚁。祂以苏醒为你们赐福。,心配する必要はない、恐れは生物の最も原始的な本能である。\n神は決して一匹の蟻を苦しめない。彼はあなたたちに覚醒を祝福する。
Stage_67900_Name,aTNu,g关卡_Stage_A.csv,523,Stage,Name,,拉伊·刺骨之视,ライ・刺骨の視線
Stage_67900_Desc,aTNt,g关卡_Stage_A.csv,523,Stage,Desc,,感受疼痛吧，感受无上意志最原始的馈赠。\n在疼痛中，窥见造物主的威仪。,痛みを感じよ、無上意志の最も純粋な贈り物を感じよ。\n痛みの中で、創造主の威厳を覗き見る。
Stage_67899_Name,aTNr,g关卡_Stage_A.csv,524,Stage,Name,,疗养院·诡谲之视,療養所・奇怪の視線
Stage_67899_Desc,aTNq,g关卡_Stage_A.csv,524,Stage,Desc,,不必挣扎。不必抗争。不必尝试理解不可理解之物。\n在无上意志的目光中，迎接梦境的终结。,苦しむ必要はない。抗う必要はない。理解できないものを理解しようとする必要はない。\n無上意志の視線の中で、夢の終わりを迎えよ。
Stage_67898_Name,aTNo,g关卡_Stage_A.csv,525,Stage,Name,,布里尔珀特·邪信之视,ブリルポート・邪信の視線
Stage_67898_Desc,aTNn,g关卡_Stage_A.csv,525,Stage,Desc,,歌咏吧，伟大的造物主！\n在祂入梦时，生民繁荣兴盛。\n在祂睁眼时，万物化为尘埃。,歌いましょう、偉大なる創造主よ！\nそれが夢を見るとき、民は繁栄する。それが目を覚ますと、すべてが塵に変わる。
Stage_67897_Name,aTNl,g关卡_Stage_A.csv,526,Stage,Name,,索纳尼尔号·疯狂之视,ソナニール号・狂気の視線
Stage_67897_Desc,aTNk,g关卡_Stage_A.csv,526,Stage,Desc,,盲目痴愚的洪流上，秩序的楼阁轰然坍塌。\n理性从未存在过，唯有疯狂是你们的归宿。,盲目的で愚かな洪流の上で、秩序の楼閣は轟然と崩れ落ちる。\n理性は存在せず、ただ狂気があなたたちを待っている。
Stage_67918_Name,aTOw,g关卡_Stage_A.csv,527,Stage,Name,,勒姆瓦希·诞临之视,ヴォルムワヒ・顕現の視線
Stage_67918_Desc,aTOv,g关卡_Stage_A.csv,527,Stage,Desc,,那宏伟的文明，那人间的悲欢，那环绕你远离你的无数的人，从未存在过。梦境的消解，终将诞临。\n忘却吧，守密人们。忘却是最隆重的苦难。\n忘却是至福的解药。,壮大な文明、人間の悲喜、あなたを取り巻く人々は初めから存在しなかった。夢の終焉が訪れる。\n忘れよ、守秘者たち。忘却は最も隆盛な苦痛であり、忘却は至福の解毒剤だ。
Stage_67917_Name,aTOt,g关卡_Stage_A.csv,528,Stage,Name,,蚍蜉,蟻
Stage_67917_Desc,aTOs,g关卡_Stage_A.csv,528,Stage,Desc,,对蚍蜉而言，生存与毁灭从不是问题。\n它们生来便是要面对巨树的。,蟻にとって生存と破壊は問題ではない。\n彼らは巨大な木々に立ち向かうために生まれてきた。
Stage_91088_Name,byrI,g关卡_Stage_A.csv,1972,Stage,Name,,奴隶与奴隶主,奴隷と奴隷主
Stage_91088_Desc,byrH,g关卡_Stage_A.csv,1972,Stage,Desc,,他们是主仆、是凶手与死者、是同一片废墟的遗物。\n循着血脉的饥渴，他们在同一扇门前不期而遇。,彼らは主人と従者であり、殺した者と殺された者であり、同じ廃墟の残骸でもある。\n血の渇きに導かれるように、彼らは同じ扉の前で思いがけず巡り合った。
Stage_91091_Name,byrO,g关卡_Stage_A.csv,1973,Stage,Name,,罗马的力量,ローマの力
Stage_91091_Desc,byrN,g关卡_Stage_A.csv,1973,Stage,Desc,,谁说旧日的荣光不可归来？\n看着吧，可恶的现代科技，罗马的力量终将战胜一切！,誰が、かつての栄光は取り戻せないと言った？\n見ているがいい、この忌々しい現代科学め。ローマの力は、必ずやすべてを打ち破る！
Stage_56965_Desc,aTuD,g关卡_Stage_A.csv,2793,Stage,Desc,,启程吧。\n此行是通往「智慧」还是「愚昧」，只有踏上旅程才能知晓。,旅立とう。\nこれが「叡智」への道か、「愚昧」への道か、旅の先にその答えがある。
Stage_56934_Desc,aTsO,g关卡_Stage_A.csv,2794,Stage,Desc,,启程吧。\n此行是通往「智慧」还是「愚昧」，只有踏上旅程才能知晓。,旅立とう。\nこれが「叡智」への道か、「愚昧」への道か、旅の先にその答えがある。
Stage_56935_Desc,aTsR,g关卡_Stage_A.csv,2795,Stage,Desc,,启程吧。\n此行是通往「智慧」还是「愚昧」，只有踏上旅程才能知晓。,旅立とう。\nこれが「叡智」への道か、「愚昧」への道か、旅の先にその答えがある。
Stage_57004_Desc,aTwQ,g关卡_Stage_A.csv,2796,Stage,Desc,,启程吧。\n此行是通往「智慧」还是「愚昧」，只有踏上旅程才能知晓。,旅立とう。\nこれが「叡智」への道か、「愚昧」への道か、旅の先にその答えがある。
Stage_56969_Desc,aTuP,g关卡_Stage_A.csv,2797,Stage,Desc,,启程吧。\n此行是通往「智慧」还是「愚昧」，只有踏上旅程才能知晓。,旅立とう。\nこれが「叡智」への道か、「愚昧」への道か、旅の先にその答えがある。
Stage_56966_Desc,aTuG,g关卡_Stage_A.csv,2798,Stage,Desc,,启程吧。\n此行是通往「智慧」还是「愚昧」，只有踏上旅程才能知晓。,旅立とう。\nこれが「叡智」への道か、「愚昧」への道か、旅の先にその答えがある。
Stage_58464_Desc,aTHI,g关卡_Stage_A.csv,2799,Stage,Desc,,启程吧。\n此行是通往「智慧」还是「愚昧」，只有踏上旅程才能知晓。,旅立とう。\nこれが「叡智」への道か、「愚昧」への道か、旅の先にその答えがある。
Stage_57000_Desc,aTwE,g关卡_Stage_A.csv,2800,Stage,Desc,,此为「第一门」。\n入第一门者，需挣脱枷锁，舍弃本性，遗忘自身。\n囿于个体的视野无力承载荒诞的真实。,これぞ「第一の門」である。\n第一の門に入る者は、枷を断ち、本性を捨て、自身を忘れねばならない。\n個の狭き視野に囚われては、荒唐無稽な真実を受け止められない。
Stage_57003_Desc,aTwN,g关卡_Stage_A.csv,2801,Stage,Desc,,此为「第一门」。\n入第一门者，需挣脱枷锁，舍弃本性，遗忘自身。\n囿于个体的视野无力承载荒诞的真实。,これぞ「第一の門」である。\n第一の門に入る者は、枷を断ち、本性を捨て、自身を忘れねばならない。\n個の狭き視野に囚われては、荒唐無稽な真実を受け止められない。
Stage_57002_Desc,aTwK,g关卡_Stage_A.csv,2802,Stage,Desc,,此为「第一门」。\n入第一门者，需挣脱枷锁，舍弃本性，遗忘自身。\n囿于个体的视野无力承载荒诞的真实。,これぞ「第一の門」である。\n第一の門に入る者は、枷を断ち、本性を捨て、自身を忘れねばならない。\n個の狭き視野に囚われては、荒唐無稽な真実を受け止められない。
Stage_56997_Desc,aTwv,g关卡_Stage_A.csv,2803,Stage,Desc,,此为「第一门」。\n入第一门者，需挣脱枷锁，舍弃本性，遗忘自身。\n囿于个体的视野无力承载荒诞的真实。,これぞ「第一の門」である。\n第一の門に入る者は、枷を断ち、本性を捨て、自身を忘れねばならない。\n個の狭き視野に囚われては、荒唐無稽な真実を受け止められない。
Stage_56996_Desc,aTws,g关卡_Stage_A.csv,2804,Stage,Desc,,此为「第一门」。\n入第一门者，需挣脱枷锁，舍弃本性，遗忘自身。\n囿于个体的视野无力承载荒诞的真实。,これぞ「第一の門」である。\n第一の門に入る者は、枷を断ち、本性を捨て、自身を忘れねばならない。\n個の狭き視野に囚われては、荒唐無稽な真実を受け止められない。
Stage_56999_Desc,aTwB,g关卡_Stage_A.csv,2805,Stage,Desc,,此为「第一门」。\n入第一门者，需挣脱枷锁，舍弃本性，遗忘自身。\n囿于个体的视野无力承载荒诞的真实。,これぞ「第一の門」である。\n第一の門に入る者は、枷を断ち、本性を捨て、自身を忘れねばならない。\n個の狭き視野に囚われては、荒唐無稽な真実を受け止められない。
Stage_58467_Desc,aTHR,g关卡_Stage_A.csv,2806,Stage,Desc,,此为「第一门」。\n入第一门者，需挣脱枷锁，舍弃本性，遗忘自身。\n囿于个体的视野无力承载荒诞的真实。,これぞ「第一の門」である。\n第一の門に入る者は、枷を断ち、本性を捨て、自身を忘れねばならない。\n個の狭き視野に囚われては、荒唐無稽な真実を受け止められない。
Stage_56925_Desc,aTsn,g关卡_Stage_A.csv,2807,Stage,Desc,,此为「第二门」。\n入第二门者，勿妄断是非。\n是非只是规则制定者的臆断，而真理的所在超越一切知识。,これぞ「第二の門」である。\n第二の門に入る者は、軽々しく是非を断じてはならない。\n是非は規範を定むる者の独善。真理は、あらゆる知を超越する。
Stage_56926_Desc,aTsq,g关卡_Stage_A.csv,2808,Stage,Desc,,此为「第二门」。\n入第二门者，勿妄断是非。\n是非只是规则制定者的臆断，而真理的所在超越一切知识。,これぞ「第二の門」である。\n第二の門に入る者は、軽々しく是非を断じてはならない。\n是非は規範を定むる者の独善。真理は、あらゆる知を超越する。
Stage_56927_Desc,aTst,g关卡_Stage_A.csv,2809,Stage,Desc,,此为「第二门」。\n入第二门者，勿妄断是非。\n是非只是规则制定者的臆断，而真理的所在超越一切知识。,これぞ「第二の門」である。\n第二の門に入る者は、軽々しく是非を断じてはならない。\n是非は規範を定むる者の独善。真理は、あらゆる知を超越する。
Stage_56928_Desc,aTsw,g关卡_Stage_A.csv,2810,Stage,Desc,,此为「第二门」。\n入第二门者，勿妄断是非。\n是非只是规则制定者的臆断，而真理的所在超越一切知识。,これぞ「第二の門」である。\n第二の門に入る者は、軽々しく是非を断じてはならない。\n是非は規範を定むる者の独善。真理は、あらゆる知を超越する。
Stage_56929_Desc,aTsz,g关卡_Stage_A.csv,2811,Stage,Desc,,此为「第二门」。\n入第二门者，勿妄断是非。\n是非只是规则制定者的臆断，而真理的所在超越一切知识。,これぞ「第二の門」である。\n第二の門に入る者は、軽々しく是非を断じてはならない。\n是非は規範を定むる者の独善。真理は、あらゆる知を超越する。
Stage_56930_Desc,aTsC,g关卡_Stage_A.csv,2812,Stage,Desc,,此为「第二门」。\n入第二门者，勿妄断是非。\n是非只是规则制定者的臆断，而真理的所在超越一切知识。,これぞ「第二の門」である。\n第二の門に入る者は、軽々しく是非を断じてはならない。\n是非は規範を定むる者の独善。真理は、あらゆる知を超越する。
Stage_58468_Desc,aTHU,g关卡_Stage_A.csv,2813,Stage,Desc,,此为「第二门」。\n入第二门者，勿妄断是非。\n是非只是规则制定者的臆断，而真理的所在超越一切知识。,これぞ「第二の門」である。\n第二の門に入る者は、軽々しく是非を断じてはならない。\n是非は規範を定むる者の独善。真理は、あらゆる知を超越する。
Stage_56857_Name,aTos,g关卡_Stage_A.csv,2814,Stage,Name,,理智之门·之一,理知の門・第一幕
Stage_56857_Desc,aTor,g关卡_Stage_A.csv,2814,Stage,Desc,,此为「第三门」。\n入第三门者，不拘泥于粗浅的理智，得以知晓界限之外的知识。,これぞ「第三の門」である。\n第三の門に入る者は、浅薄な理性に囚われてはならない。\n境界の彼方にある知を知ることとなる。
Stage_56856_Name,aTop,g关卡_Stage_A.csv,2815,Stage,Name,,理智之门·之二,理知の門・第二幕
Stage_56856_Desc,aToo,g关卡_Stage_A.csv,2815,Stage,Desc,,此为「第三门」。\n入第三门者，不拘泥于粗浅的理智，得以知晓界限之外的知识。,これぞ「第三の門」である。\n第三の門に入る者は、浅薄な理性に囚われてはならない。\n境界の彼方にある知を知ることとなる。
Stage_56855_Name,aTom,g关卡_Stage_A.csv,2816,Stage,Name,,理智之门·之三,理知の門・第三幕
Stage_56855_Desc,aTol,g关卡_Stage_A.csv,2816,Stage,Desc,,此为「第三门」。\n入第三门者，不拘泥于粗浅的理智，得以知晓界限之外的知识。,これぞ「第三の門」である。\n第三の門に入る者は、浅薄な理性に囚われてはならない。\n境界の彼方にある知を知ることとなる。
Stage_56860_Name,aToB,g关卡_Stage_A.csv,2817,Stage,Name,,理智之门·之四,理知の門・第四幕
Stage_56860_Desc,aToA,g关卡_Stage_A.csv,2817,Stage,Desc,,此为「第三门」。\n入第三门者，不拘泥于粗浅的理智，得以知晓界限之外的知识。,これぞ「第三の門」である。\n第三の門に入る者は、浅薄な理性に囚われてはならない。\n境界の彼方にある知を知ることとなる。
Stage_56859_Name,aToy,g关卡_Stage_A.csv,2818,Stage,Name,,理智之门·之五,理知の門・第五幕
Stage_56859_Desc,aTox,g关卡_Stage_A.csv,2818,Stage,Desc,,此为「第三门」。\n入第三门者，不拘泥于粗浅的理智，得以知晓界限之外的知识。,これぞ「第三の門」である。\n第三の門に入る者は、浅薄な理性に囚われてはならない。\n境界の彼方にある知を知ることとなる。
Stage_56858_Name,aTov,g关卡_Stage_A.csv,2819,Stage,Name,,理智之门·之六,理知の門・第六幕
Stage_56858_Desc,aTou,g关卡_Stage_A.csv,2819,Stage,Desc,,此为「第三门」。\n入第三门者，不拘泥于粗浅的理智，得以知晓界限之外的知识。,これぞ「第三の門」である。\n第三の門に入る者は、浅薄な理性に囚われてはならない。\n境界の彼方にある知を知ることとなる。
Stage_58456_Name,aTHl,g关卡_Stage_A.csv,2820,Stage,Name,,理智之门·癫狂,理知の門・超難度
Stage_58456_Desc,aTHk,g关卡_Stage_A.csv,2820,Stage,Desc,,此为「第三门」。\n入第三门者，不拘泥于粗浅的理智，得以知晓界限之外的知识。,これぞ「第三の門」である。\n第三の門に入る者は、浅薄な理性に囚われてはならない。\n境界の彼方にある知を知ることとなる。
Stage_56947_Name,aTtC,g关卡_Stage_A.csv,2821,Stage,Name,,知行之门·之一,知行の門・第一幕
Stage_56947_Desc,aTtB,g关卡_Stage_A.csv,2821,Stage,Desc,,此为「第四门」。\n入第四门者，得见「祂」之真容。\n既见宇宙之博大，则了悟自身之渺小。不以蝼蚁撼树。,これぞ「第四の門」である。\n第四の門に入る者は、「かの存在」の真の姿を目にする。\n宇宙の広大さに、己の矮小さを悟る。蟻は大樹を揺るがそうとはしない。
Stage_56945_Name,aTtw,g关卡_Stage_A.csv,2822,Stage,Name,,知行之门·之二,知行の門・第二幕
Stage_56945_Desc,aTtv,g关卡_Stage_A.csv,2822,Stage,Desc,,此为「第四门」。\n入第四门者，得见「祂」之真容。\n既见宇宙之博大，则了悟自身之渺小。不以蝼蚁撼树。,これぞ「第四の門」である。\n第四の門に入る者は、「かの存在」の真の姿を目にする。\n宇宙の広大さに、己の矮小さを悟る。蟻は大樹を揺るがそうとはしない。
Stage_56946_Name,aTtz,g关卡_Stage_A.csv,2823,Stage,Name,,知行之门·之三,知行の門・第三幕
Stage_56946_Desc,aTty,g关卡_Stage_A.csv,2823,Stage,Desc,,此为「第四门」。\n入第四门者，得见「祂」之真容。\n既见宇宙之博大，则了悟自身之渺小。不以蝼蚁撼树。,これぞ「第四の門」である。\n第四の門に入る者は、「かの存在」の真の姿を目にする。\n宇宙の広大さに、己の矮小さを悟る。蟻は大樹を揺るがそうとはしない。
Stage_56943_Name,aTtq,g关卡_Stage_A.csv,2824,Stage,Name,,知行之门·之四,知行の門・第四幕
Stage_56943_Desc,aTtp,g关卡_Stage_A.csv,2824,Stage,Desc,,此为「第四门」。\n入第四门者，得见「祂」之真容。\n既见宇宙之博大，则了悟自身之渺小。不以蝼蚁撼树。,これぞ「第四の門」である。\n第四の門に入る者は、「かの存在」の真の姿を目にする。\n宇宙の広大さに、己の矮小さを悟る。蟻は大樹を揺るがそうとはしない。
Stage_56944_Name,aTtt,g关卡_Stage_A.csv,2825,Stage,Name,,知行之门·之五,知行の門・第五幕
Stage_56944_Desc,aTts,g关卡_Stage_A.csv,2825,Stage,Desc,,此为「第四门」。\n入第四门者，得见「祂」之真容。\n既见宇宙之博大，则了悟自身之渺小。不以蝼蚁撼树。,これぞ「第四の門」である。\n第四の門に入る者は、「かの存在」の真の姿を目にする。\n宇宙の広大さに、己の矮小さを悟る。蟻は大樹を揺るがそうとはしない。
Stage_56942_Name,aTtn,g关卡_Stage_A.csv,2826,Stage,Name,,知行之门·之六,知行の門・第六幕
Stage_56942_Desc,aTtm,g关卡_Stage_A.csv,2826,Stage,Desc,,此为「第四门」。\n入第四门者，得见「祂」之真容。\n既见宇宙之博大，则了悟自身之渺小。不以蝼蚁撼树。,これぞ「第四の門」である。\n第四の門に入る者は、「かの存在」の真の姿を目にする。\n宇宙の広大さに、己の矮小さを悟る。蟻は大樹を揺るがそうとはしない。
Stage_58451_Name,aTGW,g关卡_Stage_A.csv,2827,Stage,Name,,知行之门·癫狂,知行の門・超難度
Stage_58451_Desc,aTGV,g关卡_Stage_A.csv,2827,Stage,Desc,,此为「第四门」。\n入第四门者，得见「祂」之真容。\n既见宇宙之博大，则了悟自身之渺小。不以蝼蚁撼树。,これぞ「第四の門」である。\n第四の門に入る者は、「かの存在」の真の姿を目にする。\n宇宙の広大さに、己の矮小さを悟る。蟻は大樹を揺るがそうとはしない。
Stage_56861_Desc,aToD,g关卡_Stage_A.csv,2828,Stage,Desc,,此为「第五门」。\n入第五门者，与寰宇同享无上秘密。\n万物均为「祂」的一呼一吸所化，亦将因「祂」的吐息而湮没。,これぞ「第五の門」である。\n第五の門に入る者は、万象とともに至高の秘奥を分かち合う。\n万物は「それ」のひと息より生まれ、それの吐息によって虚無に帰す。
Stage_56863_Desc,aToJ,g关卡_Stage_A.csv,2829,Stage,Desc,,此为「第五门」。\n入第五门者，与寰宇同享无上秘密。\n万物均为「祂」的一呼一吸所化，亦将因「祂」的吐息而湮没。,これぞ「第五の門」である。\n第五の門に入る者は、万象とともに至高の秘奥を分かち合う。\n万物は「それ」のひと息より生まれ、それの吐息によって虚無に帰す。
Stage_56862_Desc,aToG,g关卡_Stage_A.csv,2830,Stage,Desc,,此为「第五门」。\n入第五门者，与寰宇同享无上秘密。\n万物均为「祂」的一呼一吸所化，亦将因「祂」的吐息而湮没。,これぞ「第五の門」である。\n第五の門に入る者は、万象とともに至高の秘奥を分かち合う。\n万物は「それ」のひと息より生まれ、それの吐息によって虚無に帰す。
Stage_56865_Desc,aToP,g关卡_Stage_A.csv,2831,Stage,Desc,,此为「第五门」。\n入第五门者，与寰宇同享无上秘密。\n万物均为「祂」的一呼一吸所化，亦将因「祂」的吐息而湮没。,これぞ「第五の門」である。\n第五の門に入る者は、万象とともに至高の秘奥を分かち合う。\n万物は「それ」のひと息より生まれ、それの吐息によって虚無に帰す。
Stage_56864_Desc,aToM,g关卡_Stage_A.csv,2832,Stage,Desc,,此为「第五门」。\n入第五门者，与寰宇同享无上秘密。\n万物均为「祂」的一呼一吸所化，亦将因「祂」的吐息而湮没。,これぞ「第五の門」である。\n第五の門に入る者は、万象とともに至高の秘奥を分かち合う。\n万物は「それ」のひと息より生まれ、それの吐息によって虚無に帰す。
Stage_56866_Desc,aToS,g关卡_Stage_A.csv,2833,Stage,Desc,,此为「第五门」。\n入第五门者，与寰宇同享无上秘密。\n万物均为「祂」的一呼一吸所化，亦将因「祂」的吐息而湮没。,これぞ「第五の門」である。\n第五の門に入る者は、万象とともに至高の秘奥を分かち合う。\n万物は「それ」のひと息より生まれ、それの吐息によって虚無に帰す。
Stage_58460_Desc,aTHw,g关卡_Stage_A.csv,2834,Stage,Desc,,此为「第五门」。\n入第五门者，与寰宇同享无上秘密。\n万物均为「祂」的一呼一吸所化，亦将因「祂」的吐息而湮没。,これぞ「第五の門」である。\n第五の門に入る者は、万象とともに至高の秘奥を分かち合う。\n万物は「それ」のひと息より生まれ、それの吐息によって虚無に帰す。
Stage_56967_Desc,aTuJ,g关卡_Stage_A.csv,2835,Stage,Desc,,此为「第六门」。\n入第六门者，贯联诸世，于万千维度中得求永恒的存续。,これぞ「第六の門」である。\n第六の門に入る者は、諸世界を貫き結ぶ。\n無数の次元を超えて永遠なる存続を得る。
Stage_56968_Desc,aTuM,g关卡_Stage_A.csv,2836,Stage,Desc,,此为「第六门」。\n入第六门者，贯联诸世，于万千维度中得求永恒的存续。,これぞ「第六の門」である。\n第六の門に入る者は、諸世界を貫き結ぶ。\n無数の次元を超えて永遠なる存続を得る。
Stage_56931_Desc,aTsF,g关卡_Stage_A.csv,2837,Stage,Desc,,此为「第六门」。\n入第六门者，贯联诸世，于万千维度中得求永恒的存续。,これぞ「第六の門」である。\n第六の門に入る者は、諸世界を貫き結ぶ。\n無数の次元を超えて永遠なる存続を得る。
Stage_56962_Desc,aTuu,g关卡_Stage_A.csv,2838,Stage,Desc,,此为「第六门」。\n入第六门者，贯联诸世，于万千维度中得求永恒的存续。,これぞ「第六の門」である。\n第六の門に入る者は、諸世界を貫き結ぶ。\n無数の次元を超えて永遠なる存続を得る。
Stage_56963_Desc,aTux,g关卡_Stage_A.csv,2839,Stage,Desc,,此为「第六门」。\n入第六门者，贯联诸世，于万千维度中得求永恒的存续。,これぞ「第六の門」である。\n第六の門に入る者は、諸世界を貫き結ぶ。\n無数の次元を超えて永遠なる存続を得る。
Stage_56964_Desc,aTuA,g关卡_Stage_A.csv,2840,Stage,Desc,,此为「第六门」。\n入第六门者，贯联诸世，于万千维度中得求永恒的存续。,これぞ「第六の門」である。\n第六の門に入る者は、諸世界を貫き結ぶ。\n無数の次元を超えて永遠なる存続を得る。
Stage_58462_Desc,aTHC,g关卡_Stage_A.csv,2841,Stage,Desc,,此为「第六门」。\n入第六门者，贯联诸世，于万千维度中得求永恒的存续。,これぞ「第六の門」である。\n第六の門に入る者は、諸世界を貫き結ぶ。\n無数の次元を超えて永遠なる存続を得る。
Stage_56887_Name,aTqe,g关卡_Stage_A.csv,2842,Stage,Name,,穷极之门·之一,究極の門・第一幕
Stage_56887_Desc,aTqd,g关卡_Stage_A.csv,2842,Stage,Desc,,此为「第七门」。\n时间的洪流在此处暂停，永恒的智慧将引领彷徨的探求者走出最深的迷惘。,これぞ「第七の門」である。\n時の大河はここにその流れを止める。\n永遠の叡智は、彷徨える求道者を深き迷いより導き出す。
Stage_56886_Name,aTqb,g关卡_Stage_A.csv,2843,Stage,Name,,穷极之门·之二,究極の門・第二幕
Stage_56886_Desc,aTqa,g关卡_Stage_A.csv,2843,Stage,Desc,,此为「第七门」。\n时间的洪流在此处暂停，永恒的智慧将引领彷徨的探求者走出最深的迷惘。,これぞ「第七の門」である。\n時の大河はここにその流れを止める。\n永遠の叡智は、彷徨える求道者を深き迷いより導き出す。
Stage_56885_Name,aTpY,g关卡_Stage_A.csv,2844,Stage,Name,,穷极之门·之三,究極の門・第三幕
Stage_56885_Desc,aTpX,g关卡_Stage_A.csv,2844,Stage,Desc,,此为「第七门」。\n时间的洪流在此处暂停，永恒的智慧将引领彷徨的探求者走出最深的迷惘。,これぞ「第七の門」である。\n時の大河はここにその流れを止める。\n永遠の叡智は、彷徨える求道者を深き迷いより導き出す。
Stage_56884_Name,aTpV,g关卡_Stage_A.csv,2845,Stage,Name,,穷极之门·之四,究極の門・第四幕
Stage_56884_Desc,aTpU,g关卡_Stage_A.csv,2845,Stage,Desc,,此为「第七门」。\n时间的洪流在此处暂停，永恒的智慧将引领彷徨的探求者走出最深的迷惘。,これぞ「第七の門」である。\n時の大河はここにその流れを止める。\n永遠の叡智は、彷徨える求道者を深き迷いより導き出す。
Stage_56883_Name,aTpS,g关卡_Stage_A.csv,2846,Stage,Name,,穷极之门·之五,究極の門・第五幕
Stage_56883_Desc,aTpR,g关卡_Stage_A.csv,2846,Stage,Desc,,此为「第七门」。\n时间的洪流在此处暂停，永恒的智慧将引领彷徨的探求者走出最深的迷惘。,これぞ「第七の門」である。\n時の大河はここにその流れを止める。\n永遠の叡智は、彷徨える求道者を深き迷いより導き出す。
Stage_56882_Name,aTpP,g关卡_Stage_A.csv,2847,Stage,Name,,穷极之门·之六,究極の門・第六幕
Stage_56882_Desc,aTpO,g关卡_Stage_A.csv,2847,Stage,Desc,,此为「第七门」。\n时间的洪流在此处暂停，永恒的智慧将引领彷徨的探求者走出最深的迷惘。,これぞ「第七の門」である。\n時の大河はここにその流れを止める。\n永遠の叡智は、彷徨える求道者を深き迷いより導き出す。
Stage_58479_Name,aTIC,g关卡_Stage_A.csv,2848,Stage,Name,,穷极之门·癫狂,究極の門・超難度
Stage_58479_Desc,aTIB,g关卡_Stage_A.csv,2848,Stage,Desc,,此为「第七门」。\n时间的洪流在此处暂停，永恒的智慧将引领彷徨的探求者走出最深的迷惘。,これぞ「第七の門」である。\n時の大河はここにその流れを止める。\n永遠の叡智は、彷徨える求道者を深き迷いより導き出す。
Stage_56979_Name,aTvu,g关卡_Stage_A.csv,2849,Stage,Name,,门扉之内·之一,扉の内・第一幕
Stage_56979_Desc,aTvt,g关卡_Stage_A.csv,2849,Stage,Desc,,为何你仍不肯舍弃？为何你仍愚钝如初？\n……守护他们吗。\n如果这便是你的答案，你终将献出你的骨，你的血，你的灵知，你的一切。,なぜ捨てようとしない？なぜ愚かなるままなのだ。\n……彼らを護るため、か。\nそれがお前の道ならば、いずれ骨を、血を、霊知を、すべてを捧げることだろう。
Stage_56977_Name,aTvo,g关卡_Stage_A.csv,2850,Stage,Name,,门扉之内·之二,扉の内・第二幕
Stage_56977_Desc,aTvn,g关卡_Stage_A.csv,2850,Stage,Desc,,为何你仍不肯舍弃？为何你仍愚钝如初？\n……守护他们吗。\n如果这便是你的答案，你终将献出你的骨，你的血，你的灵知，你的一切。,なぜ捨てようとしない？なぜ愚かなるままなのだ。\n……彼らを護るため、か。\nそれがお前の道ならば、いずれ骨を、血を、霊知を、すべてを捧げることだろう。
Stage_56978_Name,aTvr,g关卡_Stage_A.csv,2851,Stage,Name,,门扉之内·之三,扉の内・第三幕
Stage_56978_Desc,aTvq,g关卡_Stage_A.csv,2851,Stage,Desc,,为何你仍不肯舍弃？为何你仍愚钝如初？\n……守护他们吗。\n如果这便是你的答案，你终将献出你的骨，你的血，你的灵知，你的一切。,なぜ捨てようとしない？なぜ愚かなるままなのだ。\n……彼らを護るため、か。\nそれがお前の道ならば、いずれ骨を、血を、霊知を、すべてを捧げることだろう。
Stage_56981_Name,aTvA,g关卡_Stage_A.csv,2852,Stage,Name,,门扉之内·之四,扉の内・第四幕
Stage_56981_Desc,aTvz,g关卡_Stage_A.csv,2852,Stage,Desc,,为何你仍不肯舍弃？为何你仍愚钝如初？\n……守护他们吗。\n如果这便是你的答案，你终将献出你的骨，你的血，你的灵知，你的一切。,なぜ捨てようとしない？なぜ愚かなるままなのだ。\n……彼らを護るため、か。\nそれがお前の道ならば、いずれ骨を、血を、霊知を、すべてを捧げることだろう。
Stage_56982_Name,aTvD,g关卡_Stage_A.csv,2853,Stage,Name,,门扉之内·之五,扉の内・第五幕
Stage_56982_Desc,aTvC,g关卡_Stage_A.csv,2853,Stage,Desc,,为何你仍不肯舍弃？为何你仍愚钝如初？\n……守护他们吗。\n如果这便是你的答案，你终将献出你的骨，你的血，你的灵知，你的一切。,なぜ捨てようとしない？なぜ愚かなるままなのだ。\n……彼らを護るため、か。\nそれがお前の道ならば、いずれ骨を、血を、霊知を、すべてを捧げることだろう。
Stage_56980_Name,aTvx,g关卡_Stage_A.csv,2854,Stage,Name,,门扉之内·之六,扉の内・第六幕
Stage_56980_Desc,aTvw,g关卡_Stage_A.csv,2854,Stage,Desc,,为何你仍不肯舍弃？为何你仍愚钝如初？\n……守护他们吗。\n如果这便是你的答案，你终将献出你的骨，你的血，你的灵知，你的一切。,なぜ捨てようとしない？なぜ愚かなるままなのだ。\n……彼らを護るため、か。\nそれがお前の道ならば、いずれ骨を、血を、霊知を、すべてを捧げることだろう。
Stage_58474_Name,aTIn,g关卡_Stage_A.csv,2855,Stage,Name,,门扉之内·癫狂,扉の内・超難度
Stage_58474_Desc,aTIm,g关卡_Stage_A.csv,2855,Stage,Desc,,为何你仍不肯舍弃？为何你仍愚钝如初？\n……守护他们吗。\n如果这便是你的答案，你终将献出你的骨，你的血，你的灵知，你的一切。,なぜ捨てようとしない？なぜ愚かなるままなのだ。\n……彼らを護るため、か。\nそれがお前の道ならば、いずれ骨を、血を、霊知を、すべてを捧げることだろう。
Stage_56881_Name,aTpM,g关卡_Stage_A.csv,2933,Stage,Name,,星星·之一,星・第一幕
Stage_56880_Name,aTpJ,g关卡_Stage_A.csv,2934,Stage,Name,,星星·之二,星・第二幕
Stage_56879_Name,aTpG,g关卡_Stage_A.csv,2935,Stage,Name,,星星·之三,星・第三幕
Stage_56878_Name,aTpD,g关卡_Stage_A.csv,2936,Stage,Name,,星星·之四,星・第四幕
Stage_56877_Name,aTpA,g关卡_Stage_A.csv,2937,Stage,Name,,星星·之五,星・第五幕
Stage_56876_Name,aTpx,g关卡_Stage_A.csv,2938,Stage,Name,,星星·之六,星・第六幕
Stage_58475_Name,aTIq,g关卡_Stage_A.csv,2939,Stage,Name,,星星·癫狂,星・超難度
Stage_56988_Name,aTvV,g关卡_Stage_A.csv,2940,Stage,Name,,璀璨消亡·之一,輝かしい消滅・第一幕
Stage_56909_Name,aTrs,g关卡_Stage_A.csv,2941,Stage,Name,,璀璨消亡·之二,輝かしい消滅・第二幕
Stage_56986_Name,aTvP,g关卡_Stage_A.csv,2942,Stage,Name,,璀璨消亡·之三,輝かしい消滅・第三幕
Stage_56923_Name,aTsi,g关卡_Stage_A.csv,2943,Stage,Name,,璀璨消亡·之四,輝かしい消滅・第四幕
Stage_56917_Name,aTrQ,g关卡_Stage_A.csv,2944,Stage,Name,,璀璨消亡·之五,輝かしい消滅・第五幕
Stage_56989_Name,aTvY,g关卡_Stage_A.csv,2945,Stage,Name,,璀璨消亡·之六,輝かしい消滅・第六幕
Stage_58478_Name,aTIz,g关卡_Stage_A.csv,2946,Stage,Name,,璀璨消亡·癫狂,輝かしい消滅・超難度
Stage_56990_Desc,aTwa,g关卡_Stage_A.csv,2954,Stage,Desc,,无数人渴求真实，前仆后继。\n无数人捧着真实的碎片，以为盲眼获得了光明，便开始鼓吹天堂的美好。\n只有她找到了真实之酒， 将那琼浆一口饮下。\n咕咚。\n她颓然醉倒，她毒入膏肓。\n果然无数的傻子已然证明，真实只是一杯毒药。\n饮少者毒发，饮多者身亡。\n如今她已时日无多，只想与你共同品尝。,無数の人が真実を渇望し、堕ちていく。\n無数の人が真実のかけらを手にし、盲目の目が光を得たと思い込み、天国の美しさを語る。\nただ彼女だけが真実の酒を見つけ、その極上の美酒を一口飲み下した。\nごくり。\n彼女は朦朧と酔いしれ、毒がその身の奥深く入り込む。\nそう、無数の愚か者たちがすでに証明したように、真実は毒の杯に過ぎない。\n少し飲めば毒が回り、多く飲めば死に至る。\n今や彼女に残された時間はわずか……ただ、あなたとともにその味を分かち合いたいと願うばかりだった。
Stage_56991_Desc,aTwd,g关卡_Stage_A.csv,2955,Stage,Desc,,无数人渴求真实，前仆后继。\n无数人捧着真实的碎片，以为盲眼获得了光明，便开始鼓吹天堂的美好。\n只有她找到了真实之酒， 将那琼浆一口饮下。\n咕咚。\n她颓然醉倒，她毒入膏肓。\n果然无数的傻子已然证明，真实只是一杯毒药。\n饮少者毒发，饮多者身亡。\n如今她已时日无多，只想与你共同品尝。,無数の人が真実を渇望し、堕ちていく。\n無数の人が真実のかけらを手にし、盲目の目が光を得たと思い込み、天国の美しさを語る。\nただ彼女だけが真実の酒を見つけ、その極上の美酒を一口飲み下した。\nごくり。\n彼女は朦朧と酔いしれ、毒がその身の奥深く入り込む。\nそう、無数の愚か者たちがすでに証明したように、真実は毒の杯に過ぎない。\n少し飲めば毒が回り、多く飲めば死に至る。\n今や彼女に残された時間はわずか……ただ、あなたとともにその味を分かち合いたいと願うばかりだった。
Stage_56992_Desc,aTwg,g关卡_Stage_A.csv,2956,Stage,Desc,,无数人渴求真实，前仆后继。\n无数人捧着真实的碎片，以为盲眼获得了光明，便开始鼓吹天堂的美好。\n只有她找到了真实之酒， 将那琼浆一口饮下。\n咕咚。\n她颓然醉倒，她毒入膏肓。\n果然无数的傻子已然证明，真实只是一杯毒药。\n饮少者毒发，饮多者身亡。\n如今她已时日无多，只想与你共同品尝。,無数の人が真実を渇望し、堕ちていく。\n無数の人が真実のかけらを手にし、盲目の目が光を得たと思い込み、天国の美しさを語る。\nただ彼女だけが真実の酒を見つけ、その極上の美酒を一口飲み下した。\nごくり。\n彼女は朦朧と酔いしれ、毒がその身の奥深く入り込む。\nそう、無数の愚か者たちがすでに証明したように、真実は毒の杯に過ぎない。\n少し飲めば毒が回り、多く飲めば死に至る。\n今や彼女に残された時間はわずか……ただ、あなたとともにその味を分かち合いたいと願うばかりだった。
Stage_56985_Desc,aTvL,g关卡_Stage_A.csv,2957,Stage,Desc,,无数人渴求真实，前仆后继。\n无数人捧着真实的碎片，以为盲眼获得了光明，便开始鼓吹天堂的美好。\n只有她找到了真实之酒， 将那琼浆一口饮下。\n咕咚。\n她颓然醉倒，她毒入膏肓。\n果然无数的傻子已然证明，真实只是一杯毒药。\n饮少者毒发，饮多者身亡。\n如今她已时日无多，只想与你共同品尝。,無数の人が真実を渇望し、堕ちていく。\n無数の人が真実のかけらを手にし、盲目の目が光を得たと思い込み、天国の美しさを語る。\nただ彼女だけが真実の酒を見つけ、その極上の美酒を一口飲み下した。\nごくり。\n彼女は朦朧と酔いしれ、毒がその身の奥深く入り込む。\nそう、無数の愚か者たちがすでに証明したように、真実は毒の杯に過ぎない。\n少し飲めば毒が回り、多く飲めば死に至る。\n今や彼女に残された時間はわずか……ただ、あなたとともにその味を分かち合いたいと願うばかりだった。
Stage_56910_Desc,aTru,g关卡_Stage_A.csv,2958,Stage,Desc,,无数人渴求真实，前仆后继。\n无数人捧着真实的碎片，以为盲眼获得了光明，便开始鼓吹天堂的美好。\n只有她找到了真实之酒， 将那琼浆一口饮下。\n咕咚。\n她颓然醉倒，她毒入膏肓。\n果然无数的傻子已然证明，真实只是一杯毒药。\n饮少者毒发，饮多者身亡。\n如今她已时日无多，只想与你共同品尝。,無数の人が真実を渇望し、堕ちていく。\n無数の人が真実のかけらを手にし、盲目の目が光を得たと思い込み、天国の美しさを語る。\nただ彼女だけが真実の酒を見つけ、その極上の美酒を一口飲み下した。\nごくり。\n彼女は朦朧と酔いしれ、毒がその身の奥深く入り込む。\nそう、無数の愚か者たちがすでに証明したように、真実は毒の杯に過ぎない。\n少し飲めば毒が回り、多く飲めば死に至る。\n今や彼女に残された時間はわずか……ただ、あなたとともにその味を分かち合いたいと願うばかりだった。
Stage_56987_Desc,aTvR,g关卡_Stage_A.csv,2959,Stage,Desc,,无数人渴求真实，前仆后继。\n无数人捧着真实的碎片，以为盲眼获得了光明，便开始鼓吹天堂的美好。\n只有她找到了真实之酒， 将那琼浆一口饮下。\n咕咚。\n她颓然醉倒，她毒入膏肓。\n果然无数的傻子已然证明，真实只是一杯毒药。\n饮少者毒发，饮多者身亡。\n如今她已时日无多，只想与你共同品尝。,無数の人が真実を渇望し、堕ちていく。\n無数の人が真実のかけらを手にし、盲目の目が光を得たと思い込み、天国の美しさを語る。\nただ彼女だけが真実の酒を見つけ、その極上の美酒を一口飲み下した。\nごくり。\n彼女は朦朧と酔いしれ、毒がその身の奥深く入り込む。\nそう、無数の愚か者たちがすでに証明したように、真実は毒の杯に過ぎない。\n少し飲めば毒が回り、多く飲めば死に至る。\n今や彼女に残された時間はわずか……ただ、あなたとともにその味を分かち合いたいと願うばかりだった。
Stage_58477_Desc,aTIv,g关卡_Stage_A.csv,2960,Stage,Desc,,无数人渴求真实，前仆后继。\n无数人捧着真实的碎片，以为盲眼获得了光明，便开始鼓吹天堂的美好。\n只有她找到了真实之酒， 将那琼浆一口饮下。\n咕咚。\n她颓然醉倒，她毒入膏肓。\n果然无数的傻子已然证明，真实只是一杯毒药。\n饮少者毒发，饮多者身亡。\n如今她已时日无多，只想与你共同品尝。,無数の人が真実を渇望し、堕ちていく。\n無数の人が真実のかけらを手にし、盲目の目が光を得たと思い込み、天国の美しさを語る。\nただ彼女だけが真実の酒を見つけ、その極上の美酒を一口飲み下した。\nごくり。\n彼女は朦朧と酔いしれ、毒がその身の奥深く入り込む。\nそう、無数の愚か者たちがすでに証明したように、真実は毒の杯に過ぎない。\n少し飲めば毒が回り、多く飲めば死に至る。\n今や彼女に残された時間はわずか……ただ、あなたとともにその味を分かち合いたいと願うばかりだった。
Stage_56984_Name,aTvJ,g关卡_Stage_A.csv,2961,Stage,Name,,傀儡线·之一,操り糸・第一幕
Stage_56984_Desc,aTvI,g关卡_Stage_A.csv,2961,Stage,Desc,,人偶的手中垂下丝线，勾连着世界的零件。\n咔哒、滋啦，动动手指，世界崩坏。\n又是什么垂在人偶头顶，使它不断为虚无献上舞蹈。,人形の手には糸が垂れ下がり、世界のパーツを繋いでいる。\nカチッ、ギギッ、指を動かすと、世界が崩壊する。\nその人形の頭上に垂れる糸を引くのは、いったい何者なのか。\n虚無へと捧げる踊りを、絶え間なく舞わせ続けるのは。
Stage_56895_Name,aTqC,g关卡_Stage_A.csv,2962,Stage,Name,,傀儡线·之二,操り糸・第二幕
Stage_56895_Desc,aTqB,g关卡_Stage_A.csv,2962,Stage,Desc,,人偶的手中垂下丝线，勾连着世界的零件。\n咔哒、滋啦，动动手指，世界崩坏。\n又是什么垂在人偶头顶，使它不断为虚无献上舞蹈。,人形の手には糸が垂れ下がり、世界のパーツを繋いでいる。\nカチッ、ギギッ、指を動かすと、世界が崩壊する。\nその人形の頭上に垂れる糸を引くのは、いったい何者なのか。\n虚無へと捧げる踊りを、絶え間なく舞わせ続けるのは。
Stage_56983_Name,aTvG,g关卡_Stage_A.csv,2963,Stage,Name,,傀儡线·之三,操り糸・第三幕
Stage_56983_Desc,aTvF,g关卡_Stage_A.csv,2963,Stage,Desc,,人偶的手中垂下丝线，勾连着世界的零件。\n咔哒、滋啦，动动手指，世界崩坏。\n又是什么垂在人偶头顶，使它不断为虚无献上舞蹈。,人形の手には糸が垂れ下がり、世界のパーツを繋いでいる。\nカチッ、ギギッ、指を動かすと、世界が崩壊する。\nその人形の頭上に垂れる糸を引くのは、いったい何者なのか。\n虚無へと捧げる踊りを、絶え間なく舞わせ続けるのは。
Stage_56994_Name,aTwn,g关卡_Stage_A.csv,2964,Stage,Name,,傀儡线·之四,操り糸・第四幕
Stage_56994_Desc,aTwm,g关卡_Stage_A.csv,2964,Stage,Desc,,人偶的手中垂下丝线，勾连着世界的零件。\n咔哒、滋啦，动动手指，世界崩坏。\n又是什么垂在人偶头顶，使它不断为虚无献上舞蹈。,人形の手には糸が垂れ下がり、世界のパーツを繋いでいる。\nカチッ、ギギッ、指を動かすと、世界が崩壊する。\nその人形の頭上に垂れる糸を引くのは、いったい何者なのか。\n虚無へと捧げる踊りを、絶え間なく舞わせ続けるのは。
Stage_56900_Name,aTqR,g关卡_Stage_A.csv,2965,Stage,Name,,傀儡线·之五,操り糸・第五幕
Stage_56900_Desc,aTqQ,g关卡_Stage_A.csv,2965,Stage,Desc,,人偶的手中垂下丝线，勾连着世界的零件。\n咔哒、滋啦，动动手指，世界崩坏。\n又是什么垂在人偶头顶，使它不断为虚无献上舞蹈。,人形の手には糸が垂れ下がり、世界のパーツを繋いでいる。\nカチッ、ギギッ、指を動かすと、世界が崩壊する。\nその人形の頭上に垂れる糸を引くのは、いったい何者なのか。\n虚無へと捧げる踊りを、絶え間なく舞わせ続けるのは。
Stage_56993_Name,aTwk,g关卡_Stage_A.csv,2966,Stage,Name,,傀儡线·之六,操り糸・第六幕
Stage_56993_Desc,aTwj,g关卡_Stage_A.csv,2966,Stage,Desc,,人偶的手中垂下丝线，勾连着世界的零件。\n咔哒、滋啦，动动手指，世界崩坏。\n又是什么垂在人偶头顶，使它不断为虚无献上舞蹈。,人形の手には糸が垂れ下がり、世界のパーツを繋いでいる。\nカチッ、ギギッ、指を動かすと、世界が崩壊する。\nその人形の頭上に垂れる糸を引くのは、いったい何者なのか。\n虚無へと捧げる踊りを、絶え間なく舞わせ続けるのは。
Stage_58454_Name,aTHf,g关卡_Stage_A.csv,2967,Stage,Name,,傀儡线·癫狂,操り糸・超難度
Stage_58454_Desc,aTHe,g关卡_Stage_A.csv,2967,Stage,Desc,,人偶的手中垂下丝线，勾连着世界的零件。\n咔哒、滋啦，动动手指，世界崩坏。\n又是什么垂在人偶头顶，使它不断为虚无献上舞蹈。,人形の手には糸が垂れ下がり、世界のパーツを繋いでいる。\nカチッ、ギギッ、指を動かすと、世界が崩壊する。\nその人形の頭上に垂れる糸を引くのは、いったい何者なのか。\n虚無へと捧げる踊りを、絶え間なく舞わせ続けるのは。
Stage_56901_Desc,aTqT,g关卡_Stage_A.csv,2968,Stage,Desc,,这世上本来没有门。\n想要门的人多了，世上便有了各种各样的门。\n人人都说自己的门背后才是天堂。\n然而啊，那古老的预言早已言明，这世上从来就没有门。\n想在人间建立天堂的，终会开启地狱的大门。,この世には、もともと扉など存在しなかった。\nだが、扉を求める者が増えるにつれ、この世にはさまざまな扉が生まれた。\n誰もが、自らの扉の向こうにこそ楽園があると語る。\nしかし、古い予言は、とうの昔に告げていた。\nこの世に、扉など最初から存在しないのだと。\n地上に楽園を築こうとする者は、やがて地獄の門を開くことになるだろう。
Stage_56898_Desc,aTqK,g关卡_Stage_A.csv,2969,Stage,Desc,,这世上本来没有门。\n想要门的人多了，世上便有了各种各样的门。\n人人都说自己的门背后才是天堂。\n然而啊，那古老的预言早已言明，这世上从来就没有门。\n想在人间建立天堂的，终会开启地狱的大门。,この世には、もともと扉など存在しなかった。\nだが、扉を求める者が増えるにつれ、この世にはさまざまな扉が生まれた。\n誰もが、自らの扉の向こうにこそ楽園があると語る。\nしかし、古い予言は、とうの昔に告げていた。\nこの世に、扉など最初から存在しないのだと。\n地上に楽園を築こうとする者は、やがて地獄の門を開くことになるだろう。
Stage_56899_Desc,aTqN,g关卡_Stage_A.csv,2970,Stage,Desc,,这世上本来没有门。\n想要门的人多了，世上便有了各种各样的门。\n人人都说自己的门背后才是天堂。\n然而啊，那古老的预言早已言明，这世上从来就没有门。\n想在人间建立天堂的，终会开启地狱的大门。,この世には、もともと扉など存在しなかった。\nだが、扉を求める者が増えるにつれ、この世にはさまざまな扉が生まれた。\n誰もが、自らの扉の向こうにこそ楽園があると語る。\nしかし、古い予言は、とうの昔に告げていた。\nこの世に、扉など最初から存在しないのだと。\n地上に楽園を築こうとする者は、やがて地獄の門を開くことになるだろう。
Stage_56896_Desc,aTqE,g关卡_Stage_A.csv,2971,Stage,Desc,,这世上本来没有门。\n想要门的人多了，世上便有了各种各样的门。\n人人都说自己的门背后才是天堂。\n然而啊，那古老的预言早已言明，这世上从来就没有门。\n想在人间建立天堂的，终会开启地狱的大门。,この世には、もともと扉など存在しなかった。\nだが、扉を求める者が増えるにつれ、この世にはさまざまな扉が生まれた。\n誰もが、自らの扉の向こうにこそ楽園があると語る。\nしかし、古い予言は、とうの昔に告げていた。\nこの世に、扉など最初から存在しないのだと。\n地上に楽園を築こうとする者は、やがて地獄の門を開くことになるだろう。
Stage_56897_Desc,aTqH,g关卡_Stage_A.csv,2972,Stage,Desc,,这世上本来没有门。\n想要门的人多了，世上便有了各种各样的门。\n人人都说自己的门背后才是天堂。\n然而啊，那古老的预言早已言明，这世上从来就没有门。\n想在人间建立天堂的，终会开启地狱的大门。,この世には、もともと扉など存在しなかった。\nだが、扉を求める者が増えるにつれ、この世にはさまざまな扉が生まれた。\n誰もが、自らの扉の向こうにこそ楽園があると語る。\nしかし、古い予言は、とうの昔に告げていた。\nこの世に、扉など最初から存在しないのだと。\n地上に楽園を築こうとする者は、やがて地獄の門を開くことになるだろう。
Stage_56894_Desc,aTqy,g关卡_Stage_A.csv,2973,Stage,Desc,,这世上本来没有门。\n想要门的人多了，世上便有了各种各样的门。\n人人都说自己的门背后才是天堂。\n然而啊，那古老的预言早已言明，这世上从来就没有门。\n想在人间建立天堂的，终会开启地狱的大门。,この世には、もともと扉など存在しなかった。\nだが、扉を求める者が増えるにつれ、この世にはさまざまな扉が生まれた。\n誰もが、自らの扉の向こうにこそ楽園があると語る。\nしかし、古い予言は、とうの昔に告げていた。\nこの世に、扉など最初から存在しないのだと。\n地上に楽園を築こうとする者は、やがて地獄の門を開くことになるだろう。
Stage_56914_Desc,aTrG,g关卡_Stage_A.csv,2975,Stage,Desc,,她伸出手，邀你做她的舞伴。\n前进，后退，这种默契只你二人独有。\n轻握她的手掌，跟上她的脚步，不要低下绅士的头颅。\n哪怕脚下早已是悬崖边缘。,彼女は手を差し伸べ、あなたを踊りの相手へと誘う。\n前へ——後へ——この絶妙な呼吸は、あなた達二人だけのもの。\nその手をそっと握り、彼女のステップに合わせる。\n紳士的に、決して頭を垂れてはならない。\n——たとえ、足元がすでに崖の縁であったとしても。
Stage_56916_Desc,aTrM,g关卡_Stage_A.csv,2976,Stage,Desc,,她伸出手，邀你做她的舞伴。\n前进，后退，这种默契只你二人独有。\n轻握她的手掌，跟上她的脚步，不要低下绅士的头颅。\n哪怕脚下早已是悬崖边缘。,彼女は手を差し伸べ、あなたを踊りの相手へと誘う。\n前へ——後へ——この絶妙な呼吸は、あなた達二人だけのもの。\nその手をそっと握り、彼女のステップに合わせる。\n紳士的に、決して頭を垂れてはならない。\n——たとえ、足元がすでに崖の縁であったとしても。
Stage_56915_Desc,aTrJ,g关卡_Stage_A.csv,2977,Stage,Desc,,她伸出手，邀你做她的舞伴。\n前进，后退，这种默契只你二人独有。\n轻握她的手掌，跟上她的脚步，不要低下绅士的头颅。\n哪怕脚下早已是悬崖边缘。,彼女は手を差し伸べ、あなたを踊りの相手へと誘う。\n前へ——後へ——この絶妙な呼吸は、あなた達二人だけのもの。\nその手をそっと握り、彼女のステップに合わせる。\n紳士的に、決して頭を垂れてはならない。\n——たとえ、足元がすでに崖の縁であったとしても。
Stage_56912_Desc,aTrA,g关卡_Stage_A.csv,2978,Stage,Desc,,她伸出手，邀你做她的舞伴。\n前进，后退，这种默契只你二人独有。\n轻握她的手掌，跟上她的脚步，不要低下绅士的头颅。\n哪怕脚下早已是悬崖边缘。,彼女は手を差し伸べ、あなたを踊りの相手へと誘う。\n前へ——後へ——この絶妙な呼吸は、あなた達二人だけのもの。\nその手をそっと握り、彼女のステップに合わせる。\n紳士的に、決して頭を垂れてはならない。\n——たとえ、足元がすでに崖の縁であったとしても。
Stage_56911_Desc,aTrx,g关卡_Stage_A.csv,2979,Stage,Desc,,她伸出手，邀你做她的舞伴。\n前进，后退，这种默契只你二人独有。\n轻握她的手掌，跟上她的脚步，不要低下绅士的头颅。\n哪怕脚下早已是悬崖边缘。,彼女は手を差し伸べ、あなたを踊りの相手へと誘う。\n前へ——後へ——この絶妙な呼吸は、あなた達二人だけのもの。\nその手をそっと握り、彼女のステップに合わせる。\n紳士的に、決して頭を垂れてはならない。\n——たとえ、足元がすでに崖の縁であったとしても。
Stage_56913_Desc,aTrD,g关卡_Stage_A.csv,2980,Stage,Desc,,她伸出手，邀你做她的舞伴。\n前进，后退，这种默契只你二人独有。\n轻握她的手掌，跟上她的脚步，不要低下绅士的头颅。\n哪怕脚下早已是悬崖边缘。,彼女は手を差し伸べ、あなたを踊りの相手へと誘う。\n前へ——後へ——この絶妙な呼吸は、あなた達二人だけのもの。\nその手をそっと握り、彼女のステップに合わせる。\n紳士的に、決して頭を垂れてはならない。\n——たとえ、足元がすでに崖の縁であったとしても。
Stage_58461_Desc,aTHz,g关卡_Stage_A.csv,2981,Stage,Desc,,她伸出手，邀你做她的舞伴。\n前进，后退，这种默契只你二人独有。\n轻握她的手掌，跟上她的脚步，不要低下绅士的头颅。\n哪怕脚下早已是悬崖边缘。,彼女は手を差し伸べ、あなたを踊りの相手へと誘う。\n前へ——後へ——この絶妙な呼吸は、あなた達二人だけのもの。\nその手をそっと握り、彼女のステップに合わせる。\n紳士的に、決して頭を垂れてはならない。\n——たとえ、足元がすでに崖の縁であったとしても。
Stage_56902_Name,aTqX,g关卡_Stage_A.csv,2982,Stage,Name,,狂欢舞会·之一,狂騒舞踏会・第一幕
Stage_56902_Desc,aTqW,g关卡_Stage_A.csv,2982,Stage,Desc,,跳吧，跳吧，不要停下你的步伐。\n扬起裙摆，转开圆圈，因这世界早已在漩涡中不停旋转。 \n放下顾虑的一切，加入最后的狂欢。\n只要奋力舞蹈，就能看见永恒的夕阳。,踊れ、踊れ。その足を止めてはならない。\n裾を翻し、くるりと輪を描け。\nこの世界は、とうの昔から渦の中で回り続けているのだから。\nあらゆるためらいを捨て去り、最後の狂宴に加わるのだ。\n力の限り踊り続ければ、永遠の夕陽が見えるだろう。
Stage_56903_Name,aTra,g关卡_Stage_A.csv,2983,Stage,Name,,狂欢舞会·之二,狂騒舞踏会・第二幕
Stage_56903_Desc,aTqZ,g关卡_Stage_A.csv,2983,Stage,Desc,,跳吧，跳吧，不要停下你的步伐。\n扬起裙摆，转开圆圈，因这世界早已在漩涡中不停旋转。 \n放下顾虑的一切，加入最后的狂欢。\n只要奋力舞蹈，就能看见永恒的夕阳。,踊れ、踊れ。その足を止めてはならない。\n裾を翻し、くるりと輪を描け。\nこの世界は、とうの昔から渦の中で回り続けているのだから。\nあらゆるためらいを捨て去り、最後の狂宴に加わるのだ。\n力の限り踊り続ければ、永遠の夕陽が見えるだろう。
Stage_56904_Name,aTrd,g关卡_Stage_A.csv,2984,Stage,Name,,狂欢舞会·之三,狂騒舞踏会・第三幕
Stage_56904_Desc,aTrc,g关卡_Stage_A.csv,2984,Stage,Desc,,跳吧，跳吧，不要停下你的步伐。\n扬起裙摆，转开圆圈，因这世界早已在漩涡中不停旋转。 \n放下顾虑的一切，加入最后的狂欢。\n只要奋力舞蹈，就能看见永恒的夕阳。,踊れ、踊れ。その足を止めてはならない。\n裾を翻し、くるりと輪を描け。\nこの世界は、とうの昔から渦の中で回り続けているのだから。\nあらゆるためらいを捨て去り、最後の狂宴に加わるのだ。\n力の限り踊り続ければ、永遠の夕陽が見えるだろう。
Stage_56905_Name,aTrg,g关卡_Stage_A.csv,2985,Stage,Name,,狂欢舞会·之四,狂騒舞踏会・第四幕
Stage_56905_Desc,aTrf,g关卡_Stage_A.csv,2985,Stage,Desc,,跳吧，跳吧，不要停下你的步伐。\n扬起裙摆，转开圆圈，因这世界早已在漩涡中不停旋转。 \n放下顾虑的一切，加入最后的狂欢。\n只要奋力舞蹈，就能看见永恒的夕阳。,踊れ、踊れ。その足を止めてはならない。\n裾を翻し、くるりと輪を描け。\nこの世界は、とうの昔から渦の中で回り続けているのだから。\nあらゆるためらいを捨て去り、最後の狂宴に加わるのだ。\n力の限り踊り続ければ、永遠の夕陽が見えるだろう。
Stage_56906_Name,aTrj,g关卡_Stage_A.csv,2986,Stage,Name,,狂欢舞会·之五,狂騒舞踏会・第五幕
Stage_56906_Desc,aTri,g关卡_Stage_A.csv,2986,Stage,Desc,,跳吧，跳吧，不要停下你的步伐。\n扬起裙摆，转开圆圈，因这世界早已在漩涡中不停旋转。 \n放下顾虑的一切，加入最后的狂欢。\n只要奋力舞蹈，就能看见永恒的夕阳。,踊れ、踊れ。その足を止めてはならない。\n裾を翻し、くるりと輪を描け。\nこの世界は、とうの昔から渦の中で回り続けているのだから。\nあらゆるためらいを捨て去り、最後の狂宴に加わるのだ。\n力の限り踊り続ければ、永遠の夕陽が見えるだろう。
Stage_56907_Name,aTrm,g关卡_Stage_A.csv,2987,Stage,Name,,狂欢舞会·之六,狂騒舞踏会・第六幕
Stage_56907_Desc,aTrl,g关卡_Stage_A.csv,2987,Stage,Desc,,跳吧，跳吧，不要停下你的步伐。\n扬起裙摆，转开圆圈，因这世界早已在漩涡中不停旋转。 \n放下顾虑的一切，加入最后的狂欢。\n只要奋力舞蹈，就能看见永恒的夕阳。,踊れ、踊れ。その足を止めてはならない。\n裾を翻し、くるりと輪を描け。\nこの世界は、とうの昔から渦の中で回り続けているのだから。\nあらゆるためらいを捨て去り、最後の狂宴に加わるのだ。\n力の限り踊り続ければ、永遠の夕陽が見えるだろう。
Stage_58457_Name,aTHo,g关卡_Stage_A.csv,2988,Stage,Name,,狂欢舞会·癫狂,狂騒舞踏会・超難度
Stage_58457_Desc,aTHn,g关卡_Stage_A.csv,2988,Stage,Desc,,跳吧，跳吧，不要停下你的步伐。\n扬起裙摆，转开圆圈，因这世界早已在漩涡中不停旋转。 \n放下顾虑的一切，加入最后的狂欢。\n只要奋力舞蹈，就能看见永恒的夕阳。,踊れ、踊れ。その足を止めてはならない。\n裾を翻し、くるりと輪を描け。\nこの世界は、とうの昔から渦の中で回り続けているのだから。\nあらゆるためらいを捨て去り、最後の狂宴に加わるのだ。\n力の限り踊り続ければ、永遠の夕陽が見えるだろう。
StageGroup_67786_Name,aRCu,g关卡组_StageGroup_A.csv,17,StageGroup,Name,,长梦尽时,長い夢の終わり
StageGroup_67786_Desc,aRCt,g关卡组_StageGroup_A.csv,17,StageGroup,Desc,,祂做了一场漫长的梦。\n祂梦见神与星辰，梦见尘埃衍化文明，文明化为尘埃。\n祂梦见恨与爱，梦见欢愉与恐惧。 \n祂从睡梦中惊醒。梦境中的一切，从未存在。,それは長い夢を見ていた。\nそれは神と星々の夢を見た。塵が文明に、文明が再び塵へと還る夢を見た。\nそれは憎しみと愛の夢を見た。歓びと恐怖の夢を見た。\nそれはは眠りから目覚め、驚いた。夢のすべては、元より存在していなかった。
StageGroup_67785_Name,aRCq,g关卡组_StageGroup_A.csv,26,StageGroup,Name,,长梦尽时,長い夢の終わり
StageGroup_67785_Desc,aRCp,g关卡组_StageGroup_A.csv,26,StageGroup,Desc,,祂做了一场漫长的梦。\n祂梦见神与星辰，梦见尘埃衍化文明，文明化为尘埃。\n祂梦见恨与爱，梦见欢愉与恐惧。 \n祂从睡梦中惊醒。梦境中的一切，从未存在。,それは長い夢を見ていた。\nそれは神と星々の夢を見た。塵が文明に、文明が再び塵へと還る夢を見た。\nそれは憎しみと愛の夢を見た。歓びと恐怖の夢を見た。\nそれはは眠りから目覚め、驚いた。夢のすべては、元より存在していなかった。
StageGroup_67787_Name,aRCy,g关卡组_StageGroup_A.csv,35,StageGroup,Name,,长梦尽时,長い夢の終わり
StageGroup_67787_Desc,aRCx,g关卡组_StageGroup_A.csv,35,StageGroup,Desc,,祂做了一场漫长的梦。\n祂梦见神与星辰，梦见尘埃衍化文明，文明化为尘埃。\n祂梦见恨与爱，梦见欢愉与恐惧。 \n祂从睡梦中惊醒。梦境中的一切，从未存在。,それは長い夢を見ていた。\nそれは神と星々の夢を見た。塵が文明に、文明が再び塵へと還る夢を見た。\nそれは憎しみと愛の夢を見た。歓びと恐怖の夢を見た。\nそれはは眠りから目覚め、驚いた。夢のすべては、元より存在していなかった。
StageGroup_70939_Desc,aRGV,g关卡组_StageGroup_A.csv,36,StageGroup,Desc,,被灰雾埋葬的旧日废都\n跨越无光的星辰，与无上意志的碎念在毁损维度重逢,灰色の霧に葬られた在りし日の廃都。光なき星々を越え、壊れた次元で至高の意思の欠片と再会する。
StageGroup_70938_Name,bqZc,g关卡组_StageGroup_A.csv,37,StageGroup,Name,,蜕变,変身
StageGroup_70938_Desc,bqZb,g关卡组_StageGroup_A.csv,37,StageGroup,Desc,,群体潜意识构筑的疗养院\n在这里，躯壳的消解并非终点，心灵的死亡才是终结。\n踏入者啊，请保持理智，人性是你穿行心灵迷宫的唯一依仗。,集合的無意識が築き上げた療養所。ここでは、肉体の消滅は終焉にあらず。精神の死こそが、真の終焉である。この地へ足を踏み入れる者よ、理性を手放すな。人間性こそが、心の迷宮を渡り歩くための唯一の道標なのだから。
StageGroup_72075_Desc,aRHd,g关卡组_StageGroup_A.csv,41,StageGroup,Desc,,被灰雾埋葬的旧日废都\n跨越无光的星辰，与无上意志的碎念在毁损维度重逢,灰色の霧に葬られた在りし日の廃都。光なき星々を越え、壊れた次元で至高の意思の欠片と再会する。
StageGroup_72074_Name,bqZg,g关卡组_StageGroup_A.csv,42,StageGroup,Name,,蜕变,変身
StageGroup_72074_Desc,bqZf,g关卡组_StageGroup_A.csv,42,StageGroup,Desc,,群体潜意识构筑的疗养院\n在这里，躯壳的消解并非终点，心灵的死亡才是终结。\n踏入者啊，请保持理智，人性是你穿行心灵迷宫的唯一依仗。,集合的無意識が築き上げた療養所。ここでは、肉体の消滅は終焉にあらず。精神の死こそが、真の終焉である。この地へ足を踏み入れる者よ、理性を手放すな。人間性こそが、心の迷宮を渡り歩くための唯一の道標なのだから。
StageGroup_56457_Name,aRye,g关卡组_StageGroup_A.csv,469,StageGroup,Name,,穷极之门,究極の門
StageGroup_56456_Name,aRya,g关卡组_StageGroup_A.csv,470,StageGroup,Name,,门扉之内,扉の内
StageGroup_56461_Name,aRyu,g关卡组_StageGroup_A.csv,478,StageGroup,Name,,璀璨消亡,輝かしい消滅
StageGroup_56466_Name,aRyO,g关卡组_StageGroup_A.csv,481,StageGroup,Name,,傀儡线,操りの糸
State_80207_Name,btbe,z状态表_State_A.csv,58,State,Name,,<WormholeKeywords:超距>,<WormholeKeywords:超距>
State_62213_Desc,aZdI,z状态表_State_A.csv,302,State,Desc,,造成的虚弱效果变为降低 [Layer]% 造成伤害。,付与する虚弱効果が、与えるダメージを[Layer]%減少させる効果に変わる。
State_73520_Desc,aZUH,z状态表_State_A.csv,4446,State,Desc,,死亡时，保留 1 点生命并免疫所有伤害，将意图转化为「连结解除」。,死亡時、1点のライフを保持し、すべてのダメージを無効化し、行動予測は「連結解除」に変化する。
State_77688_Desc,badQ,z状态表_State_A.csv,4568,State,Desc,,第五回合开始或即将死亡时，免疫死亡并将意图调整为「机械飞升」。,第5ターン開始時または撃破されそうな時、死亡を無効化し、行動予測を「機械昇華」に変化する。
State_77692_Desc,badZ,z状态表_State_A.csv,4569,State,Desc,,回合结束时，召唤 2 个融蚀怪物，至多同时存在 2 个。召唤的融蚀怪物死亡后，「熔毁·朵尔」失去 5% 最大生命。,ターン終了時、融蝕の怪物を2体召喚する。最大2体まで同時に存在可能。召喚された融蝕の怪物が撃破されると、「溶壊・ドール」は最大ライフの5%を失う。
State_77693_Desc,baec,z状态表_State_A.csv,4570,State,Desc,,死亡后「熔毁·朵尔」失去 5% 最大生命。,撃破されると「溶壊・ドール」は最大ライフの5%を失う。
State_77690_Desc,badW,z状态表_State_A.csv,4574,State,Desc,,切换为「半机械形态」后，每有 1 层终末，额外获得 10％ 最大生命。「半机械形态」下「熔毁·朵尔」会随着「终末」层数的增加释放更具威胁性的技能。,「半機械形態」へ切り替えた後、「終末」1点ごとに追加で10%の最大ライフを獲得。「半機械形態」では、「終末」点数が増加するにつれて「溶壊・ドール」がより脅威的なスキルを解放する。
State_78102_Name,baey,z状态表_State_A.csv,4580,State,Name,,超频瘫痪,高周波麻痺
Task_66744_Desc,bhNP,r任务_Task_A.csv,2426,Task,Desc,,最终测试·通关,最終試験・突破
Task_66756_Desc,bhPj,r任务_Task_A.csv,2427,Task,Desc,,最终测试·界域,最終試験・界域
Task_66739_Desc,bhNl,r任务_Task_A.csv,2428,Task,Desc,,最终测试·癫狂,最終試験・超難度
Task_66749_Desc,bhOt,r任务_Task_A.csv,2429,Task,Desc,,通关「启程」任意难度,「旅立ち」を任意の難易度でクリア
Task_66759_Desc,bhPB,r任务_Task_A.csv,2430,Task,Desc,,通关「本性之门」任意难度,「本性の門」を任意の難易度でクリア
Task_66737_Desc,bhMZ,r任务_Task_A.csv,2431,Task,Desc,,通关「是非之门」任意难度,「是非の門」を任意の難易度でクリア
Task_66761_Desc,bhPN,r任务_Task_A.csv,2432,Task,Desc,,通关「理智之门」任意难度,「理知の門」を任意の難易度でクリア
Task_66738_Desc,bhNf,r任务_Task_A.csv,2433,Task,Desc,,通关「知行之门」任意难度,「知行の門」を任意の難易度でクリア
Task_66762_Desc,bhPT,r任务_Task_A.csv,2434,Task,Desc,,通关「归一之门」任意难度,「帰一の門」を任意の難易度でクリア
Task_66741_Desc,bhNx,r任务_Task_A.csv,2435,Task,Desc,,通关「诸世之门」任意难度,「諸世の門」を任意の難易度でクリア
Task_66727_Desc,bhLR,r任务_Task_A.csv,2436,Task,Desc,,通关「穷极之门」任意难度,「究極の門」を任意の難易度でクリア
Task_66752_Desc,bhOL,r任务_Task_A.csv,2437,Task,Desc,,通关「门扉之内」任意难度,「扉の内」を任意の難易度でクリア
Task_66757_Desc,bhPp,r任务_Task_A.csv,2438,Task,Desc,,完成「最终测试·通关」所有任务,「最終試験・突破」のすべての実績を達成
Task_66751_Desc,bhOF,r任务_Task_A.csv,2439,Task,Desc,,使用混沌界域唤醒体在「最终测试」中获胜1次,混沌界域の覚醒体を使用し「最終試験」で1回勝利
Task_66750_Desc,bhOz,r任务_Task_A.csv,2440,Task,Desc,,使用混沌界域唤醒体在「最终测试」中获胜2次,混沌界域の覚醒体を使用し「最終試験」で2回勝利
Task_66733_Desc,bhMB,r任务_Task_A.csv,2441,Task,Desc,,使用深海界域唤醒体在「最终测试」中获胜1次,深海界域の覚醒体を使用し「最終試験」で1回勝利
Task_66735_Desc,bhMN,r任务_Task_A.csv,2442,Task,Desc,,使用深海界域唤醒体在「最终测试」中获胜2次,深海界域の覚醒体を使用し「最終試験」で2回勝利
Task_66746_Desc,bhOb,r任务_Task_A.csv,2443,Task,Desc,,使用血肉界域唤醒体在「最终测试」中获胜1次,血肉界域の覚醒体を使用し「最終試験」で1回勝利
Task_66745_Desc,bhNV,r任务_Task_A.csv,2444,Task,Desc,,使用血肉界域唤醒体在「最终测试」中获胜2次,血肉界域の覚醒体を使用し「最終試験」で2回勝利
Task_66736_Desc,bhMT,r任务_Task_A.csv,2445,Task,Desc,,使用超维界域唤醒体在「最终测试」中获胜1次,超次元界域の覚醒体を使用し「最終試験」で1回勝利
Task_66734_Desc,bhMH,r任务_Task_A.csv,2446,Task,Desc,,使用超维界域唤醒体在「最终测试」中获胜2次,超次元界域の覚醒体を使用し「最終試験」で2回勝利
Task_66724_Desc,bhLz,r任务_Task_A.csv,2447,Task,Desc,,通关「启程」癫狂难度,「旅立ち」を超難度でクリア
Task_66754_Desc,bhOX,r任务_Task_A.csv,2448,Task,Desc,,通关「本性之门」癫狂难度,「本性の門」を超難度でクリア
Task_66728_Desc,bhLX,r任务_Task_A.csv,2449,Task,Desc,,通关「是非之门」癫狂难度,「是非の門」を超難度でクリア
Task_66747_Desc,bhOh,r任务_Task_A.csv,2450,Task,Desc,,通关「理智之门」癫狂难度,「理知の門」を超難度でクリア
Task_66726_Desc,bhLL,r任务_Task_A.csv,2451,Task,Desc,,通关「知行之门」癫狂难度,「知行の門」を超難度でクリア
Task_66748_Desc,bhOn,r任务_Task_A.csv,2452,Task,Desc,,通关「归一之门」癫狂难度,「帰一の門」を超難度でクリア
Task_66725_Desc,bhLF,r任务_Task_A.csv,2453,Task,Desc,,通关「诸世之门」癫狂难度,「諸世の門」を超難度でクリア
Task_66755_Desc,bhPd,r任务_Task_A.csv,2454,Task,Desc,,通关「穷极之门」癫狂难度,「究極の門」を超難度でクリア
Task_66732_Desc,bhMv,r任务_Task_A.csv,2455,Task,Desc,,通关「门扉之内」癫狂难度,「扉の内」を超難度でクリア
Task_66730_Desc,bhMj,r任务_Task_A.csv,2456,Task,Desc,,通关「启程」任意难度,「旅立ち」を任意の難易度でクリア
Task_66753_Desc,bhOR,r任务_Task_A.csv,2457,Task,Desc,,通关「本性之门」任意难度,「本性の門」を任意の難易度でクリア
Task_66731_Desc,bhMp,r任务_Task_A.csv,2458,Task,Desc,,通关「是非之门」任意难度,「是非の門」を任意の難易度でクリア
Task_66758_Desc,bhPv,r任务_Task_A.csv,2459,Task,Desc,,通关「理智之门」任意难度,「理知の門」を任意の難易度でクリア
Task_66740_Desc,bhNr,r任务_Task_A.csv,2460,Task,Desc,,通关「知行之门」任意难度,「知行の門」を任意の難易度でクリア
Task_66729_Desc,bhMd,r任务_Task_A.csv,2461,Task,Desc,,通关「归一之门」任意难度,「帰一の門」を任意の難易度でクリア
Task_66760_Desc,bhPH,r任务_Task_A.csv,2462,Task,Desc,,通关「诸世之门」任意难度,「諸世の門」を任意の難易度でクリア
Task_66742_Desc,bhND,r任务_Task_A.csv,2463,Task,Desc,,通关「穷极之门」任意难度,「究極の門」を任意の難易度でクリア
Task_66743_Desc,bhNJ,r任务_Task_A.csv,2464,Task,Desc,,通关「门扉之内」任意难度,「扉の内」を任意の難易度でクリア
Task_71368_Desc,biqd,r任务_Task_A.csv,3721,Task,Desc,,通关「傀儡线」任意难度,「操り糸」を任意の難易度でクリア
Task_71365_Desc,bipL,r任务_Task_A.csv,3725,Task,Desc,,完成「虚无之门·通关」所有成就,「虚無の扉・突破」のすべての実績を達成
Task_71344_Desc,binp,r任务_Task_A.csv,3726,Task,Desc,,使用混沌界域唤醒体在「虚无之门」中获胜1次,混沌界域の覚醒体を使用し「虚無の扉」で1回勝利
Task_71345_Desc,binv,r任务_Task_A.csv,3727,Task,Desc,,使用混沌界域唤醒体在「虚无之门」中获胜2次,混沌界域の覚醒体を使用し「虚無の扉」で2回勝利
Task_71369_Desc,biqj,r任务_Task_A.csv,3730,Task,Desc,,使用血肉界域唤醒体在「虚无之门」中获胜1次,血肉界域の覚醒体を使用し「虚無の扉」で1回勝利
Task_71359_Desc,bipb,r任务_Task_A.csv,3731,Task,Desc,,使用血肉界域唤醒体在「虚无之门」中获胜2次,血肉界域の覚醒体を使用し「虚無の扉」で2回勝利
Task_71358_Desc,bioV,r任务_Task_A.csv,3739,Task,Desc,,通关「傀儡线」癫狂难度,「操り糸」を超難度でクリア